999
dxfrw 0.6.3
  0
SECTION
  2
HEADER
  9
$ACADVER
  1
AC1021
  9
$DWGCODEPAGE
  3
ANSI_1252
  9
$INSBASE
 10
0
 20
0
 30
0
  9
$EXTMIN
 10
3.868571062992126
 20
-6.644789763779527
 30
0
  9
$EXTMAX
 10
9.440273700787401
 20
-2.900871259842519
 30
0
  9
$LIMMIN
 10
0
 20
0
  9
$LIMMAX
 10
420
 20
297
  9
$ORTHOMODE
 70
    0
  9
$REGENMODE
 70
    1
  9
$FILLMODE
 70
    1
  9
$QTEXTMODE
 70
    0
  9
$MIRRTEXT
 70
    0
  9
$LTSCALE
 40
1
  9
$ATTMODE
 70
    0
  9
$TEXTSIZE
 40
2.5
  9
$TRACEWID
 40
15.68
  9
$TEXTSTYLE
  7
STANDARD
  9
$CLAYER
  8
0
  9
$CELTYPE
  6
BYLAYER
  9
$CECOLOR
 62
  256
  9
$CELTSCALE
 40
1
  9
$DISPSILH
 70
    0
  9
$DIMSCALE
 40
2.5
  9
$DIMASZ
 40
2.5
  9
$DIMEXO
 40
0.625
  9
$DIMDLI
 40
3.75
  9
$DIMRND
 40
0
  9
$DIMDLE
 40
0
  9
$DIMEXE
 40
1.25
  9
$DIMTP
 40
0
  9
$DIMTM
 40
0
  9
$DIMTXT
 40
2.5
  9
$DIMCEN
 40
2.5
  9
$DIMTSZ
 40
0
  9
$DIMTOL
 70
    0
  9
$DIMLIM
 70
    0
  9
$DIMTIH
 70
    0
  9
$DIMTOH
 70
    0
  9
$DIMSE1
 70
    0
  9
$DIMSE2
 70
    0
  9
$DIMTAD
 70
    1
  9
$DIMZIN
 70
    8
  9
$DIMBLK
  1

  9
$DIMASO
 70
    1
  9
$DIMSHO
 70
    1
  9
$DIMPOST
  1

  9
$DIMAPOST
  1

  9
$DIMALT
 70
    0
  9
$DIMALTD
 70
    3
  9
$DIMALTF
 40
0.03937
  9
$DIMLFAC
 40
1
  9
$DIMTOFL
 70
    1
  9
$DIMTVP
 40
0
  9
$DIMTIX
 70
    0
  9
$DIMSOXD
 70
    0
  9
$DIMSAH
 70
    0
  9
$DIMBLK1
  1

  9
$DIMBLK2
  1

  9
$DIMSTYLE
  2
Standard
  9
$DIMCLRD
 70
    0
  9
$DIMCLRE
 70
    0
  9
$DIMCLRT
 70
    0
  9
$DIMTFAC
 40
1
  9
$DIMGAP
 40
0.625
  9
$DIMJUST
 70
    0
  9
$DIMSD1
 70
    0
  9
$DIMSD2
 70
    0
  9
$DIMTOLJ
 70
    0
  9
$DIMTZIN
 70
    8
  9
$DIMALTZ
 70
    0
  9
$DIMALTTZ
 70
    0
  9
$DIMUPT
 70
    0
  9
$DIMDEC
 70
    4
  9
$DIMTDEC
 70
    2
  9
$DIMALTU
 70
    2
  9
$DIMALTTD
 70
    3
  9
$DIMTXSTY
  7
STANDARD
  9
$DIMAUNIT
 70
    0
  9
$DIMADEC
 70
    0
  9
$DIMALTRND
 40
0
  9
$DIMAZIN
 70
    0
  9
$DIMDSEP
 70
   44
  9
$DIMATFIT
 70
    3
  9
$DIMFRAC
 70
    0
  9
$DIMLDRBLK
  1
STANDARD
  9
$DIMLUNIT
 70
    2
  9
$DIMLWD
 70
   -2
  9
$DIMLWE
 70
   -2
  9
$DIMTMOVE
 70
    0
  9
$DIMFXL
 40
1
  9
$DIMFXLON
 70
    0
  9
$DIMJOGANG
 40
0.7854
  9
$DIMTFILL
 70
    0
  9
$DIMTFILLCLR
 70
    0
  9
$DIMARCSYM
 70
    0
  9
$DIMLTYPE
  6

  9
$DIMLTEX1
  6

  9
$DIMLTEX2
  6

  9
$LUNITS
 70
    2
  9
$LUPREC
 70
    4
  9
$SKETCHINC
 40
1
  9
$FILLETRAD
 40
0
  9
$AUNITS
 70
    0
  9
$AUPREC
 70
    2
  9
$MENU
  1
.
  9
$ELEVATION
 40
0
  9
$PELEVATION
 40
0
  9
$THICKNESS
 40
0
  9
$LIMCHECK
 70
    0
  9
$CHAMFERA
 40
0
  9
$CHAMFERB
 40
0
  9
$CHAMFERC
 40
0
  9
$CHAMFERD
 40
0
  9
$SKPOLY
 70
    0
  9
$USRTIMER
 70
    1
  9
$ANGBASE
 50
0
  9
$ANGDIR
 70
    1
  9
$PDMODE
 70
   96
  9
$PDSIZE
 40
-2
  9
$PLINEWID
 40
0
  9
$SPLFRAME
 70
    0
  9
$SPLINETYPE
 70
    2
  9
$SPLINESEGS
 70
    8
  9
$HANDSEED
  5
20000
  9
$SURFTAB1
 70
    6
  9
$SURFTAB2
 70
    6
  9
$SURFTYPE
 70
    6
  9
$SURFU
 70
    6
  9
$SURFV
 70
    6
  9
$UCSBASE
  2

  9
$UCSNAME
  2

  9
$UCSORG
 10
0
 20
0
 30
0
  9
$UCSXDIR
 10
1
 20
0
 30
0
  9
$UCSYDIR
 10
0
 20
1
 30
0
  9
$UCSORTHOREF
  2

  9
$UCSORTHOVIEW
 70
    0
  9
$UCSORGTOP
 10
0
 20
0
 30
0
  9
$UCSORGBOTTOM
 10
0
 20
0
 30
0
  9
$UCSORGLEFT
 10
0
 20
0
 30
0
  9
$UCSORGRIGHT
 10
0
 20
0
 30
0
  9
$UCSORGFRONT
 10
0
 20
0
 30
0
  9
$UCSORGBACK
 10
0
 20
0
 30
0
  9
$PUCSBASE
  2

  9
$PUCSNAME
  2

  9
$PUCSORG
 10
0
 20
0
 30
0
  9
$PUCSXDIR
 10
1
 20
0
 30
0
  9
$PUCSYDIR
 10
0
 20
1
 30
0
  9
$PUCSORTHOREF
  2

  9
$PUCSORTHOVIEW
 70
    0
  9
$PUCSORGTOP
 10
0
 20
0
 30
0
  9
$PUCSORGBOTTOM
 10
0
 20
0
 30
0
  9
$PUCSORGLEFT
 10
0
 20
0
 30
0
  9
$PUCSORGRIGHT
 10
0
 20
0
 30
0
  9
$PUCSORGFRONT
 10
0
 20
0
 30
0
  9
$PUCSORGBACK
 10
0
 20
0
 30
0
  9
$USERI1
 70
    0
  9
$USERI2
 70
    0
  9
$USERI3
 70
    0
  9
$USERI4
 70
    0
  9
$USERI5
 70
    0
  9
$USERR1
 40
0
  9
$USERR2
 40
0
  9
$USERR3
 40
0
  9
$USERR4
 40
0
  9
$USERR5
 40
0
  9
$WORLDVIEW
 70
    1
  9
$SHADEDGE
 70
    3
  9
$SHADEDIF
 70
   70
  9
$TILEMODE
 70
    1
  9
$MAXACTVP
 70
   64
  9
$PINSBASE
 10
0
 20
0
 30
0
  9
$PLIMCHECK
 70
    0
  9
$PEXTMIN
 10
0
 20
0
 30
0
  9
$PEXTMAX
 10
0
 20
0
 30
0
  9
$SNAPSTYLE
 70
    0
  9
$PLIMMIN
 10
0
 20
0
  9
$PLIMMAX
 10
210
 20
297
  9
$UNITMODE
 70
    0
  9
$VISRETAIN
 70
    1
  9
$PLINEGEN
 70
    0
  9
$PSLTSCALE
 70
    1
  9
$TREEDEPTH
 70
 3020
  9
$CMLSTYLE
  2
Standard
  9
$CMLJUST
 70
    0
  9
$CMLSCALE
 40
20
  9
$PROXYGRAPHICS
 70
    1
  9
$MEASUREMENT
 70
    0
  9
$CELWEIGHT
370
   -1
  9
$ENDCAPS
280
    0
  9
$JOINSTYLE
280
    0
  9
$LWDISPLAY
290
    0
  9
$INSUNITS
 70
    1
  9
$HYPERLINKBASE
  1

  9
$STYLESHEET
  1

  9
$XEDIT
290
    1
  9
$CEPSNTYPE
380
    0
  9
$PSTYLEMODE
290
    1
  9
$EXTNAMES
290
    1
  9
$PSVPSCALE
 40
1
  9
$OLESTARTUP
290
    0
  9
$SORTENTS
280
  127
  9
$INDEXCTL
280
    0
  9
$HIDETEXT
280
    1
  9
$XCLIPFRAME
290
    0
  9
$HALOGAP
280
    0
  9
$OBSCOLOR
 70
  257
  9
$OBSLTYPE
280
    0
  9
$INTERSECTIONDISPLAY
280
    0
  9
$INTERSECTIONCOLOR
 70
  257
  9
$DIMASSOC
280
    1
  9
$PROJECTNAME
  1

  9
$CAMERADISPLAY
290
    0
  9
$LENSLENGTH
 40
50
  9
$CAMERAHEIGHT
 40
0
  9
$STEPSPERSEC
 40
2
  9
$STEPSIZE
 40
50
  9
$3DDWFPREC
 40
2
  9
$PSOLWIDTH
 40
5
  9
$PSOLHEIGHT
 40
80
  9
$LOFTANG1
 40
1.570796326794897
  9
$LOFTANG2
 40
1.570796326794897
  9
$LOFTMAG1
 40
0
  9
$LOFTMAG2
 40
0
  9
$LOFTPARAM
 70
    7
  9
$LOFTNORMALS
280
    1
  9
$LATITUDE
 40
1
  9
$LONGITUDE
 40
1
  9
$NORTHDIRECTION
 40
0
  9
$TIMEZONE
 70
-8000
  9
$LIGHTGLYPHDISPLAY
280
    1
  9
$TILEMODELIGHTSYNCH
280
    1
  9
$SOLIDHIST
280
    1
  9
$SHOWHIST
280
    1
  9
$DWFFRAME
280
    2
  9
$DGNFRAME
280
    0
  9
$REALWORLDSCALE
290
    1
  9
$INTERFERECOLOR
 62
    1
  9
$CSHADOW
280
    0
  9
$SHADOWPLANELOCATION
 40
0
  0
ENDSEC
  0
SECTION
  2
CLASSES
  0
ENDSEC
  0
SECTION
  2
TABLES
  0
TABLE
  2
VPORT
  5
8
330
0
100
AcDbSymbolTable
 70
    1
  0
VPORT
  5
31
330
2
100
AcDbSymbolTableRecord
100
AcDbViewportTableRecord
  2
*ACTIVE
 70
    0
 10
0
 20
0
 11
1
 21
1
 12
4.925205114245308
 22
-0.7969055814542034
 13
0
 23
0
 14
10
 24
10
 15
10
 25
10
 16
0
 26
0
 36
1
 17
0
 27
0
 37
0
 40
4.711601556329748
 41
1.72101133391456
 42
50
 43
0
 44
0
 50
0
 51
0
 71
    0
 72
  100
 73
    1
 74
    3
 75
    0
 76
    1
 77
    0
 78
    0
281
    0
 65
    1
110
0
120
0
130
0
111
1
121
0
131
0
112
0
122
1
132
0
 79
    0
146
0
348
10020
 60
    7
 61
    5
292
1
282
    1
141
0
142
0
 63
  250
421
3358443
  0
ENDTAB
  0
TABLE
  2
LTYPE
  5
5
330
0
100
AcDbSymbolTable
 70
    4
  0
LTYPE
  5
14
330
5
100
AcDbSymbolTableRecord
100
AcDbLinetypeTableRecord
  2
ByBlock
 70
    0
  3

 72
   65
 73
    0
 40
0
  0
LTYPE
  5
15
330
5
100
AcDbSymbolTableRecord
100
AcDbLinetypeTableRecord
  2
ByLayer
 70
    0
  3

 72
   65
 73
    0
 40
0
  0
LTYPE
  5
16
330
5
100
AcDbSymbolTableRecord
100
AcDbLinetypeTableRecord
  2
Continuous
 70
    0
  3
Solid line
 72
   65
 73
    0
 40
0
  0
LTYPE
  5
32
330
5
100
AcDbSymbolTableRecord
100
AcDbLinetypeTableRecord
  2
DOT
 70
    0
  3
Dot . . . . . . . . . . . . . . . . . . . . . .
 72
   65
 73
    2
 40
6.35
 49
0
 74
    0
 49
-6.35
 74
    0
  0
LTYPE
  5
33
330
5
100
AcDbSymbolTableRecord
100
AcDbLinetypeTableRecord
  2
DOTTINY
 70
    0
  3
Dot (.15x) .....................................
 72
   65
 73
    2
 40
0.9525
 49
0
 74
    0
 49
-0.9525
 74
    0
  0
LTYPE
  5
34
330
5
100
AcDbSymbolTableRecord
100
AcDbLinetypeTableRecord
  2
DOT2
 70
    0
  3
Dot (.5x) .....................................
 72
   65
 73
    2
 40
3.175
 49
0
 74
    0
 49
-3.175
 74
    0
  0
LTYPE
  5
35
330
5
100
AcDbSymbolTableRecord
100
AcDbLinetypeTableRecord
  2
DOTX2
 70
    0
  3
Dot (2x) .  .  .  .  .  .  .  .  .  .  .  .  .
 72
   65
 73
    2
 40
12.7
 49
0
 74
    0
 49
-12.7
 74
    0
  0
LTYPE
  5
36
330
5
100
AcDbSymbolTableRecord
100
AcDbLinetypeTableRecord
  2
DASHED
 70
    0
  3
Dashed _ _ _ _ _ _ _ _ _ _ _ _ _ _ _ _ _
 72
   65
 73
    2
 40
19.05
 49
12.7
 74
    0
 49
-6.35
 74
    0
  0
LTYPE
  5
37
330
5
100
AcDbSymbolTableRecord
100
AcDbLinetypeTableRecord
  2
DASHEDTINY
 70
    0
  3
Dashed (.15x) _ _ _ _ _ _ _ _ _ _ _ _ _ _ _ _ _
 72
   65
 73
    2
 40
2.8575
 49
1.905
 74
    0
 49
-0.9525
 74
    0
  0
LTYPE
  5
38
330
5
100
AcDbSymbolTableRecord
100
AcDbLinetypeTableRecord
  2
DASHED2
 70
    0
  3
Dashed (.5x) _ _ _ _ _ _ _ _ _ _ _ _ _ _ _ _ _
 72
   65
 73
    2
 40
9.524999999999999
 49
6.35
 74
    0
 49
-3.175
 74
    0
  0
LTYPE
  5
39
330
5
100
AcDbSymbolTableRecord
100
AcDbLinetypeTableRecord
  2
DASHEDX2
 70
    0
  3
Dashed (2x) ____  ____  ____  ____  ____  ___
 72
   65
 73
    2
 40
38.09999999999999
 49
25.4
 74
    0
 49
-12.7
 74
    0
  0
LTYPE
  5
3A
330
5
100
AcDbSymbolTableRecord
100
AcDbLinetypeTableRecord
  2
DASHDOT
 70
    0
  3
Dash dot __ . __ . __ . __ . __ . __ . __ . __
 72
   65
 73
    4
 40
25.4
 49
12.7
 74
    0
 49
-6.35
 74
    0
 49
0
 74
    0
 49
-6.35
 74
    0
  0
LTYPE
  5
3B
330
5
100
AcDbSymbolTableRecord
100
AcDbLinetypeTableRecord
  2
DASHDOTTINY
 70
    0
  3
Dash dot (.15x) _._._._._._._._._._._._._._._.
 72
   65
 73
    4
 40
3.81
 49
1.905
 74
    0
 49
-0.9525
 74
    0
 49
0
 74
    0
 49
-0.9525
 74
    0
  0
LTYPE
  5
3C
330
5
100
AcDbSymbolTableRecord
100
AcDbLinetypeTableRecord
  2
DASHDOT2
 70
    0
  3
Dash dot (.5x) _._._._._._._._._._._._._._._.
 72
   65
 73
    4
 40
12.7
 49
6.35
 74
    0
 49
-3.175
 74
    0
 49
0
 74
    0
 49
-3.175
 74
    0
  0
LTYPE
  5
3D
330
5
100
AcDbSymbolTableRecord
100
AcDbLinetypeTableRecord
  2
DASHDOTX2
 70
    0
  3
Dash dot (2x) ____  .  ____  .  ____  .  ___
 72
   65
 73
    4
 40
50.8
 49
25.4
 74
    0
 49
-12.7
 74
    0
 49
0
 74
    0
 49
-12.7
 74
    0
  0
LTYPE
  5
3E
330
5
100
AcDbSymbolTableRecord
100
AcDbLinetypeTableRecord
  2
DIVIDE
 70
    0
  3
Divide ____ . . ____ . . ____ . . ____ . . ____
 72
   65
 73
    6
 40
31.75
 49
12.7
 74
    0
 49
-6.35
 74
    0
 49
0
 74
    0
 49
-6.35
 74
    0
 49
0
 74
    0
 49
-6.35
 74
    0
  0
LTYPE
  5
3F
330
5
100
AcDbSymbolTableRecord
100
AcDbLinetypeTableRecord
  2
DIVIDETINY
 70
    0
  3
Divide (.15x) __..__..__..__..__..__..__..__.._
 72
   65
 73
    6
 40
4.7625
 49
1.905
 74
    0
 49
-0.9525
 74
    0
 49
0
 74
    0
 49
-0.9525
 74
    0
 49
0
 74
    0
 49
-0.9525
 74
    0
  0
LTYPE
  5
40
330
5
100
AcDbSymbolTableRecord
100
AcDbLinetypeTableRecord
  2
DIVIDE2
 70
    0
  3
Divide (.5x) __..__..__..__..__..__..__..__.._
 72
   65
 73
    6
 40
15.875
 49
6.35
 74
    0
 49
-3.175
 74
    0
 49
0
 74
    0
 49
-3.175
 74
    0
 49
0
 74
    0
 49
-3.175
 74
    0
  0
LTYPE
  5
41
330
5
100
AcDbSymbolTableRecord
100
AcDbLinetypeTableRecord
  2
DIVIDEX2
 70
    0
  3
Divide (2x) ________  .  .  ________  .  .  _
 72
   65
 73
    6
 40
63.5
 49
25.4
 74
    0
 49
-12.7
 74
    0
 49
0
 74
    0
 49
-12.7
 74
    0
 49
0
 74
    0
 49
-12.7
 74
    0
  0
LTYPE
  5
42
330
5
100
AcDbSymbolTableRecord
100
AcDbLinetypeTableRecord
  2
BORDER
 70
    0
  3
Border __ __ . __ __ . __ __ . __ __ . __ __ .
 72
   65
 73
    6
 40
44.45
 49
12.7
 74
    0
 49
-6.35
 74
    0
 49
12.7
 74
    0
 49
-6.35
 74
    0
 49
0
 74
    0
 49
-6.35
 74
    0
  0
LTYPE
  5
43
330
5
100
AcDbSymbolTableRecord
100
AcDbLinetypeTableRecord
  2
BORDERTINY
 70
    0
  3
Border (.15x) __.__.__.__.__.__.__.__.__.__.__.
 72
   65
 73
    6
 40
6.6675
 49
1.905
 74
    0
 49
-0.9525
 74
    0
 49
1.905
 74
    0
 49
-0.9525
 74
    0
 49
0
 74
    0
 49
-0.9525
 74
    0
  0
LTYPE
  5
44
330
5
100
AcDbSymbolTableRecord
100
AcDbLinetypeTableRecord
  2
BORDER2
 70
    0
  3
Border (.5x) __.__.__.__.__.__.__.__.__.__.__.
 72
   65
 73
    6
 40
22.225
 49
6.35
 74
    0
 49
-3.175
 74
    0
 49
6.35
 74
    0
 49
-3.175
 74
    0
 49
0
 74
    0
 49
-3.175
 74
    0
  0
LTYPE
  5
45
330
5
100
AcDbSymbolTableRecord
100
AcDbLinetypeTableRecord
  2
BORDERX2
 70
    0
  3
Border (2x) ____  ____  .  ____  ____  .  ___
 72
   65
 73
    6
 40
88.89999999999999
 49
25.4
 74
    0
 49
-12.7
 74
    0
 49
25.4
 74
    0
 49
-12.7
 74
    0
 49
0
 74
    0
 49
-12.7
 74
    0
  0
LTYPE
  5
46
330
5
100
AcDbSymbolTableRecord
100
AcDbLinetypeTableRecord
  2
CENTER
 70
    0
  3
Center ____ _ ____ _ ____ _ ____ _ ____ _ ____
 72
   65
 73
    4
 40
50.8
 49
31.75
 74
    0
 49
-6.35
 74
    0
 49
6.35
 74
    0
 49
-6.35
 74
    0
  0
LTYPE
  5
47
330
5
100
AcDbSymbolTableRecord
100
AcDbLinetypeTableRecord
  2
CENTERTINY
 70
    0
  3
Center (.15x) ___ _ ___ _ ___ _ ___ _ ___ _ ___
 72
   65
 73
    4
 40
7.619999999999999
 49
4.7625
 74
    0
 49
-0.9525
 74
    0
 49
0.9525
 74
    0
 49
-0.9525
 74
    0
  0
LTYPE
  5
48
330
5
100
AcDbSymbolTableRecord
100
AcDbLinetypeTableRecord
  2
CENTER2
 70
    0
  3
Center (.5x) ___ _ ___ _ ___ _ ___ _ ___ _ ___
 72
   65
 73
    4
 40
28.575
 49
19.05
 74
    0
 49
-3.175
 74
    0
 49
3.175
 74
    0
 49
-3.175
 74
    0
  0
LTYPE
  5
49
330
5
100
AcDbSymbolTableRecord
100
AcDbLinetypeTableRecord
  2
CENTERX2
 70
    0
  3
Center (2x) ________  __  ________  __  _____
 72
   65
 73
    4
 40
101.6
 49
63.5
 74
    0
 49
-12.7
 74
    0
 49
12.7
 74
    0
 49
-12.7
 74
    0
  0
ENDTAB
  0
TABLE
  2
LAYER
  5
2
330
0
100
AcDbSymbolTable
 70
    1
  0
LAYER
  5
10
330
2
100
AcDbSymbolTableRecord
100
AcDbLayerTableRecord
  2
0
 70
    0
 62
    7
  6
CONTINUOUS
370
   -3
390
F
  0
LAYER
  5
4A
330
2
100
AcDbSymbolTableRecord
100
AcDbLayerTableRecord
  2
User.1
 70
    0
 62
    9
420
12763842
  6
CONTINUOUS
370
   -3
390
F
  0
ENDTAB
  0
TABLE
  2
STYLE
  5
3
330
0
100
AcDbSymbolTable
 70
    3
  0
STYLE
  5
4B
330
2
100
AcDbSymbolTableRecord
100
AcDbTextStyleTableRecord
  2
Standard
 70
    0
 40
0
 41
1
 50
0
 71
    0
 42
1
  3
txt
  4

  0
ENDTAB
  0
TABLE
  2
VIEW
  5
6
330
0
100
AcDbSymbolTable
 70
    0
  0
ENDTAB
  0
TABLE
  2
UCS
  5
7
330
0
100
AcDbSymbolTable
 70
    0
  0
ENDTAB
  0
TABLE
  2
APPID
  5
9
330
0
100
AcDbSymbolTable
 70
    1
  0
APPID
  5
12
330
9
100
AcDbSymbolTableRecord
100
AcDbRegAppTableRecord
  2
ACAD
 70
    0
  0
APPID
  5
4C
330
9
100
AcDbSymbolTableRecord
100
AcDbRegAppTableRecord
  2
LibreCad
 70
    0
  0
ENDTAB
  0
TABLE
  2
DIMSTYLE
  5
A
330
0
100
AcDbSymbolTable
 70
    1
100
AcDbDimStyleTable
 71
    1
  0
DIMSTYLE
105
4D
330
A
100
AcDbSymbolTableRecord
100
AcDbDimStyleTableRecord
  2
Standard
 70
    0
 40
1
 41
2.5
 42
0.625
 43
0.38
 44
1.25
 45
0
 46
0
 47
0
 48
0
 49
1
140
2.5
141
0.09
142
2.5
143
25.4
144
1
145
0
146
1
147
0.625
148
0
 71
    0
 72
    0
 73
    0
 74
    1
 75
    0
 76
    0
 77
    0
 78
    1
 79
    0
170
    0
171
    2
172
    0
173
    0
174
    0
175
    0
176
    0
177
    0
178
    0
179
    0
271
    4
272
    4
273
    2
274
    2
275
    0
276
    0
277
    2
278
    0
279
    0
280
    0
281
    0
282
    0
283
    1
284
    0
285
    0
286
    0
288
    0
289
    3
340
4B
  0
ENDTAB
  0
TABLE
  2
BLOCK_RECORD
  5
1
330
0
100
AcDbSymbolTable
 70
    2
  0
BLOCK_RECORD
  5
1F
330
1
100
AcDbSymbolTableRecord
100
AcDbBlockTableRecord
  2
*Model_Space
 70
    0
280
    1
281
    0
  0
BLOCK_RECORD
  5
1E
330
1
100
AcDbSymbolTableRecord
100
AcDbBlockTableRecord
  2
*Paper_Space
 70
    0
280
    1
281
    0
  0
ENDTAB
  0
ENDSEC
  0
SECTION
  2
BLOCKS
  0
BLOCK
  5
20
330
1F
100
AcDbEntity
  8
0
100
AcDbBlockBegin
  2
*Model_Space
 70
    0
 10
0
 20
0
 30
0
  3
*Model_Space
  1

  0
ENDBLK
  5
21
330
1F
100
AcDbEntity
  8
0
100
AcDbBlockEnd
  0
BLOCK
  5
1C
330
1B
100
AcDbEntity
  8
0
100
AcDbBlockBegin
  2
*Paper_Space
 70
    0
 10
0
 20
0
 30
0
  3
*Paper_Space
  1

  0
ENDBLK
  5
1D
330
1F
100
AcDbEntity
  8
0
100
AcDbBlockEnd
  0
ENDSEC
  0
SECTION
  2
ENTITIES
  0
LINE
  5
4E
100
AcDbEntity
  8
User.1
  6
CONTINUOUS
 62
  256
370
   -1
100
AcDbLine
 10
7.71043748031496
 20
-5.440596653543307
 11
7.711012401574803
 21
-5.44066342519685
  0
LINE
  5
4F
100
AcDbEntity
  8
User.1
  6
CONTINUOUS
 62
  256
370
   -1
100
AcDbLine
 10
7.711012401574803
 20
-5.44066342519685
 11
7.71101248031496
 21
-5.440663464566929
  0
LINE
  5
50
100
AcDbEntity
  8
User.1
  6
CONTINUOUS
 62
  256
370
   -1
100
AcDbLine
 10
7.71101248031496
 20
-5.440663464566929
 11
7.712069015748031
 21
-5.441122874015748
  0
LINE
  5
51
100
AcDbEntity
  8
User.1
  6
CONTINUOUS
 62
  256
370
   -1
100
AcDbLine
 10
7.712069015748031
 20
-5.441122874015748
 11
7.712869330708661
 21
-5.441951614173228
  0
LINE
  5
52
100
AcDbEntity
  8
User.1
  6
CONTINUOUS
 62
  256
370
   -1
100
AcDbLine
 10
7.712869330708661
 20
-5.441951614173228
 11
7.71329157480315
 21
-5.443023543307087
  0
LINE
  5
53
100
AcDbEntity
  8
User.1
  6
CONTINUOUS
 62
  256
370
   -1
100
AcDbLine
 10
7.71329157480315
 20
-5.443023543307087
 11
7.713338267716535
 21
-5.443600511811024
  0
LINE
  5
54
100
AcDbEntity
  8
User.1
  6
CONTINUOUS
 62
  256
370
   -1
100
AcDbLine
 10
7.713338267716535
 20
-5.443600511811024
 11
7.700338740157481
 21
-6.188342755905512
  0
LINE
  5
55
100
AcDbEntity
  8
User.1
  6
CONTINUOUS
 62
  256
370
   -1
100
AcDbLine
 10
7.700338740157481
 20
-6.188342755905512
 11
7.836581417322835
 21
-5.453242992125984
  0
LINE
  5
56
100
AcDbEntity
  8
User.1
  6
CONTINUOUS
 62
  256
370
   -1
100
AcDbLine
 10
7.836581417322835
 20
-5.453242992125984
 11
7.83674216535433
 21
-5.452686929133858
  0
LINE
  5
57
100
AcDbEntity
  8
User.1
  6
CONTINUOUS
 62
  256
370
   -1
100
AcDbLine
 10
7.83674216535433
 20
-5.452686929133858
 11
7.83736968503937
 21
-5.451720669291339
  0
LINE
  5
58
100
AcDbEntity
  8
User.1
  6
CONTINUOUS
 62
  256
370
   -1
100
AcDbLine
 10
7.83736968503937
 20
-5.451720669291339
 11
7.838319133858268
 21
-5.451068149606299
  0
LINE
  5
59
100
AcDbEntity
  8
User.1
  6
CONTINUOUS
 62
  256
370
   -1
100
AcDbLine
 10
7.838319133858268
 20
-5.451068149606299
 11
7.839446062992126
 21
-5.450828582677166
  0
LINE
  5
5A
100
AcDbEntity
  8
User.1
  6
CONTINUOUS
 62
  256
370
   -1
100
AcDbLine
 10
7.839446062992126
 20
-5.450828582677166
 11
7.840022834645669
 21
-5.45087779527559
  0
LINE
  5
5B
100
AcDbEntity
  8
User.1
  6
CONTINUOUS
 62
  256
370
   -1
100
AcDbLine
 10
7.840022834645669
 20
-5.45087779527559
 11
8.577464015748031
 21
-5.587554409448819
  0
LINE
  5
5C
100
AcDbEntity
  8
User.1
  6
CONTINUOUS
 62
  256
370
   -1
100
AcDbLine
 10
8.577464015748031
 20
-5.587554409448819
 11
8.578020078740158
 21
-5.587715157480315
  0
LINE
  5
5D
100
AcDbEntity
  8
User.1
  6
CONTINUOUS
 62
  256
370
   -1
100
AcDbLine
 10
8.578020078740158
 20
-5.587715157480315
 11
8.578986299212598
 21
-5.588342637795275
  0
LINE
  5
5E
100
AcDbEntity
  8
User.1
  6
CONTINUOUS
 62
  256
370
   -1
100
AcDbLine
 10
8.578986299212598
 20
-5.588342637795275
 11
8.579638858267716
 21
-5.589292125984252
  0
LINE
  5
5F
100
AcDbEntity
  8
User.1
  6
CONTINUOUS
 62
  256
370
   -1
100
AcDbLine
 10
8.579638858267716
 20
-5.589292125984252
 11
8.579878425196851
 21
-5.59041905511811
  0
LINE
  5
60
100
AcDbEntity
  8
User.1
  6
CONTINUOUS
 62
  256
370
   -1
100
AcDbLine
 10
8.579878425196851
 20
-5.59041905511811
 11
8.579829212598424
 21
-5.590995826771653
  0
LINE
  5
61
100
AcDbEntity
  8
User.1
  6
CONTINUOUS
 62
  256
370
   -1
100
AcDbLine
 10
8.579829212598424
 20
-5.590995826771653
 11
8.444130669291338
 21
-6.323159763779527
  0
LINE
  5
62
100
AcDbEntity
  8
User.1
  6
CONTINUOUS
 62
  256
370
   -1
100
AcDbLine
 10
8.444130669291338
 20
-6.323159763779527
 11
8.752201496062993
 21
-5.647160039370078
  0
LINE
  5
63
100
AcDbEntity
  8
User.1
  6
CONTINUOUS
 62
  256
370
   -1
100
AcDbLine
 10
8.752201496062993
 20
-5.647160039370078
 11
8.752492007874016
 21
-5.64665937007874
  0
LINE
  5
64
100
AcDbEntity
  8
User.1
  6
CONTINUOUS
 62
  256
370
   -1
100
AcDbLine
 10
8.752492007874016
 20
-5.64665937007874
 11
8.753334606299212
 21
-5.645873622047244
  0
LINE
  5
65
100
AcDbEntity
  8
User.1
  6
CONTINUOUS
 62
  256
370
   -1
100
AcDbLine
 10
8.753334606299212
 20
-5.645873622047244
 11
8.75441374015748
 21
-5.645470157480315
  0
LINE
  5
66
100
AcDbEntity
  8
User.1
  6
CONTINUOUS
 62
  256
370
   -1
100
AcDbLine
 10
8.75441374015748
 20
-5.645470157480315
 11
8.755565157480314
 21
-5.645510354330709
  0
LINE
  5
67
100
AcDbEntity
  8
User.1
  6
CONTINUOUS
 62
  256
370
   -1
100
AcDbLine
 10
8.755565157480314
 20
-5.645510354330709
 11
8.756112874015749
 21
-5.645697637795275
  0
LINE
  5
68
100
AcDbEntity
  8
User.1
  6
CONTINUOUS
 62
  256
370
   -1
100
AcDbLine
 10
8.756112874015749
 20
-5.645697637795275
 11
9.438583818897637
 21
-5.956717559055118
  0
LINE
  5
69
100
AcDbEntity
  8
User.1
  6
CONTINUOUS
 62
  256
370
   -1
100
AcDbLine
 10
9.438583818897637
 20
-5.956717559055118
 11
9.439084488188977
 21
-5.957008070866141
  0
LINE
  5
6A
100
AcDbEntity
  8
User.1
  6
CONTINUOUS
 62
  256
370
   -1
100
AcDbLine
 10
9.439084488188977
 20
-5.957008070866141
 11
9.439870236220472
 21
-5.957850669291338
  0
LINE
  5
6B
100
AcDbEntity
  8
User.1
  6
CONTINUOUS
 62
  256
370
   -1
100
AcDbLine
 10
9.439870236220472
 20
-5.957850669291338
 11
9.440273700787401
 21
-5.958929803149606
  0
LINE
  5
6C
100
AcDbEntity
  8
User.1
  6
CONTINUOUS
 62
  256
370
   -1
100
AcDbLine
 10
9.440273700787401
 20
-5.958929803149606
 11
9.440233503937007
 21
-5.960081220472441
  0
LINE
  5
6D
100
AcDbEntity
  8
User.1
  6
CONTINUOUS
 62
  256
370
   -1
100
AcDbLine
 10
9.440233503937007
 20
-5.960081220472441
 11
9.440046220472441
 21
-5.960628937007874
  0
LINE
  5
6E
100
AcDbEntity
  8
User.1
  6
CONTINUOUS
 62
  256
370
   -1
100
AcDbLine
 10
9.440046220472441
 20
-5.960628937007874
 11
9.129026299212597
 21
-6.643099881889763
  0
LINE
  5
6F
100
AcDbEntity
  8
User.1
  6
CONTINUOUS
 62
  256
370
   -1
100
AcDbLine
 10
9.129026299212597
 20
-6.643099881889763
 11
9.128735787401574
 21
-6.643600551181102
  0
LINE
  5
70
100
AcDbEntity
  8
User.1
  6
CONTINUOUS
 62
  256
370
   -1
100
AcDbLine
 10
9.128735787401574
 20
-6.643600551181102
 11
9.127893188976378
 21
-6.644386299212599
  0
LINE
  5
71
100
AcDbEntity
  8
User.1
  6
CONTINUOUS
 62
  256
370
   -1
100
AcDbLine
 10
9.127893188976378
 20
-6.644386299212599
 11
9.126814055118111
 21
-6.644789763779527
  0
LINE
  5
72
100
AcDbEntity
  8
User.1
  6
CONTINUOUS
 62
  256
370
   -1
100
AcDbLine
 10
9.126814055118111
 20
-6.644789763779527
 11
9.125662637795275
 21
-6.644749566929134
  0
LINE
  5
73
100
AcDbEntity
  8
User.1
  6
CONTINUOUS
 62
  256
370
   -1
100
AcDbLine
 10
9.125662637795275
 20
-6.644749566929134
 11
9.125114921259842
 21
-6.644562283464567
  0
LINE
  5
74
100
AcDbEntity
  8
User.1
  6
CONTINUOUS
 62
  256
370
   -1
100
AcDbLine
 10
9.125114921259842
 20
-6.644562283464567
 11
8.442643976377953
 21
-6.333542362204724
  0
LINE
  5
75
100
AcDbEntity
  8
User.1
  6
CONTINUOUS
 62
  256
370
   -1
100
AcDbLine
 10
8.442643976377953
 20
-6.333542362204724
 11
8.442143307086614
 21
-6.333251850393701
  0
LINE
  5
76
100
AcDbEntity
  8
User.1
  6
CONTINUOUS
 62
  256
370
   -1
100
AcDbLine
 10
8.442143307086614
 20
-6.333251850393701
 11
8.441357559055119
 21
-6.332409251968504
  0
LINE
  5
77
100
AcDbEntity
  8
User.1
  6
CONTINUOUS
 62
  256
370
   -1
100
AcDbLine
 10
8.441357559055119
 20
-6.332409251968504
 11
8.440954094488189
 21
-6.331330118110236
  0
LINE
  5
78
100
AcDbEntity
  8
User.1
  6
CONTINUOUS
 62
  256
370
   -1
100
AcDbLine
 10
8.440954094488189
 20
-6.331330118110236
 11
8.440975905511811
 21
-6.330705157480315
  0
LINE
  5
79
100
AcDbEntity
  8
User.1
  6
CONTINUOUS
 62
  256
370
   -1
100
AcDbLine
 10
8.440975905511811
 20
-6.330705157480315
 11
8.440287952755906
 21
-6.330851417322834
  0
LINE
  5
7A
100
AcDbEntity
  8
User.1
  6
CONTINUOUS
 62
  256
370
   -1
100
AcDbLine
 10
8.440287952755906
 20
-6.330851417322834
 11
8.439711181102362
 21
-6.330802204724409
  0
LINE
  5
7B
100
AcDbEntity
  8
User.1
  6
CONTINUOUS
 62
  256
370
   -1
100
AcDbLine
 10
8.439711181102362
 20
-6.330802204724409
 11
7.70227
 21
-6.194125590551181
  0
LINE
  5
7C
100
AcDbEntity
  8
User.1
  6
CONTINUOUS
 62
  256
370
   -1
100
AcDbLine
 10
7.70227
 20
-6.194125590551181
 11
7.701713937007874
 21
-6.193964842519684
  0
LINE
  5
7D
100
AcDbEntity
  8
User.1
  6
CONTINUOUS
 62
  256
370
   -1
100
AcDbLine
 10
7.701713937007874
 20
-6.193964842519684
 11
7.700747716535433
 21
-6.193337322834646
  0
LINE
  5
7E
100
AcDbEntity
  8
User.1
  6
CONTINUOUS
 62
  256
370
   -1
100
AcDbLine
 10
7.700747716535433
 20
-6.193337322834646
 11
7.700263858267716
 21
-6.192633307086614
  0
LINE
  5
7F
100
AcDbEntity
  8
User.1
  6
CONTINUOUS
 62
  256
370
   -1
100
AcDbLine
 10
7.700263858267716
 20
-6.192633307086614
 11
7.700248976377953
 21
-6.193486259842519
  0
LINE
  5
80
100
AcDbEntity
  8
User.1
  6
CONTINUOUS
 62
  256
370
   -1
100
AcDbLine
 10
7.700248976377953
 20
-6.193486259842519
 11
7.700182165354331
 21
-6.19406125984252
  0
LINE
  5
81
100
AcDbEntity
  8
User.1
  6
CONTINUOUS
 62
  256
370
   -1
100
AcDbLine
 10
7.700182165354331
 20
-6.19406125984252
 11
7.699722755905512
 21
-6.19511779527559
  0
LINE
  5
82
100
AcDbEntity
  8
User.1
  6
CONTINUOUS
 62
  256
370
   -1
100
AcDbLine
 10
7.699722755905512
 20
-6.19511779527559
 11
7.698894015748031
 21
-6.19591811023622
  0
LINE
  5
83
100
AcDbEntity
  8
User.1
  6
CONTINUOUS
 62
  256
370
   -1
100
AcDbLine
 10
7.698894015748031
 20
-6.19591811023622
 11
7.697822086614173
 21
-6.196340354330709
  0
LINE
  5
84
100
AcDbEntity
  8
User.1
  6
CONTINUOUS
 62
  256
370
   -1
100
AcDbLine
 10
7.697822086614173
 20
-6.196340354330709
 11
7.697245118110236
 21
-6.196387047244095
  0
LINE
  5
85
100
AcDbEntity
  8
User.1
  6
CONTINUOUS
 62
  256
370
   -1
100
AcDbLine
 10
7.697245118110236
 20
-6.196387047244095
 11
6.94735937007874
 21
-6.183297755905512
  0
LINE
  5
86
100
AcDbEntity
  8
User.1
  6
CONTINUOUS
 62
  256
370
   -1
100
AcDbLine
 10
6.94735937007874
 20
-6.183297755905512
 11
6.94678437007874
 21
-6.183230944881889
  0
LINE
  5
87
100
AcDbEntity
  8
User.1
  6
CONTINUOUS
 62
  256
370
   -1
100
AcDbLine
 10
6.94678437007874
 20
-6.183230944881889
 11
6.945727834645669
 21
-6.182771535433071
  0
LINE
  5
88
100
AcDbEntity
  8
User.1
  6
CONTINUOUS
 62
  256
370
   -1
100
AcDbLine
 10
6.945727834645669
 20
-6.182771535433071
 11
6.944927519685039
 21
-6.181942795275591
  0
LINE
  5
89
100
AcDbEntity
  8
User.1
  6
CONTINUOUS
 62
  256
370
   -1
100
AcDbLine
 10
6.944927519685039
 20
-6.181942795275591
 11
6.944505275590551
 21
-6.180870866141732
  0
LINE
  5
8A
100
AcDbEntity
  8
User.1
  6
CONTINUOUS
 62
  256
370
   -1
100
AcDbLine
 10
6.944505275590551
 20
-6.180870866141732
 11
6.944458582677165
 21
-6.180293897637795
  0
LINE
  5
8B
100
AcDbEntity
  8
User.1
  6
CONTINUOUS
 62
  256
370
   -1
100
AcDbLine
 10
6.944458582677165
 20
-6.180293897637795
 11
6.957547874015748
 21
-5.430408149606299
  0
LINE
  5
8C
100
AcDbEntity
  8
User.1
  6
CONTINUOUS
 62
  256
370
   -1
100
AcDbLine
 10
6.957547874015748
 20
-5.430408149606299
 11
6.95761468503937
 21
-5.429833188976378
  0
LINE
  5
8D
100
AcDbEntity
  8
User.1
  6
CONTINUOUS
 62
  256
370
   -1
100
AcDbLine
 10
6.95761468503937
 20
-5.429833188976378
 11
6.958074094488189
 21
-5.428776614173228
  0
LINE
  5
8E
100
AcDbEntity
  8
User.1
  6
CONTINUOUS
 62
  256
370
   -1
100
AcDbLine
 10
6.958074094488189
 20
-5.428776614173228
 11
6.958902834645669
 21
-5.427976299212598
  0
LINE
  5
8F
100
AcDbEntity
  8
User.1
  6
CONTINUOUS
 62
  256
370
   -1
100
AcDbLine
 10
6.958902834645669
 20
-5.427976299212598
 11
6.959974763779528
 21
-5.42755405511811
  0
LINE
  5
90
100
AcDbEntity
  8
User.1
  6
CONTINUOUS
 62
  256
370
   -1
100
AcDbLine
 10
6.959974763779528
 20
-5.42755405511811
 11
6.960551732283465
 21
-5.427507362204724
  0
LINE
  5
91
100
AcDbEntity
  8
User.1
  6
CONTINUOUS
 62
  256
370
   -1
100
AcDbLine
 10
6.960551732283465
 20
-5.427507362204724
 11
7.71043748031496
 21
-5.440596653543307
  0
LINE
  5
92
100
AcDbEntity
  8
User.1
  6
CONTINUOUS
 62
  256
370
   -1
100
AcDbLine
 10
9.433447952755905
 20
-5.960866850393701
 11
8.756350787401574
 21
-5.652295866141732
  0
LINE
  5
93
100
AcDbEntity
  8
User.1
  6
CONTINUOUS
 62
  256
370
   -1
100
AcDbLine
 10
7.706249488188976
 20
-6.188857047244094
 11
8.43788405511811
 21
-6.324457480314961
  0
LINE
  5
94
100
AcDbEntity
  8
User.1
  6
CONTINUOUS
 62
  256
370
   -1
100
AcDbLine
 10
8.573484488188976
 20
-5.592822913385826
 11
7.841849921259842
 21
-5.457222480314961
  0
LINE
  5
95
100
AcDbEntity
  8
User.1
  6
CONTINUOUS
 62
  256
370
   -1
100
AcDbLine
 10
7.841849921259842
 20
-5.457222480314961
 11
7.706249488188976
 21
-6.188857047244094
  0
LINE
  5
96
100
AcDbEntity
  8
User.1
  6
CONTINUOUS
 62
  256
370
   -1
100
AcDbLine
 10
6.950414724409448
 20
-6.177444606299212
 11
7.694395826771653
 21
-6.190430866141732
  0
LINE
  5
97
100
AcDbEntity
  8
User.1
  6
CONTINUOUS
 62
  256
370
   -1
100
AcDbLine
 10
7.694395826771653
 20
-6.190430866141732
 11
7.707382086614173
 21
-5.446449763779527
  0
LINE
  5
98
100
AcDbEntity
  8
User.1
  6
CONTINUOUS
 62
  256
370
   -1
100
AcDbLine
 10
7.707382086614173
 20
-5.446449763779527
 11
6.963400984251968
 21
-5.433463503937007
  0
LINE
  5
99
100
AcDbEntity
  8
User.1
  6
CONTINUOUS
 62
  256
370
   -1
100
AcDbLine
 10
6.963400984251968
 20
-5.433463503937007
 11
6.950414724409448
 21
-6.177444606299212
  0
LINE
  5
9A
100
AcDbEntity
  8
User.1
  6
CONTINUOUS
 62
  256
370
   -1
100
AcDbLine
 10
4.717564094488189
 20
-3.826132598425197
 11
4.719081496062992
 21
-3.82765
  0
LINE
  5
9B
100
AcDbEntity
  8
User.1
  6
CONTINUOUS
 62
  256
370
   -1
100
AcDbLine
 10
4.719081496062992
 20
-3.82765
 11
4.719902755905512
 21
-3.829632637795275
  0
LINE
  5
9C
100
AcDbEntity
  8
User.1
  6
CONTINUOUS
 62
  256
370
   -1
100
AcDbLine
 10
4.719902755905512
 20
-3.829632637795275
 11
4.719902755905512
 21
-3.831778622047244
  0
LINE
  5
9D
100
AcDbEntity
  8
User.1
  6
CONTINUOUS
 62
  256
370
   -1
100
AcDbLine
 10
4.719902755905512
 20
-3.831778622047244
 11
4.719081496062992
 21
-3.833761259842519
  0
LINE
  5
9E
100
AcDbEntity
  8
User.1
  6
CONTINUOUS
 62
  256
370
   -1
100
AcDbLine
 10
4.719081496062992
 20
-3.833761259842519
 11
4.717564094488189
 21
-3.835278661417323
  0
LINE
  5
9F
100
AcDbEntity
  8
User.1
  6
CONTINUOUS
 62
  256
370
   -1
100
AcDbLine
 10
4.717564094488189
 20
-3.835278661417323
 11
4.715581456692913
 21
-3.836099921259843
  0
LINE
  5
A0
100
AcDbEntity
  8
User.1
  6
CONTINUOUS
 62
  256
370
   -1
100
AcDbLine
 10
4.715581456692913
 20
-3.836099921259843
 11
4.713435472440945
 21
-3.836099921259843
  0
LINE
  5
A1
100
AcDbEntity
  8
User.1
  6
CONTINUOUS
 62
  256
370
   -1
100
AcDbLine
 10
4.713435472440945
 20
-3.836099921259843
 11
4.711452834645669
 21
-3.835278661417323
  0
LINE
  5
A2
100
AcDbEntity
  8
User.1
  6
CONTINUOUS
 62
  256
370
   -1
100
AcDbLine
 10
4.711452834645669
 20
-3.835278661417323
 11
4.709935433070866
 21
-3.833761259842519
  0
LINE
  5
A3
100
AcDbEntity
  8
User.1
  6
CONTINUOUS
 62
  256
370
   -1
100
AcDbLine
 10
4.709935433070866
 20
-3.833761259842519
 11
4.709114173228346
 21
-3.831778622047244
  0
LINE
  5
A4
100
AcDbEntity
  8
User.1
  6
CONTINUOUS
 62
  256
370
   -1
100
AcDbLine
 10
4.709114173228346
 20
-3.831778622047244
 11
4.709114173228346
 21
-3.829810551181102
  0
LINE
  5
A5
100
AcDbEntity
  8
User.1
  6
CONTINUOUS
 62
  256
370
   -1
100
AcDbLine
 10
4.709114173228346
 20
-3.829810551181102
 11
4.709114173228346
 21
-3.829632637795275
  0
LINE
  5
A6
100
AcDbEntity
  8
User.1
  6
CONTINUOUS
 62
  256
370
   -1
100
AcDbLine
 10
4.709114173228346
 20
-3.829632637795275
 11
4.709935433070866
 21
-3.82765
  0
LINE
  5
A7
100
AcDbEntity
  8
User.1
  6
CONTINUOUS
 62
  256
370
   -1
100
AcDbLine
 10
4.709935433070866
 20
-3.82765
 11
4.711452834645669
 21
-3.826132598425197
  0
LINE
  5
A8
100
AcDbEntity
  8
User.1
  6
CONTINUOUS
 62
  256
370
   -1
100
AcDbLine
 10
4.711452834645669
 20
-3.826132598425197
 11
4.713435472440945
 21
-3.825311338582677
  0
LINE
  5
A9
100
AcDbEntity
  8
User.1
  6
CONTINUOUS
 62
  256
370
   -1
100
AcDbLine
 10
4.713435472440945
 20
-3.825311338582677
 11
4.715581456692913
 21
-3.825311338582677
  0
LINE
  5
AA
100
AcDbEntity
  8
User.1
  6
CONTINUOUS
 62
  256
370
   -1
100
AcDbLine
 10
4.715581456692913
 20
-3.825311338582677
 11
4.717564094488189
 21
-3.826132598425197
  0
LINE
  5
AB
100
AcDbEntity
  8
User.1
  6
CONTINUOUS
 62
  256
370
   -1
100
AcDbLine
 10
4.710008503937008
 20
-3.831600708661417
 11
4.710693582677165
 21
-3.833254645669291
  0
LINE
  5
AC
100
AcDbEntity
  8
User.1
  6
CONTINUOUS
 62
  256
370
   -1
100
AcDbLine
 10
4.710693582677165
 20
-3.833254645669291
 11
4.711959448818898
 21
-3.834520511811024
  0
LINE
  5
AD
100
AcDbEntity
  8
User.1
  6
CONTINUOUS
 62
  256
370
   -1
100
AcDbLine
 10
4.711959448818898
 20
-3.834520511811024
 11
4.713613385826772
 21
-3.835205590551181
  0
LINE
  5
AE
100
AcDbEntity
  8
User.1
  6
CONTINUOUS
 62
  256
370
   -1
100
AcDbLine
 10
4.713613385826772
 20
-3.835205590551181
 11
4.715403543307087
 21
-3.835205590551181
  0
LINE
  5
AF
100
AcDbEntity
  8
User.1
  6
CONTINUOUS
 62
  256
370
   -1
100
AcDbLine
 10
4.715403543307087
 20
-3.835205590551181
 11
4.717057480314961
 21
-3.834520511811024
  0
LINE
  5
B0
100
AcDbEntity
  8
User.1
  6
CONTINUOUS
 62
  256
370
   -1
100
AcDbLine
 10
4.717057480314961
 20
-3.834520511811024
 11
4.718323346456692
 21
-3.833254645669291
  0
LINE
  5
B1
100
AcDbEntity
  8
User.1
  6
CONTINUOUS
 62
  256
370
   -1
100
AcDbLine
 10
4.718323346456692
 20
-3.833254645669291
 11
4.719008425196851
 21
-3.831600708661417
  0
LINE
  5
B2
100
AcDbEntity
  8
User.1
  6
CONTINUOUS
 62
  256
370
   -1
100
AcDbLine
 10
4.719008425196851
 20
-3.831600708661417
 11
4.719008425196851
 21
-3.829810551181102
  0
LINE
  5
B3
100
AcDbEntity
  8
User.1
  6
CONTINUOUS
 62
  256
370
   -1
100
AcDbLine
 10
4.719008425196851
 20
-3.829810551181102
 11
4.718323346456692
 21
-3.828156614173228
  0
LINE
  5
B4
100
AcDbEntity
  8
User.1
  6
CONTINUOUS
 62
  256
370
   -1
100
AcDbLine
 10
4.718323346456692
 20
-3.828156614173228
 11
4.717057480314961
 21
-3.826890748031496
  0
LINE
  5
B5
100
AcDbEntity
  8
User.1
  6
CONTINUOUS
 62
  256
370
   -1
100
AcDbLine
 10
4.717057480314961
 20
-3.826890748031496
 11
4.715403543307087
 21
-3.826205669291339
  0
LINE
  5
B6
100
AcDbEntity
  8
User.1
  6
CONTINUOUS
 62
  256
370
   -1
100
AcDbLine
 10
4.715403543307087
 20
-3.826205669291339
 11
4.713613385826772
 21
-3.826205669291339
  0
LINE
  5
B7
100
AcDbEntity
  8
User.1
  6
CONTINUOUS
 62
  256
370
   -1
100
AcDbLine
 10
4.713613385826772
 20
-3.826205669291339
 11
4.711959448818898
 21
-3.826890748031496
  0
LINE
  5
B8
100
AcDbEntity
  8
User.1
  6
CONTINUOUS
 62
  256
370
   -1
100
AcDbLine
 10
4.711959448818898
 20
-3.826890748031496
 11
4.710693582677165
 21
-3.828156614173228
  0
LINE
  5
B9
100
AcDbEntity
  8
User.1
  6
CONTINUOUS
 62
  256
370
   -1
100
AcDbLine
 10
4.710693582677165
 20
-3.828156614173228
 11
4.710008503937008
 21
-3.829810551181102
  0
LINE
  5
BA
100
AcDbEntity
  8
User.1
  6
CONTINUOUS
 62
  256
370
   -1
100
AcDbLine
 10
4.710008503937008
 20
-3.829810551181102
 11
4.710008503937008
 21
-3.831600708661417
  0
LINE
  5
BB
100
AcDbEntity
  8
User.1
  6
CONTINUOUS
 62
  256
370
   -1
100
AcDbLine
 10
5.315280905511811
 20
-3.773839133858268
 11
5.316798346456693
 21
-3.775356574803149
  0
LINE
  5
BC
100
AcDbEntity
  8
User.1
  6
CONTINUOUS
 62
  256
370
   -1
100
AcDbLine
 10
5.316798346456693
 20
-3.775356574803149
 11
5.317619606299212
 21
-3.777339212598425
  0
LINE
  5
BD
100
AcDbEntity
  8
User.1
  6
CONTINUOUS
 62
  256
370
   -1
100
AcDbLine
 10
5.317619606299212
 20
-3.777339212598425
 11
5.317619606299212
 21
-3.779485196850394
  0
LINE
  5
BE
100
AcDbEntity
  8
User.1
  6
CONTINUOUS
 62
  256
370
   -1
100
AcDbLine
 10
5.317619606299212
 20
-3.779485196850394
 11
5.316798346456693
 21
-3.781467834645669
  0
LINE
  5
BF
100
AcDbEntity
  8
User.1
  6
CONTINUOUS
 62
  256
370
   -1
100
AcDbLine
 10
5.316798346456693
 20
-3.781467834645669
 11
5.315280905511811
 21
-3.782985275590551
  0
LINE
  5
C0
100
AcDbEntity
  8
User.1
  6
CONTINUOUS
 62
  256
370
   -1
100
AcDbLine
 10
5.315280905511811
 20
-3.782985275590551
 11
5.313298267716536
 21
-3.783806535433071
  0
LINE
  5
C1
100
AcDbEntity
  8
User.1
  6
CONTINUOUS
 62
  256
370
   -1
100
AcDbLine
 10
5.313298267716536
 20
-3.783806535433071
 11
5.311152283464567
 21
-3.783806535433071
  0
LINE
  5
C2
100
AcDbEntity
  8
User.1
  6
CONTINUOUS
 62
  256
370
   -1
100
AcDbLine
 10
5.311152283464567
 20
-3.783806535433071
 11
5.309169645669291
 21
-3.782985275590551
  0
LINE
  5
C3
100
AcDbEntity
  8
User.1
  6
CONTINUOUS
 62
  256
370
   -1
100
AcDbLine
 10
5.309169645669291
 20
-3.782985275590551
 11
5.307652204724409
 21
-3.781467834645669
  0
LINE
  5
C4
100
AcDbEntity
  8
User.1
  6
CONTINUOUS
 62
  256
370
   -1
100
AcDbLine
 10
5.307652204724409
 20
-3.781467834645669
 11
5.30683094488189
 21
-3.779485196850394
  0
LINE
  5
C5
100
AcDbEntity
  8
User.1
  6
CONTINUOUS
 62
  256
370
   -1
100
AcDbLine
 10
5.30683094488189
 20
-3.779485196850394
 11
5.30683094488189
 21
-3.777517086614173
  0
LINE
  5
C6
100
AcDbEntity
  8
User.1
  6
CONTINUOUS
 62
  256
370
   -1
100
AcDbLine
 10
5.30683094488189
 20
-3.777517086614173
 11
5.30683094488189
 21
-3.777339212598425
  0
LINE
  5
C7
100
AcDbEntity
  8
User.1
  6
CONTINUOUS
 62
  256
370
   -1
100
AcDbLine
 10
5.30683094488189
 20
-3.777339212598425
 11
5.307652204724409
 21
-3.775356574803149
  0
LINE
  5
C8
100
AcDbEntity
  8
User.1
  6
CONTINUOUS
 62
  256
370
   -1
100
AcDbLine
 10
5.307652204724409
 20
-3.775356574803149
 11
5.309169645669291
 21
-3.773839133858268
  0
LINE
  5
C9
100
AcDbEntity
  8
User.1
  6
CONTINUOUS
 62
  256
370
   -1
100
AcDbLine
 10
5.309169645669291
 20
-3.773839133858268
 11
5.311152283464567
 21
-3.773017874015748
  0
LINE
  5
CA
100
AcDbEntity
  8
User.1
  6
CONTINUOUS
 62
  256
370
   -1
100
AcDbLine
 10
5.311152283464567
 20
-3.773017874015748
 11
5.313298267716536
 21
-3.773017874015748
  0
LINE
  5
CB
100
AcDbEntity
  8
User.1
  6
CONTINUOUS
 62
  256
370
   -1
100
AcDbLine
 10
5.313298267716536
 20
-3.773017874015748
 11
5.315280905511811
 21
-3.773839133858268
  0
LINE
  5
CC
100
AcDbEntity
  8
User.1
  6
CONTINUOUS
 62
  256
370
   -1
100
AcDbLine
 10
5.307725275590551
 20
-3.779307322834645
 11
5.308410354330708
 21
-3.78096125984252
  0
LINE
  5
CD
100
AcDbEntity
  8
User.1
  6
CONTINUOUS
 62
  256
370
   -1
100
AcDbLine
 10
5.308410354330708
 20
-3.78096125984252
 11
5.309676220472441
 21
-3.782227125984252
  0
LINE
  5
CE
100
AcDbEntity
  8
User.1
  6
CONTINUOUS
 62
  256
370
   -1
100
AcDbLine
 10
5.309676220472441
 20
-3.782227125984252
 11
5.311330157480315
 21
-3.782912204724409
  0
LINE
  5
CF
100
AcDbEntity
  8
User.1
  6
CONTINUOUS
 62
  256
370
   -1
100
AcDbLine
 10
5.311330157480315
 20
-3.782912204724409
 11
5.313120393700787
 21
-3.782912204724409
  0
LINE
  5
D0
100
AcDbEntity
  8
User.1
  6
CONTINUOUS
 62
  256
370
   -1
100
AcDbLine
 10
5.313120393700787
 20
-3.782912204724409
 11
5.314774330708661
 21
-3.782227125984252
  0
LINE
  5
D1
100
AcDbEntity
  8
User.1
  6
CONTINUOUS
 62
  256
370
   -1
100
AcDbLine
 10
5.314774330708661
 20
-3.782227125984252
 11
5.316040196850394
 21
-3.78096125984252
  0
LINE
  5
D2
100
AcDbEntity
  8
User.1
  6
CONTINUOUS
 62
  256
370
   -1
100
AcDbLine
 10
5.316040196850394
 20
-3.78096125984252
 11
5.316725275590551
 21
-3.779307322834645
  0
LINE
  5
D3
100
AcDbEntity
  8
User.1
  6
CONTINUOUS
 62
  256
370
   -1
100
AcDbLine
 10
5.316725275590551
 20
-3.779307322834645
 11
5.316725275590551
 21
-3.777517086614173
  0
LINE
  5
D4
100
AcDbEntity
  8
User.1
  6
CONTINUOUS
 62
  256
370
   -1
100
AcDbLine
 10
5.316725275590551
 20
-3.777517086614173
 11
5.316040196850394
 21
-3.775863149606299
  0
LINE
  5
D5
100
AcDbEntity
  8
User.1
  6
CONTINUOUS
 62
  256
370
   -1
100
AcDbLine
 10
5.316040196850394
 20
-3.775863149606299
 11
5.314774330708661
 21
-3.774597283464567
  0
LINE
  5
D6
100
AcDbEntity
  8
User.1
  6
CONTINUOUS
 62
  256
370
   -1
100
AcDbLine
 10
5.314774330708661
 20
-3.774597283464567
 11
5.313120393700787
 21
-3.77391220472441
  0
LINE
  5
D7
100
AcDbEntity
  8
User.1
  6
CONTINUOUS
 62
  256
370
   -1
100
AcDbLine
 10
5.313120393700787
 20
-3.77391220472441
 11
5.311330157480315
 21
-3.77391220472441
  0
LINE
  5
D8
100
AcDbEntity
  8
User.1
  6
CONTINUOUS
 62
  256
370
   -1
100
AcDbLine
 10
5.311330157480315
 20
-3.77391220472441
 11
5.309676220472441
 21
-3.774597283464567
  0
LINE
  5
D9
100
AcDbEntity
  8
User.1
  6
CONTINUOUS
 62
  256
370
   -1
100
AcDbLine
 10
5.309676220472441
 20
-3.774597283464567
 11
5.308410354330708
 21
-3.775863149606299
  0
LINE
  5
DA
100
AcDbEntity
  8
User.1
  6
CONTINUOUS
 62
  256
370
   -1
100
AcDbLine
 10
5.308410354330708
 20
-3.775863149606299
 11
5.307725275590551
 21
-3.777517086614173
  0
LINE
  5
DB
100
AcDbEntity
  8
User.1
  6
CONTINUOUS
 62
  256
370
   -1
100
AcDbLine
 10
5.307725275590551
 20
-3.777517086614173
 11
5.307725275590551
 21
-3.779307322834645
  0
LINE
  5
DC
100
AcDbEntity
  8
User.1
  6
CONTINUOUS
 62
  256
370
   -1
100
AcDbLine
 10
4.708848543307086
 20
-3.72651311023622
 11
4.710365984251968
 21
-3.728030551181102
  0
LINE
  5
DD
100
AcDbEntity
  8
User.1
  6
CONTINUOUS
 62
  256
370
   -1
100
AcDbLine
 10
4.710365984251968
 20
-3.728030551181102
 11
4.711187244094488
 21
-3.730013188976378
  0
LINE
  5
DE
100
AcDbEntity
  8
User.1
  6
CONTINUOUS
 62
  256
370
   -1
100
AcDbLine
 10
4.711187244094488
 20
-3.730013188976378
 11
4.711187244094488
 21
-3.732159173228347
  0
LINE
  5
DF
100
AcDbEntity
  8
User.1
  6
CONTINUOUS
 62
  256
370
   -1
100
AcDbLine
 10
4.711187244094488
 20
-3.732159173228347
 11
4.710365984251968
 21
-3.734141811023622
  0
LINE
  5
E0
100
AcDbEntity
  8
User.1
  6
CONTINUOUS
 62
  256
370
   -1
100
AcDbLine
 10
4.710365984251968
 20
-3.734141811023622
 11
4.708848543307086
 21
-3.735659251968504
  0
LINE
  5
E1
100
AcDbEntity
  8
User.1
  6
CONTINUOUS
 62
  256
370
   -1
100
AcDbLine
 10
4.708848543307086
 20
-3.735659251968504
 11
4.706865905511811
 21
-3.736480511811024
  0
LINE
  5
E2
100
AcDbEntity
  8
User.1
  6
CONTINUOUS
 62
  256
370
   -1
100
AcDbLine
 10
4.706865905511811
 20
-3.736480511811024
 11
4.704719921259843
 21
-3.736480511811024
  0
LINE
  5
E3
100
AcDbEntity
  8
User.1
  6
CONTINUOUS
 62
  256
370
   -1
100
AcDbLine
 10
4.704719921259843
 20
-3.736480511811024
 11
4.702737283464566
 21
-3.735659251968504
  0
LINE
  5
E4
100
AcDbEntity
  8
User.1
  6
CONTINUOUS
 62
  256
370
   -1
100
AcDbLine
 10
4.702737283464566
 20
-3.735659251968504
 11
4.701219842519685
 21
-3.734141811023622
  0
LINE
  5
E5
100
AcDbEntity
  8
User.1
  6
CONTINUOUS
 62
  256
370
   -1
100
AcDbLine
 10
4.701219842519685
 20
-3.734141811023622
 11
4.700398582677165
 21
-3.732159173228347
  0
LINE
  5
E6
100
AcDbEntity
  8
User.1
  6
CONTINUOUS
 62
  256
370
   -1
100
AcDbLine
 10
4.700398582677165
 20
-3.732159173228347
 11
4.700398582677165
 21
-3.730191062992126
  0
LINE
  5
E7
100
AcDbEntity
  8
User.1
  6
CONTINUOUS
 62
  256
370
   -1
100
AcDbLine
 10
4.700398582677165
 20
-3.730191062992126
 11
4.700398582677165
 21
-3.730013188976378
  0
LINE
  5
E8
100
AcDbEntity
  8
User.1
  6
CONTINUOUS
 62
  256
370
   -1
100
AcDbLine
 10
4.700398582677165
 20
-3.730013188976378
 11
4.701219842519685
 21
-3.728030551181102
  0
LINE
  5
E9
100
AcDbEntity
  8
User.1
  6
CONTINUOUS
 62
  256
370
   -1
100
AcDbLine
 10
4.701219842519685
 20
-3.728030551181102
 11
4.702737283464566
 21
-3.72651311023622
  0
LINE
  5
EA
100
AcDbEntity
  8
User.1
  6
CONTINUOUS
 62
  256
370
   -1
100
AcDbLine
 10
4.702737283464566
 20
-3.72651311023622
 11
4.704719921259843
 21
-3.725691850393701
  0
LINE
  5
EB
100
AcDbEntity
  8
User.1
  6
CONTINUOUS
 62
  256
370
   -1
100
AcDbLine
 10
4.704719921259843
 20
-3.725691850393701
 11
4.706865905511811
 21
-3.725691850393701
  0
LINE
  5
EC
100
AcDbEntity
  8
User.1
  6
CONTINUOUS
 62
  256
370
   -1
100
AcDbLine
 10
4.706865905511811
 20
-3.725691850393701
 11
4.708848543307086
 21
-3.72651311023622
  0
LINE
  5
ED
100
AcDbEntity
  8
User.1
  6
CONTINUOUS
 62
  256
370
   -1
100
AcDbLine
 10
4.701292913385827
 20
-3.731981299212598
 11
4.701977992125984
 21
-3.733635236220473
  0
LINE
  5
EE
100
AcDbEntity
  8
User.1
  6
CONTINUOUS
 62
  256
370
   -1
100
AcDbLine
 10
4.701977992125984
 20
-3.733635236220473
 11
4.703243858267716
 21
-3.734901102362205
  0
LINE
  5
EF
100
AcDbEntity
  8
User.1
  6
CONTINUOUS
 62
  256
370
   -1
100
AcDbLine
 10
4.703243858267716
 20
-3.734901102362205
 11
4.70489779527559
 21
-3.735586181102362
  0
LINE
  5
F0
100
AcDbEntity
  8
User.1
  6
CONTINUOUS
 62
  256
370
   -1
100
AcDbLine
 10
4.70489779527559
 20
-3.735586181102362
 11
4.706688031496063
 21
-3.735586181102362
  0
LINE
  5
F1
100
AcDbEntity
  8
User.1
  6
CONTINUOUS
 62
  256
370
   -1
100
AcDbLine
 10
4.706688031496063
 20
-3.735586181102362
 11
4.708341968503936
 21
-3.734901102362205
  0
LINE
  5
F2
100
AcDbEntity
  8
User.1
  6
CONTINUOUS
 62
  256
370
   -1
100
AcDbLine
 10
4.708341968503936
 20
-3.734901102362205
 11
4.709607834645669
 21
-3.733635236220473
  0
LINE
  5
F3
100
AcDbEntity
  8
User.1
  6
CONTINUOUS
 62
  256
370
   -1
100
AcDbLine
 10
4.709607834645669
 20
-3.733635236220473
 11
4.710292913385826
 21
-3.731981299212598
  0
LINE
  5
F4
100
AcDbEntity
  8
User.1
  6
CONTINUOUS
 62
  256
370
   -1
100
AcDbLine
 10
4.710292913385826
 20
-3.731981299212598
 11
4.710292913385826
 21
-3.730191062992126
  0
LINE
  5
F5
100
AcDbEntity
  8
User.1
  6
CONTINUOUS
 62
  256
370
   -1
100
AcDbLine
 10
4.710292913385826
 20
-3.730191062992126
 11
4.709607834645669
 21
-3.728537125984252
  0
LINE
  5
F6
100
AcDbEntity
  8
User.1
  6
CONTINUOUS
 62
  256
370
   -1
100
AcDbLine
 10
4.709607834645669
 20
-3.728537125984252
 11
4.708341968503936
 21
-3.72727125984252
  0
LINE
  5
F7
100
AcDbEntity
  8
User.1
  6
CONTINUOUS
 62
  256
370
   -1
100
AcDbLine
 10
4.708341968503936
 20
-3.72727125984252
 11
4.706688031496063
 21
-3.726586181102362
  0
LINE
  5
F8
100
AcDbEntity
  8
User.1
  6
CONTINUOUS
 62
  256
370
   -1
100
AcDbLine
 10
4.706688031496063
 20
-3.726586181102362
 11
4.70489779527559
 21
-3.726586181102362
  0
LINE
  5
F9
100
AcDbEntity
  8
User.1
  6
CONTINUOUS
 62
  256
370
   -1
100
AcDbLine
 10
4.70489779527559
 20
-3.726586181102362
 11
4.703243858267716
 21
-3.72727125984252
  0
LINE
  5
FA
100
AcDbEntity
  8
User.1
  6
CONTINUOUS
 62
  256
370
   -1
100
AcDbLine
 10
4.703243858267716
 20
-3.72727125984252
 11
4.701977992125984
 21
-3.728537125984252
  0
LINE
  5
FB
100
AcDbEntity
  8
User.1
  6
CONTINUOUS
 62
  256
370
   -1
100
AcDbLine
 10
4.701977992125984
 20
-3.728537125984252
 11
4.701292913385827
 21
-3.730191062992126
  0
LINE
  5
FC
100
AcDbEntity
  8
User.1
  6
CONTINUOUS
 62
  256
370
   -1
100
AcDbLine
 10
4.701292913385827
 20
-3.730191062992126
 11
4.701292913385827
 21
-3.731981299212598
  0
LINE
  5
FD
100
AcDbEntity
  8
User.1
  6
CONTINUOUS
 62
  256
370
   -1
100
AcDbLine
 10
5.306565354330709
 20
-3.67421968503937
 11
5.308082755905511
 21
-3.675737086614173
  0
LINE
  5
FE
100
AcDbEntity
  8
User.1
  6
CONTINUOUS
 62
  256
370
   -1
100
AcDbLine
 10
5.308082755905511
 20
-3.675737086614173
 11
5.308904015748031
 21
-3.677719724409449
  0
LINE
  5
FF
100
AcDbEntity
  8
User.1
  6
CONTINUOUS
 62
  256
370
   -1
100
AcDbLine
 10
5.308904015748031
 20
-3.677719724409449
 11
5.308904015748031
 21
-3.679865708661417
  0
LINE
  5
100
100
AcDbEntity
  8
User.1
  6
CONTINUOUS
 62
  256
370
   -1
100
AcDbLine
 10
5.308904015748031
 20
-3.679865708661417
 11
5.308082755905511
 21
-3.681848346456693
  0
LINE
  5
101
100
AcDbEntity
  8
User.1
  6
CONTINUOUS
 62
  256
370
   -1
100
AcDbLine
 10
5.308082755905511
 20
-3.681848346456693
 11
5.306565354330709
 21
-3.683365748031496
  0
LINE
  5
102
100
AcDbEntity
  8
User.1
  6
CONTINUOUS
 62
  256
370
   -1
100
AcDbLine
 10
5.306565354330709
 20
-3.683365748031496
 11
5.304582716535433
 21
-3.684187007874016
  0
LINE
  5
103
100
AcDbEntity
  8
User.1
  6
CONTINUOUS
 62
  256
370
   -1
100
AcDbLine
 10
5.304582716535433
 20
-3.684187007874016
 11
5.302436732283464
 21
-3.684187007874016
  0
LINE
  5
104
100
AcDbEntity
  8
User.1
  6
CONTINUOUS
 62
  256
370
   -1
100
AcDbLine
 10
5.302436732283464
 20
-3.684187007874016
 11
5.300454094488189
 21
-3.683365748031496
  0
LINE
  5
105
100
AcDbEntity
  8
User.1
  6
CONTINUOUS
 62
  256
370
   -1
100
AcDbLine
 10
5.300454094488189
 20
-3.683365748031496
 11
5.298936692913386
 21
-3.681848346456693
  0
LINE
  5
106
100
AcDbEntity
  8
User.1
  6
CONTINUOUS
 62
  256
370
   -1
100
AcDbLine
 10
5.298936692913386
 20
-3.681848346456693
 11
5.298115433070866
 21
-3.679865708661417
  0
LINE
  5
107
100
AcDbEntity
  8
User.1
  6
CONTINUOUS
 62
  256
370
   -1
100
AcDbLine
 10
5.298115433070866
 20
-3.679865708661417
 11
5.298115433070866
 21
-3.677897637795275
  0
LINE
  5
108
100
AcDbEntity
  8
User.1
  6
CONTINUOUS
 62
  256
370
   -1
100
AcDbLine
 10
5.298115433070866
 20
-3.677897637795275
 11
5.298115433070866
 21
-3.677719724409449
  0
LINE
  5
109
100
AcDbEntity
  8
User.1
  6
CONTINUOUS
 62
  256
370
   -1
100
AcDbLine
 10
5.298115433070866
 20
-3.677719724409449
 11
5.298936692913386
 21
-3.675737086614173
  0
LINE
  5
10A
100
AcDbEntity
  8
User.1
  6
CONTINUOUS
 62
  256
370
   -1
100
AcDbLine
 10
5.298936692913386
 20
-3.675737086614173
 11
5.300454094488189
 21
-3.67421968503937
  0
LINE
  5
10B
100
AcDbEntity
  8
User.1
  6
CONTINUOUS
 62
  256
370
   -1
100
AcDbLine
 10
5.300454094488189
 20
-3.67421968503937
 11
5.302436732283464
 21
-3.67339842519685
  0
LINE
  5
10C
100
AcDbEntity
  8
User.1
  6
CONTINUOUS
 62
  256
370
   -1
100
AcDbLine
 10
5.302436732283464
 20
-3.67339842519685
 11
5.304582716535433
 21
-3.67339842519685
  0
LINE
  5
10D
100
AcDbEntity
  8
User.1
  6
CONTINUOUS
 62
  256
370
   -1
100
AcDbLine
 10
5.304582716535433
 20
-3.67339842519685
 11
5.306565354330709
 21
-3.67421968503937
  0
LINE
  5
10E
100
AcDbEntity
  8
User.1
  6
CONTINUOUS
 62
  256
370
   -1
100
AcDbLine
 10
5.299009763779527
 20
-3.679687795275591
 11
5.299694842519685
 21
-3.681341732283464
  0
LINE
  5
10F
100
AcDbEntity
  8
User.1
  6
CONTINUOUS
 62
  256
370
   -1
100
AcDbLine
 10
5.299694842519685
 20
-3.681341732283464
 11
5.300960708661417
 21
-3.682607598425197
  0
LINE
  5
110
100
AcDbEntity
  8
User.1
  6
CONTINUOUS
 62
  256
370
   -1
100
AcDbLine
 10
5.300960708661417
 20
-3.682607598425197
 11
5.302614645669292
 21
-3.683292677165354
  0
LINE
  5
111
100
AcDbEntity
  8
User.1
  6
CONTINUOUS
 62
  256
370
   -1
100
AcDbLine
 10
5.302614645669292
 20
-3.683292677165354
 11
5.304404803149606
 21
-3.683292677165354
  0
LINE
  5
112
100
AcDbEntity
  8
User.1
  6
CONTINUOUS
 62
  256
370
   -1
100
AcDbLine
 10
5.304404803149606
 20
-3.683292677165354
 11
5.30605874015748
 21
-3.682607598425197
  0
LINE
  5
113
100
AcDbEntity
  8
User.1
  6
CONTINUOUS
 62
  256
370
   -1
100
AcDbLine
 10
5.30605874015748
 20
-3.682607598425197
 11
5.307324606299212
 21
-3.681341732283464
  0
LINE
  5
114
100
AcDbEntity
  8
User.1
  6
CONTINUOUS
 62
  256
370
   -1
100
AcDbLine
 10
5.307324606299212
 20
-3.681341732283464
 11
5.30800968503937
 21
-3.679687795275591
  0
LINE
  5
115
100
AcDbEntity
  8
User.1
  6
CONTINUOUS
 62
  256
370
   -1
100
AcDbLine
 10
5.30800968503937
 20
-3.679687795275591
 11
5.30800968503937
 21
-3.677897637795275
  0
LINE
  5
116
100
AcDbEntity
  8
User.1
  6
CONTINUOUS
 62
  256
370
   -1
100
AcDbLine
 10
5.30800968503937
 20
-3.677897637795275
 11
5.307324606299212
 21
-3.676243700787401
  0
LINE
  5
117
100
AcDbEntity
  8
User.1
  6
CONTINUOUS
 62
  256
370
   -1
100
AcDbLine
 10
5.307324606299212
 20
-3.676243700787401
 11
5.30605874015748
 21
-3.674977834645669
  0
LINE
  5
118
100
AcDbEntity
  8
User.1
  6
CONTINUOUS
 62
  256
370
   -1
100
AcDbLine
 10
5.30605874015748
 20
-3.674977834645669
 11
5.304404803149606
 21
-3.674292755905512
  0
LINE
  5
119
100
AcDbEntity
  8
User.1
  6
CONTINUOUS
 62
  256
370
   -1
100
AcDbLine
 10
5.304404803149606
 20
-3.674292755905512
 11
5.302614645669292
 21
-3.674292755905512
  0
LINE
  5
11A
100
AcDbEntity
  8
User.1
  6
CONTINUOUS
 62
  256
370
   -1
100
AcDbLine
 10
5.302614645669292
 20
-3.674292755905512
 11
5.300960708661417
 21
-3.674977834645669
  0
LINE
  5
11B
100
AcDbEntity
  8
User.1
  6
CONTINUOUS
 62
  256
370
   -1
100
AcDbLine
 10
5.300960708661417
 20
-3.674977834645669
 11
5.299694842519685
 21
-3.676243700787401
  0
LINE
  5
11C
100
AcDbEntity
  8
User.1
  6
CONTINUOUS
 62
  256
370
   -1
100
AcDbLine
 10
5.299694842519685
 20
-3.676243700787401
 11
5.299009763779527
 21
-3.677897637795275
  0
LINE
  5
11D
100
AcDbEntity
  8
User.1
  6
CONTINUOUS
 62
  256
370
   -1
100
AcDbLine
 10
5.299009763779527
 20
-3.677897637795275
 11
5.299009763779527
 21
-3.679687795275591
  0
LINE
  5
11E
100
AcDbEntity
  8
User.1
  6
CONTINUOUS
 62
  256
370
   -1
100
AcDbLine
 10
4.700132952755905
 20
-3.626893661417323
 11
4.701650354330709
 21
-3.628411062992126
  0
LINE
  5
11F
100
AcDbEntity
  8
User.1
  6
CONTINUOUS
 62
  256
370
   -1
100
AcDbLine
 10
4.701650354330709
 20
-3.628411062992126
 11
4.702471614173228
 21
-3.630393700787402
  0
LINE
  5
120
100
AcDbEntity
  8
User.1
  6
CONTINUOUS
 62
  256
370
   -1
100
AcDbLine
 10
4.702471614173228
 20
-3.630393700787402
 11
4.702471614173228
 21
-3.63253968503937
  0
LINE
  5
121
100
AcDbEntity
  8
User.1
  6
CONTINUOUS
 62
  256
370
   -1
100
AcDbLine
 10
4.702471614173228
 20
-3.63253968503937
 11
4.701650354330709
 21
-3.634522322834646
  0
LINE
  5
122
100
AcDbEntity
  8
User.1
  6
CONTINUOUS
 62
  256
370
   -1
100
AcDbLine
 10
4.701650354330709
 20
-3.634522322834646
 11
4.700132952755905
 21
-3.636039724409449
  0
LINE
  5
123
100
AcDbEntity
  8
User.1
  6
CONTINUOUS
 62
  256
370
   -1
100
AcDbLine
 10
4.700132952755905
 20
-3.636039724409449
 11
4.69815031496063
 21
-3.636860984251968
  0
LINE
  5
124
100
AcDbEntity
  8
User.1
  6
CONTINUOUS
 62
  256
370
   -1
100
AcDbLine
 10
4.69815031496063
 20
-3.636860984251968
 11
4.696004330708662
 21
-3.636860984251968
  0
LINE
  5
125
100
AcDbEntity
  8
User.1
  6
CONTINUOUS
 62
  256
370
   -1
100
AcDbLine
 10
4.696004330708662
 20
-3.636860984251968
 11
4.694021692913386
 21
-3.636039724409449
  0
LINE
  5
126
100
AcDbEntity
  8
User.1
  6
CONTINUOUS
 62
  256
370
   -1
100
AcDbLine
 10
4.694021692913386
 20
-3.636039724409449
 11
4.692504291338582
 21
-3.634522322834646
  0
LINE
  5
127
100
AcDbEntity
  8
User.1
  6
CONTINUOUS
 62
  256
370
   -1
100
AcDbLine
 10
4.692504291338582
 20
-3.634522322834646
 11
4.691683031496063
 21
-3.63253968503937
  0
LINE
  5
128
100
AcDbEntity
  8
User.1
  6
CONTINUOUS
 62
  256
370
   -1
100
AcDbLine
 10
4.691683031496063
 20
-3.63253968503937
 11
4.691683031496063
 21
-3.630571614173228
  0
LINE
  5
129
100
AcDbEntity
  8
User.1
  6
CONTINUOUS
 62
  256
370
   -1
100
AcDbLine
 10
4.691683031496063
 20
-3.630571614173228
 11
4.691683031496063
 21
-3.630393700787402
  0
LINE
  5
12A
100
AcDbEntity
  8
User.1
  6
CONTINUOUS
 62
  256
370
   -1
100
AcDbLine
 10
4.691683031496063
 20
-3.630393700787402
 11
4.692504291338582
 21
-3.628411062992126
  0
LINE
  5
12B
100
AcDbEntity
  8
User.1
  6
CONTINUOUS
 62
  256
370
   -1
100
AcDbLine
 10
4.692504291338582
 20
-3.628411062992126
 11
4.694021692913386
 21
-3.626893661417323
  0
LINE
  5
12C
100
AcDbEntity
  8
User.1
  6
CONTINUOUS
 62
  256
370
   -1
100
AcDbLine
 10
4.694021692913386
 20
-3.626893661417323
 11
4.696004330708662
 21
-3.626072401574803
  0
LINE
  5
12D
100
AcDbEntity
  8
User.1
  6
CONTINUOUS
 62
  256
370
   -1
100
AcDbLine
 10
4.696004330708662
 20
-3.626072401574803
 11
4.69815031496063
 21
-3.626072401574803
  0
LINE
  5
12E
100
AcDbEntity
  8
User.1
  6
CONTINUOUS
 62
  256
370
   -1
100
AcDbLine
 10
4.69815031496063
 20
-3.626072401574803
 11
4.700132952755905
 21
-3.626893661417323
  0
LINE
  5
12F
100
AcDbEntity
  8
User.1
  6
CONTINUOUS
 62
  256
370
   -1
100
AcDbLine
 10
4.692577362204724
 20
-3.632361771653543
 11
4.693262440944882
 21
-3.634015708661417
  0
LINE
  5
130
100
AcDbEntity
  8
User.1
  6
CONTINUOUS
 62
  256
370
   -1
100
AcDbLine
 10
4.693262440944882
 20
-3.634015708661417
 11
4.694528307086614
 21
-3.63528157480315
  0
LINE
  5
131
100
AcDbEntity
  8
User.1
  6
CONTINUOUS
 62
  256
370
   -1
100
AcDbLine
 10
4.694528307086614
 20
-3.63528157480315
 11
4.696182244094488
 21
-3.635966653543307
  0
LINE
  5
132
100
AcDbEntity
  8
User.1
  6
CONTINUOUS
 62
  256
370
   -1
100
AcDbLine
 10
4.696182244094488
 20
-3.635966653543307
 11
4.697972401574803
 21
-3.635966653543307
  0
LINE
  5
133
100
AcDbEntity
  8
User.1
  6
CONTINUOUS
 62
  256
370
   -1
100
AcDbLine
 10
4.697972401574803
 20
-3.635966653543307
 11
4.699626338582677
 21
-3.63528157480315
  0
LINE
  5
134
100
AcDbEntity
  8
User.1
  6
CONTINUOUS
 62
  256
370
   -1
100
AcDbLine
 10
4.699626338582677
 20
-3.63528157480315
 11
4.700892204724409
 21
-3.634015708661417
  0
LINE
  5
135
100
AcDbEntity
  8
User.1
  6
CONTINUOUS
 62
  256
370
   -1
100
AcDbLine
 10
4.700892204724409
 20
-3.634015708661417
 11
4.701577283464567
 21
-3.632361771653543
  0
LINE
  5
136
100
AcDbEntity
  8
User.1
  6
CONTINUOUS
 62
  256
370
   -1
100
AcDbLine
 10
4.701577283464567
 20
-3.632361771653543
 11
4.701577283464567
 21
-3.630571614173228
  0
LINE
  5
137
100
AcDbEntity
  8
User.1
  6
CONTINUOUS
 62
  256
370
   -1
100
AcDbLine
 10
4.701577283464567
 20
-3.630571614173228
 11
4.700892204724409
 21
-3.628917677165354
  0
LINE
  5
138
100
AcDbEntity
  8
User.1
  6
CONTINUOUS
 62
  256
370
   -1
100
AcDbLine
 10
4.700892204724409
 20
-3.628917677165354
 11
4.699626338582677
 21
-3.627651811023622
  0
LINE
  5
139
100
AcDbEntity
  8
User.1
  6
CONTINUOUS
 62
  256
370
   -1
100
AcDbLine
 10
4.699626338582677
 20
-3.627651811023622
 11
4.697972401574803
 21
-3.626966732283464
  0
LINE
  5
13A
100
AcDbEntity
  8
User.1
  6
CONTINUOUS
 62
  256
370
   -1
100
AcDbLine
 10
4.697972401574803
 20
-3.626966732283464
 11
4.696182244094488
 21
-3.626966732283464
  0
LINE
  5
13B
100
AcDbEntity
  8
User.1
  6
CONTINUOUS
 62
  256
370
   -1
100
AcDbLine
 10
4.696182244094488
 20
-3.626966732283464
 11
4.694528307086614
 21
-3.627651811023622
  0
LINE
  5
13C
100
AcDbEntity
  8
User.1
  6
CONTINUOUS
 62
  256
370
   -1
100
AcDbLine
 10
4.694528307086614
 20
-3.627651811023622
 11
4.693262440944882
 21
-3.628917677165354
  0
LINE
  5
13D
100
AcDbEntity
  8
User.1
  6
CONTINUOUS
 62
  256
370
   -1
100
AcDbLine
 10
4.693262440944882
 20
-3.628917677165354
 11
4.692577362204724
 21
-3.630571614173228
  0
LINE
  5
13E
100
AcDbEntity
  8
User.1
  6
CONTINUOUS
 62
  256
370
   -1
100
AcDbLine
 10
4.692577362204724
 20
-3.630571614173228
 11
4.692577362204724
 21
-3.632361771653543
  0
LINE
  5
13F
100
AcDbEntity
  8
User.1
  6
CONTINUOUS
 62
  256
370
   -1
100
AcDbLine
 10
5.297849763779528
 20
-3.574600196850394
 11
5.299367204724409
 21
-3.576117637795276
  0
LINE
  5
140
100
AcDbEntity
  8
User.1
  6
CONTINUOUS
 62
  256
370
   -1
100
AcDbLine
 10
5.299367204724409
 20
-3.576117637795276
 11
5.300188464566929
 21
-3.578100275590551
  0
LINE
  5
141
100
AcDbEntity
  8
User.1
  6
CONTINUOUS
 62
  256
370
   -1
100
AcDbLine
 10
5.300188464566929
 20
-3.578100275590551
 11
5.300188464566929
 21
-3.58024625984252
  0
LINE
  5
142
100
AcDbEntity
  8
User.1
  6
CONTINUOUS
 62
  256
370
   -1
100
AcDbLine
 10
5.300188464566929
 20
-3.58024625984252
 11
5.299367204724409
 21
-3.582228897637795
  0
LINE
  5
143
100
AcDbEntity
  8
User.1
  6
CONTINUOUS
 62
  256
370
   -1
100
AcDbLine
 10
5.299367204724409
 20
-3.582228897637795
 11
5.297849763779528
 21
-3.583746338582677
  0
LINE
  5
144
100
AcDbEntity
  8
User.1
  6
CONTINUOUS
 62
  256
370
   -1
100
AcDbLine
 10
5.297849763779528
 20
-3.583746338582677
 11
5.295867125984252
 21
-3.584567598425197
  0
LINE
  5
145
100
AcDbEntity
  8
User.1
  6
CONTINUOUS
 62
  256
370
   -1
100
AcDbLine
 10
5.295867125984252
 20
-3.584567598425197
 11
5.293721141732283
 21
-3.584567598425197
  0
LINE
  5
146
100
AcDbEntity
  8
User.1
  6
CONTINUOUS
 62
  256
370
   -1
100
AcDbLine
 10
5.293721141732283
 20
-3.584567598425197
 11
5.291738503937008
 21
-3.583746338582677
  0
LINE
  5
147
100
AcDbEntity
  8
User.1
  6
CONTINUOUS
 62
  256
370
   -1
100
AcDbLine
 10
5.291738503937008
 20
-3.583746338582677
 11
5.290221062992126
 21
-3.582228897637795
  0
LINE
  5
148
100
AcDbEntity
  8
User.1
  6
CONTINUOUS
 62
  256
370
   -1
100
AcDbLine
 10
5.290221062992126
 20
-3.582228897637795
 11
5.289399803149606
 21
-3.58024625984252
  0
LINE
  5
149
100
AcDbEntity
  8
User.1
  6
CONTINUOUS
 62
  256
370
   -1
100
AcDbLine
 10
5.289399803149606
 20
-3.58024625984252
 11
5.289399803149606
 21
-3.578278149606299
  0
LINE
  5
14A
100
AcDbEntity
  8
User.1
  6
CONTINUOUS
 62
  256
370
   -1
100
AcDbLine
 10
5.289399803149606
 20
-3.578278149606299
 11
5.289399803149606
 21
-3.578100275590551
  0
LINE
  5
14B
100
AcDbEntity
  8
User.1
  6
CONTINUOUS
 62
  256
370
   -1
100
AcDbLine
 10
5.289399803149606
 20
-3.578100275590551
 11
5.290221062992126
 21
-3.576117637795276
  0
LINE
  5
14C
100
AcDbEntity
  8
User.1
  6
CONTINUOUS
 62
  256
370
   -1
100
AcDbLine
 10
5.290221062992126
 20
-3.576117637795276
 11
5.291738503937008
 21
-3.574600196850394
  0
LINE
  5
14D
100
AcDbEntity
  8
User.1
  6
CONTINUOUS
 62
  256
370
   -1
100
AcDbLine
 10
5.291738503937008
 20
-3.574600196850394
 11
5.293721141732283
 21
-3.573778937007874
  0
LINE
  5
14E
100
AcDbEntity
  8
User.1
  6
CONTINUOUS
 62
  256
370
   -1
100
AcDbLine
 10
5.293721141732283
 20
-3.573778937007874
 11
5.295867125984252
 21
-3.573778937007874
  0
LINE
  5
14F
100
AcDbEntity
  8
User.1
  6
CONTINUOUS
 62
  256
370
   -1
100
AcDbLine
 10
5.295867125984252
 20
-3.573778937007874
 11
5.297849763779528
 21
-3.574600196850394
  0
LINE
  5
150
100
AcDbEntity
  8
User.1
  6
CONTINUOUS
 62
  256
370
   -1
100
AcDbLine
 10
5.290294133858268
 20
-3.580068385826772
 11
5.290979212598425
 21
-3.581722322834646
  0
LINE
  5
151
100
AcDbEntity
  8
User.1
  6
CONTINUOUS
 62
  256
370
   -1
100
AcDbLine
 10
5.290979212598425
 20
-3.581722322834646
 11
5.292245078740157
 21
-3.582988188976378
  0
LINE
  5
152
100
AcDbEntity
  8
User.1
  6
CONTINUOUS
 62
  256
370
   -1
100
AcDbLine
 10
5.292245078740157
 20
-3.582988188976378
 11
5.293899015748031
 21
-3.583673267716535
  0
LINE
  5
153
100
AcDbEntity
  8
User.1
  6
CONTINUOUS
 62
  256
370
   -1
100
AcDbLine
 10
5.293899015748031
 20
-3.583673267716535
 11
5.295689251968504
 21
-3.583673267716535
  0
LINE
  5
154
100
AcDbEntity
  8
User.1
  6
CONTINUOUS
 62
  256
370
   -1
100
AcDbLine
 10
5.295689251968504
 20
-3.583673267716535
 11
5.297343188976378
 21
-3.582988188976378
  0
LINE
  5
155
100
AcDbEntity
  8
User.1
  6
CONTINUOUS
 62
  256
370
   -1
100
AcDbLine
 10
5.297343188976378
 20
-3.582988188976378
 11
5.29860905511811
 21
-3.581722322834646
  0
LINE
  5
156
100
AcDbEntity
  8
User.1
  6
CONTINUOUS
 62
  256
370
   -1
100
AcDbLine
 10
5.29860905511811
 20
-3.581722322834646
 11
5.299294133858267
 21
-3.580068385826772
  0
LINE
  5
157
100
AcDbEntity
  8
User.1
  6
CONTINUOUS
 62
  256
370
   -1
100
AcDbLine
 10
5.299294133858267
 20
-3.580068385826772
 11
5.299294133858267
 21
-3.578278149606299
  0
LINE
  5
158
100
AcDbEntity
  8
User.1
  6
CONTINUOUS
 62
  256
370
   -1
100
AcDbLine
 10
5.299294133858267
 20
-3.578278149606299
 11
5.29860905511811
 21
-3.576624212598425
  0
LINE
  5
159
100
AcDbEntity
  8
User.1
  6
CONTINUOUS
 62
  256
370
   -1
100
AcDbLine
 10
5.29860905511811
 20
-3.576624212598425
 11
5.297343188976378
 21
-3.575358346456693
  0
LINE
  5
15A
100
AcDbEntity
  8
User.1
  6
CONTINUOUS
 62
  256
370
   -1
100
AcDbLine
 10
5.297343188976378
 20
-3.575358346456693
 11
5.295689251968504
 21
-3.574673267716535
  0
LINE
  5
15B
100
AcDbEntity
  8
User.1
  6
CONTINUOUS
 62
  256
370
   -1
100
AcDbLine
 10
5.295689251968504
 20
-3.574673267716535
 11
5.293899015748031
 21
-3.574673267716535
  0
LINE
  5
15C
100
AcDbEntity
  8
User.1
  6
CONTINUOUS
 62
  256
370
   -1
100
AcDbLine
 10
5.293899015748031
 20
-3.574673267716535
 11
5.292245078740157
 21
-3.575358346456693
  0
LINE
  5
15D
100
AcDbEntity
  8
User.1
  6
CONTINUOUS
 62
  256
370
   -1
100
AcDbLine
 10
5.292245078740157
 20
-3.575358346456693
 11
5.290979212598425
 21
-3.576624212598425
  0
LINE
  5
15E
100
AcDbEntity
  8
User.1
  6
CONTINUOUS
 62
  256
370
   -1
100
AcDbLine
 10
5.290979212598425
 20
-3.576624212598425
 11
5.290294133858268
 21
-3.578278149606299
  0
LINE
  5
15F
100
AcDbEntity
  8
User.1
  6
CONTINUOUS
 62
  256
370
   -1
100
AcDbLine
 10
5.290294133858268
 20
-3.578278149606299
 11
5.290294133858268
 21
-3.580068385826772
  0
LINE
  5
160
100
AcDbEntity
  8
User.1
  6
CONTINUOUS
 62
  256
370
   -1
100
AcDbLine
 10
4.691417362204724
 20
-3.527274173228347
 11
4.692934803149607
 21
-3.528791614173228
  0
LINE
  5
161
100
AcDbEntity
  8
User.1
  6
CONTINUOUS
 62
  256
370
   -1
100
AcDbLine
 10
4.692934803149607
 20
-3.528791614173228
 11
4.693756062992126
 21
-3.530774251968504
  0
LINE
  5
162
100
AcDbEntity
  8
User.1
  6
CONTINUOUS
 62
  256
370
   -1
100
AcDbLine
 10
4.693756062992126
 20
-3.530774251968504
 11
4.693756062992126
 21
-3.532920236220472
  0
LINE
  5
163
100
AcDbEntity
  8
User.1
  6
CONTINUOUS
 62
  256
370
   -1
100
AcDbLine
 10
4.693756062992126
 20
-3.532920236220472
 11
4.692934803149607
 21
-3.534902874015748
  0
LINE
  5
164
100
AcDbEntity
  8
User.1
  6
CONTINUOUS
 62
  256
370
   -1
100
AcDbLine
 10
4.692934803149607
 20
-3.534902874015748
 11
4.691417362204724
 21
-3.53642031496063
  0
LINE
  5
165
100
AcDbEntity
  8
User.1
  6
CONTINUOUS
 62
  256
370
   -1
100
AcDbLine
 10
4.691417362204724
 20
-3.53642031496063
 11
4.689434724409448
 21
-3.537241574803149
  0
LINE
  5
166
100
AcDbEntity
  8
User.1
  6
CONTINUOUS
 62
  256
370
   -1
100
AcDbLine
 10
4.689434724409448
 20
-3.537241574803149
 11
4.68728874015748
 21
-3.537241574803149
  0
LINE
  5
167
100
AcDbEntity
  8
User.1
  6
CONTINUOUS
 62
  256
370
   -1
100
AcDbLine
 10
4.68728874015748
 20
-3.537241574803149
 11
4.685306102362205
 21
-3.53642031496063
  0
LINE
  5
168
100
AcDbEntity
  8
User.1
  6
CONTINUOUS
 62
  256
370
   -1
100
AcDbLine
 10
4.685306102362205
 20
-3.53642031496063
 11
4.683788661417323
 21
-3.534902874015748
  0
LINE
  5
169
100
AcDbEntity
  8
User.1
  6
CONTINUOUS
 62
  256
370
   -1
100
AcDbLine
 10
4.683788661417323
 20
-3.534902874015748
 11
4.682967401574803
 21
-3.532920236220472
  0
LINE
  5
16A
100
AcDbEntity
  8
User.1
  6
CONTINUOUS
 62
  256
370
   -1
100
AcDbLine
 10
4.682967401574803
 20
-3.532920236220472
 11
4.682967401574803
 21
-3.530952125984252
  0
LINE
  5
16B
100
AcDbEntity
  8
User.1
  6
CONTINUOUS
 62
  256
370
   -1
100
AcDbLine
 10
4.682967401574803
 20
-3.530952125984252
 11
4.682967401574803
 21
-3.530774251968504
  0
LINE
  5
16C
100
AcDbEntity
  8
User.1
  6
CONTINUOUS
 62
  256
370
   -1
100
AcDbLine
 10
4.682967401574803
 20
-3.530774251968504
 11
4.683788661417323
 21
-3.528791614173228
  0
LINE
  5
16D
100
AcDbEntity
  8
User.1
  6
CONTINUOUS
 62
  256
370
   -1
100
AcDbLine
 10
4.683788661417323
 20
-3.528791614173228
 11
4.685306102362205
 21
-3.527274173228347
  0
LINE
  5
16E
100
AcDbEntity
  8
User.1
  6
CONTINUOUS
 62
  256
370
   -1
100
AcDbLine
 10
4.685306102362205
 20
-3.527274173228347
 11
4.68728874015748
 21
-3.526452913385827
  0
LINE
  5
16F
100
AcDbEntity
  8
User.1
  6
CONTINUOUS
 62
  256
370
   -1
100
AcDbLine
 10
4.68728874015748
 20
-3.526452913385827
 11
4.689434724409448
 21
-3.526452913385827
  0
LINE
  5
170
100
AcDbEntity
  8
User.1
  6
CONTINUOUS
 62
  256
370
   -1
100
AcDbLine
 10
4.689434724409448
 20
-3.526452913385827
 11
4.691417362204724
 21
-3.527274173228347
  0
LINE
  5
171
100
AcDbEntity
  8
User.1
  6
CONTINUOUS
 62
  256
370
   -1
100
AcDbLine
 10
4.683861732283464
 20
-3.532742362204724
 11
4.684546811023622
 21
-3.534396299212598
  0
LINE
  5
172
100
AcDbEntity
  8
User.1
  6
CONTINUOUS
 62
  256
370
   -1
100
AcDbLine
 10
4.684546811023622
 20
-3.534396299212598
 11
4.685812677165354
 21
-3.535662165354331
  0
LINE
  5
173
100
AcDbEntity
  8
User.1
  6
CONTINUOUS
 62
  256
370
   -1
100
AcDbLine
 10
4.685812677165354
 20
-3.535662165354331
 11
4.687466614173228
 21
-3.536347244094488
  0
LINE
  5
174
100
AcDbEntity
  8
User.1
  6
CONTINUOUS
 62
  256
370
   -1
100
AcDbLine
 10
4.687466614173228
 20
-3.536347244094488
 11
4.689256850393701
 21
-3.536347244094488
  0
LINE
  5
175
100
AcDbEntity
  8
User.1
  6
CONTINUOUS
 62
  256
370
   -1
100
AcDbLine
 10
4.689256850393701
 20
-3.536347244094488
 11
4.690910787401575
 21
-3.535662165354331
  0
LINE
  5
176
100
AcDbEntity
  8
User.1
  6
CONTINUOUS
 62
  256
370
   -1
100
AcDbLine
 10
4.690910787401575
 20
-3.535662165354331
 11
4.692176653543307
 21
-3.534396299212598
  0
LINE
  5
177
100
AcDbEntity
  8
User.1
  6
CONTINUOUS
 62
  256
370
   -1
100
AcDbLine
 10
4.692176653543307
 20
-3.534396299212598
 11
4.692861732283465
 21
-3.532742362204724
  0
LINE
  5
178
100
AcDbEntity
  8
User.1
  6
CONTINUOUS
 62
  256
370
   -1
100
AcDbLine
 10
4.692861732283465
 20
-3.532742362204724
 11
4.692861732283465
 21
-3.530952125984252
  0
LINE
  5
179
100
AcDbEntity
  8
User.1
  6
CONTINUOUS
 62
  256
370
   -1
100
AcDbLine
 10
4.692861732283465
 20
-3.530952125984252
 11
4.692176653543307
 21
-3.529298188976378
  0
LINE
  5
17A
100
AcDbEntity
  8
User.1
  6
CONTINUOUS
 62
  256
370
   -1
100
AcDbLine
 10
4.692176653543307
 20
-3.529298188976378
 11
4.690910787401575
 21
-3.528032322834646
  0
LINE
  5
17B
100
AcDbEntity
  8
User.1
  6
CONTINUOUS
 62
  256
370
   -1
100
AcDbLine
 10
4.690910787401575
 20
-3.528032322834646
 11
4.689256850393701
 21
-3.527347244094488
  0
LINE
  5
17C
100
AcDbEntity
  8
User.1
  6
CONTINUOUS
 62
  256
370
   -1
100
AcDbLine
 10
4.689256850393701
 20
-3.527347244094488
 11
4.687466614173228
 21
-3.527347244094488
  0
LINE
  5
17D
100
AcDbEntity
  8
User.1
  6
CONTINUOUS
 62
  256
370
   -1
100
AcDbLine
 10
4.687466614173228
 20
-3.527347244094488
 11
4.685812677165354
 21
-3.528032322834646
  0
LINE
  5
17E
100
AcDbEntity
  8
User.1
  6
CONTINUOUS
 62
  256
370
   -1
100
AcDbLine
 10
4.685812677165354
 20
-3.528032322834646
 11
4.684546811023622
 21
-3.529298188976378
  0
LINE
  5
17F
100
AcDbEntity
  8
User.1
  6
CONTINUOUS
 62
  256
370
   -1
100
AcDbLine
 10
4.684546811023622
 20
-3.529298188976378
 11
4.683861732283464
 21
-3.530952125984252
  0
LINE
  5
180
100
AcDbEntity
  8
User.1
  6
CONTINUOUS
 62
  256
370
   -1
100
AcDbLine
 10
4.683861732283464
 20
-3.530952125984252
 11
4.683861732283464
 21
-3.532742362204724
  0
LINE
  5
181
100
AcDbEntity
  8
User.1
  6
CONTINUOUS
 62
  256
370
   -1
100
AcDbLine
 10
5.289134173228346
 20
-3.474980748031496
 11
5.290651614173228
 21
-3.476498188976378
  0
LINE
  5
182
100
AcDbEntity
  8
User.1
  6
CONTINUOUS
 62
  256
370
   -1
100
AcDbLine
 10
5.290651614173228
 20
-3.476498188976378
 11
5.291472834645669
 21
-3.478480787401575
  0
LINE
  5
183
100
AcDbEntity
  8
User.1
  6
CONTINUOUS
 62
  256
370
   -1
100
AcDbLine
 10
5.291472834645669
 20
-3.478480787401575
 11
5.291472834645669
 21
-3.480626771653543
  0
LINE
  5
184
100
AcDbEntity
  8
User.1
  6
CONTINUOUS
 62
  256
370
   -1
100
AcDbLine
 10
5.291472834645669
 20
-3.480626771653543
 11
5.290651614173228
 21
-3.48260937007874
  0
LINE
  5
185
100
AcDbEntity
  8
User.1
  6
CONTINUOUS
 62
  256
370
   -1
100
AcDbLine
 10
5.290651614173228
 20
-3.48260937007874
 11
5.289134173228346
 21
-3.484126811023622
  0
LINE
  5
186
100
AcDbEntity
  8
User.1
  6
CONTINUOUS
 62
  256
370
   -1
100
AcDbLine
 10
5.289134173228346
 20
-3.484126811023622
 11
5.28715157480315
 21
-3.484948031496063
  0
LINE
  5
187
100
AcDbEntity
  8
User.1
  6
CONTINUOUS
 62
  256
370
   -1
100
AcDbLine
 10
5.28715157480315
 20
-3.484948031496063
 11
5.285005590551181
 21
-3.484948031496063
  0
LINE
  5
188
100
AcDbEntity
  8
User.1
  6
CONTINUOUS
 62
  256
370
   -1
100
AcDbLine
 10
5.285005590551181
 20
-3.484948031496063
 11
5.283022992125984
 21
-3.484126811023622
  0
LINE
  5
189
100
AcDbEntity
  8
User.1
  6
CONTINUOUS
 62
  256
370
   -1
100
AcDbLine
 10
5.283022992125984
 20
-3.484126811023622
 11
5.281505551181103
 21
-3.48260937007874
  0
LINE
  5
18A
100
AcDbEntity
  8
User.1
  6
CONTINUOUS
 62
  256
370
   -1
100
AcDbLine
 10
5.281505551181103
 20
-3.48260937007874
 11
5.280684330708661
 21
-3.480626771653543
  0
LINE
  5
18B
100
AcDbEntity
  8
User.1
  6
CONTINUOUS
 62
  256
370
   -1
100
AcDbLine
 10
5.280684330708661
 20
-3.480626771653543
 11
5.280684330708661
 21
-3.478658700787402
  0
LINE
  5
18C
100
AcDbEntity
  8
User.1
  6
CONTINUOUS
 62
  256
370
   -1
100
AcDbLine
 10
5.280684330708661
 20
-3.478658700787402
 11
5.280684330708661
 21
-3.478480787401575
  0
LINE
  5
18D
100
AcDbEntity
  8
User.1
  6
CONTINUOUS
 62
  256
370
   -1
100
AcDbLine
 10
5.280684330708661
 20
-3.478480787401575
 11
5.281505551181103
 21
-3.476498188976378
  0
LINE
  5
18E
100
AcDbEntity
  8
User.1
  6
CONTINUOUS
 62
  256
370
   -1
100
AcDbLine
 10
5.281505551181103
 20
-3.476498188976378
 11
5.283022992125984
 21
-3.474980748031496
  0
LINE
  5
18F
100
AcDbEntity
  8
User.1
  6
CONTINUOUS
 62
  256
370
   -1
100
AcDbLine
 10
5.283022992125984
 20
-3.474980748031496
 11
5.285005590551181
 21
-3.474159527559055
  0
LINE
  5
190
100
AcDbEntity
  8
User.1
  6
CONTINUOUS
 62
  256
370
   -1
100
AcDbLine
 10
5.285005590551181
 20
-3.474159527559055
 11
5.28715157480315
 21
-3.474159527559055
  0
LINE
  5
191
100
AcDbEntity
  8
User.1
  6
CONTINUOUS
 62
  256
370
   -1
100
AcDbLine
 10
5.28715157480315
 20
-3.474159527559055
 11
5.289134173228346
 21
-3.474980748031496
  0
LINE
  5
192
100
AcDbEntity
  8
User.1
  6
CONTINUOUS
 62
  256
370
   -1
100
AcDbLine
 10
5.281578661417322
 20
-3.480448858267716
 11
5.282263740157481
 21
-3.482102755905512
  0
LINE
  5
193
100
AcDbEntity
  8
User.1
  6
CONTINUOUS
 62
  256
370
   -1
100
AcDbLine
 10
5.282263740157481
 20
-3.482102755905512
 11
5.283529606299212
 21
-3.483368622047244
  0
LINE
  5
194
100
AcDbEntity
  8
User.1
  6
CONTINUOUS
 62
  256
370
   -1
100
AcDbLine
 10
5.283529606299212
 20
-3.483368622047244
 11
5.285183503937008
 21
-3.484053700787401
  0
LINE
  5
195
100
AcDbEntity
  8
User.1
  6
CONTINUOUS
 62
  256
370
   -1
100
AcDbLine
 10
5.285183503937008
 20
-3.484053700787401
 11
5.286973661417322
 21
-3.484053700787401
  0
LINE
  5
196
100
AcDbEntity
  8
User.1
  6
CONTINUOUS
 62
  256
370
   -1
100
AcDbLine
 10
5.286973661417322
 20
-3.484053700787401
 11
5.288627559055118
 21
-3.483368622047244
  0
LINE
  5
197
100
AcDbEntity
  8
User.1
  6
CONTINUOUS
 62
  256
370
   -1
100
AcDbLine
 10
5.288627559055118
 20
-3.483368622047244
 11
5.28989342519685
 21
-3.482102755905512
  0
LINE
  5
198
100
AcDbEntity
  8
User.1
  6
CONTINUOUS
 62
  256
370
   -1
100
AcDbLine
 10
5.28989342519685
 20
-3.482102755905512
 11
5.290578503937008
 21
-3.480448858267716
  0
LINE
  5
199
100
AcDbEntity
  8
User.1
  6
CONTINUOUS
 62
  256
370
   -1
100
AcDbLine
 10
5.290578503937008
 20
-3.480448858267716
 11
5.290578503937008
 21
-3.478658700787402
  0
LINE
  5
19A
100
AcDbEntity
  8
User.1
  6
CONTINUOUS
 62
  256
370
   -1
100
AcDbLine
 10
5.290578503937008
 20
-3.478658700787402
 11
5.28989342519685
 21
-3.477004803149606
  0
LINE
  5
19B
100
AcDbEntity
  8
User.1
  6
CONTINUOUS
 62
  256
370
   -1
100
AcDbLine
 10
5.28989342519685
 20
-3.477004803149606
 11
5.288627559055118
 21
-3.475738937007874
  0
LINE
  5
19C
100
AcDbEntity
  8
User.1
  6
CONTINUOUS
 62
  256
370
   -1
100
AcDbLine
 10
5.288627559055118
 20
-3.475738937007874
 11
5.286973661417322
 21
-3.475053858267716
  0
LINE
  5
19D
100
AcDbEntity
  8
User.1
  6
CONTINUOUS
 62
  256
370
   -1
100
AcDbLine
 10
5.286973661417322
 20
-3.475053858267716
 11
5.285183503937008
 21
-3.475053858267716
  0
LINE
  5
19E
100
AcDbEntity
  8
User.1
  6
CONTINUOUS
 62
  256
370
   -1
100
AcDbLine
 10
5.285183503937008
 20
-3.475053858267716
 11
5.283529606299212
 21
-3.475738937007874
  0
LINE
  5
19F
100
AcDbEntity
  8
User.1
  6
CONTINUOUS
 62
  256
370
   -1
100
AcDbLine
 10
5.283529606299212
 20
-3.475738937007874
 11
5.282263740157481
 21
-3.477004803149606
  0
LINE
  5
1A0
100
AcDbEntity
  8
User.1
  6
CONTINUOUS
 62
  256
370
   -1
100
AcDbLine
 10
5.282263740157481
 20
-3.477004803149606
 11
5.281578661417322
 21
-3.478658700787402
  0
LINE
  5
1A1
100
AcDbEntity
  8
User.1
  6
CONTINUOUS
 62
  256
370
   -1
100
AcDbLine
 10
5.281578661417322
 20
-3.478658700787402
 11
5.281578661417322
 21
-3.480448858267716
  0
LINE
  5
1A2
100
AcDbEntity
  8
User.1
  6
CONTINUOUS
 62
  256
370
   -1
100
AcDbLine
 10
4.682701811023622
 20
-3.42765468503937
 11
4.684219251968504
 21
-3.429172125984252
  0
LINE
  5
1A3
100
AcDbEntity
  8
User.1
  6
CONTINUOUS
 62
  256
370
   -1
100
AcDbLine
 10
4.684219251968504
 20
-3.429172125984252
 11
4.685040511811024
 21
-3.431154763779527
  0
LINE
  5
1A4
100
AcDbEntity
  8
User.1
  6
CONTINUOUS
 62
  256
370
   -1
100
AcDbLine
 10
4.685040511811024
 20
-3.431154763779527
 11
4.685040511811024
 21
-3.433300748031496
  0
LINE
  5
1A5
100
AcDbEntity
  8
User.1
  6
CONTINUOUS
 62
  256
370
   -1
100
AcDbLine
 10
4.685040511811024
 20
-3.433300748031496
 11
4.684219251968504
 21
-3.435283385826772
  0
LINE
  5
1A6
100
AcDbEntity
  8
User.1
  6
CONTINUOUS
 62
  256
370
   -1
100
AcDbLine
 10
4.684219251968504
 20
-3.435283385826772
 11
4.682701811023622
 21
-3.436800826771654
  0
LINE
  5
1A7
100
AcDbEntity
  8
User.1
  6
CONTINUOUS
 62
  256
370
   -1
100
AcDbLine
 10
4.682701811023622
 20
-3.436800826771654
 11
4.680719173228346
 21
-3.437622086614173
  0
LINE
  5
1A8
100
AcDbEntity
  8
User.1
  6
CONTINUOUS
 62
  256
370
   -1
100
AcDbLine
 10
4.680719173228346
 20
-3.437622086614173
 11
4.678573188976378
 21
-3.437622086614173
  0
LINE
  5
1A9
100
AcDbEntity
  8
User.1
  6
CONTINUOUS
 62
  256
370
   -1
100
AcDbLine
 10
4.678573188976378
 20
-3.437622086614173
 11
4.676590551181103
 21
-3.436800826771654
  0
LINE
  5
1AA
100
AcDbEntity
  8
User.1
  6
CONTINUOUS
 62
  256
370
   -1
100
AcDbLine
 10
4.676590551181103
 20
-3.436800826771654
 11
4.67507311023622
 21
-3.435283385826772
  0
LINE
  5
1AB
100
AcDbEntity
  8
User.1
  6
CONTINUOUS
 62
  256
370
   -1
100
AcDbLine
 10
4.67507311023622
 20
-3.435283385826772
 11
4.6742518503937
 21
-3.433300748031496
  0
LINE
  5
1AC
100
AcDbEntity
  8
User.1
  6
CONTINUOUS
 62
  256
370
   -1
100
AcDbLine
 10
4.6742518503937
 20
-3.433300748031496
 11
4.6742518503937
 21
-3.431332637795276
  0
LINE
  5
1AD
100
AcDbEntity
  8
User.1
  6
CONTINUOUS
 62
  256
370
   -1
100
AcDbLine
 10
4.6742518503937
 20
-3.431332637795276
 11
4.6742518503937
 21
-3.431154763779527
  0
LINE
  5
1AE
100
AcDbEntity
  8
User.1
  6
CONTINUOUS
 62
  256
370
   -1
100
AcDbLine
 10
4.6742518503937
 20
-3.431154763779527
 11
4.67507311023622
 21
-3.429172125984252
  0
LINE
  5
1AF
100
AcDbEntity
  8
User.1
  6
CONTINUOUS
 62
  256
370
   -1
100
AcDbLine
 10
4.67507311023622
 20
-3.429172125984252
 11
4.676590551181103
 21
-3.42765468503937
  0
LINE
  5
1B0
100
AcDbEntity
  8
User.1
  6
CONTINUOUS
 62
  256
370
   -1
100
AcDbLine
 10
4.676590551181103
 20
-3.42765468503937
 11
4.678573188976378
 21
-3.42683342519685
  0
LINE
  5
1B1
100
AcDbEntity
  8
User.1
  6
CONTINUOUS
 62
  256
370
   -1
100
AcDbLine
 10
4.678573188976378
 20
-3.42683342519685
 11
4.680719173228346
 21
-3.42683342519685
  0
LINE
  5
1B2
100
AcDbEntity
  8
User.1
  6
CONTINUOUS
 62
  256
370
   -1
100
AcDbLine
 10
4.680719173228346
 20
-3.42683342519685
 11
4.682701811023622
 21
-3.42765468503937
  0
LINE
  5
1B3
100
AcDbEntity
  8
User.1
  6
CONTINUOUS
 62
  256
370
   -1
100
AcDbLine
 10
4.675146181102362
 20
-3.433122874015748
 11
4.67583125984252
 21
-3.434776811023622
  0
LINE
  5
1B4
100
AcDbEntity
  8
User.1
  6
CONTINUOUS
 62
  256
370
   -1
100
AcDbLine
 10
4.67583125984252
 20
-3.434776811023622
 11
4.677097125984252
 21
-3.436042677165354
  0
LINE
  5
1B5
100
AcDbEntity
  8
User.1
  6
CONTINUOUS
 62
  256
370
   -1
100
AcDbLine
 10
4.677097125984252
 20
-3.436042677165354
 11
4.678751062992126
 21
-3.436727755905512
  0
LINE
  5
1B6
100
AcDbEntity
  8
User.1
  6
CONTINUOUS
 62
  256
370
   -1
100
AcDbLine
 10
4.678751062992126
 20
-3.436727755905512
 11
4.680541299212599
 21
-3.436727755905512
  0
LINE
  5
1B7
100
AcDbEntity
  8
User.1
  6
CONTINUOUS
 62
  256
370
   -1
100
AcDbLine
 10
4.680541299212599
 20
-3.436727755905512
 11
4.682195236220473
 21
-3.436042677165354
  0
LINE
  5
1B8
100
AcDbEntity
  8
User.1
  6
CONTINUOUS
 62
  256
370
   -1
100
AcDbLine
 10
4.682195236220473
 20
-3.436042677165354
 11
4.683461102362204
 21
-3.434776811023622
  0
LINE
  5
1B9
100
AcDbEntity
  8
User.1
  6
CONTINUOUS
 62
  256
370
   -1
100
AcDbLine
 10
4.683461102362204
 20
-3.434776811023622
 11
4.684146181102362
 21
-3.433122874015748
  0
LINE
  5
1BA
100
AcDbEntity
  8
User.1
  6
CONTINUOUS
 62
  256
370
   -1
100
AcDbLine
 10
4.684146181102362
 20
-3.433122874015748
 11
4.684146181102362
 21
-3.431332637795276
  0
LINE
  5
1BB
100
AcDbEntity
  8
User.1
  6
CONTINUOUS
 62
  256
370
   -1
100
AcDbLine
 10
4.684146181102362
 20
-3.431332637795276
 11
4.683461102362204
 21
-3.429678700787401
  0
LINE
  5
1BC
100
AcDbEntity
  8
User.1
  6
CONTINUOUS
 62
  256
370
   -1
100
AcDbLine
 10
4.683461102362204
 20
-3.429678700787401
 11
4.682195236220473
 21
-3.428412834645669
  0
LINE
  5
1BD
100
AcDbEntity
  8
User.1
  6
CONTINUOUS
 62
  256
370
   -1
100
AcDbLine
 10
4.682195236220473
 20
-3.428412834645669
 11
4.680541299212599
 21
-3.427727755905512
  0
LINE
  5
1BE
100
AcDbEntity
  8
User.1
  6
CONTINUOUS
 62
  256
370
   -1
100
AcDbLine
 10
4.680541299212599
 20
-3.427727755905512
 11
4.678751062992126
 21
-3.427727755905512
  0
LINE
  5
1BF
100
AcDbEntity
  8
User.1
  6
CONTINUOUS
 62
  256
370
   -1
100
AcDbLine
 10
4.678751062992126
 20
-3.427727755905512
 11
4.677097125984252
 21
-3.428412834645669
  0
LINE
  5
1C0
100
AcDbEntity
  8
User.1
  6
CONTINUOUS
 62
  256
370
   -1
100
AcDbLine
 10
4.677097125984252
 20
-3.428412834645669
 11
4.67583125984252
 21
-3.429678700787401
  0
LINE
  5
1C1
100
AcDbEntity
  8
User.1
  6
CONTINUOUS
 62
  256
370
   -1
100
AcDbLine
 10
4.67583125984252
 20
-3.429678700787401
 11
4.675146181102362
 21
-3.431332637795276
  0
LINE
  5
1C2
100
AcDbEntity
  8
User.1
  6
CONTINUOUS
 62
  256
370
   -1
100
AcDbLine
 10
4.675146181102362
 20
-3.431332637795276
 11
4.675146181102362
 21
-3.433122874015748
  0
LINE
  5
1C3
100
AcDbEntity
  8
User.1
  6
CONTINUOUS
 62
  256
370
   -1
100
AcDbLine
 10
5.280418622047244
 20
-3.37536125984252
 11
5.281936062992126
 21
-3.376878700787401
  0
LINE
  5
1C4
100
AcDbEntity
  8
User.1
  6
CONTINUOUS
 62
  256
370
   -1
100
AcDbLine
 10
5.281936062992126
 20
-3.376878700787401
 11
5.282757322834645
 21
-3.378861338582677
  0
LINE
  5
1C5
100
AcDbEntity
  8
User.1
  6
CONTINUOUS
 62
  256
370
   -1
100
AcDbLine
 10
5.282757322834645
 20
-3.378861338582677
 11
5.282757322834645
 21
-3.381007322834646
  0
LINE
  5
1C6
100
AcDbEntity
  8
User.1
  6
CONTINUOUS
 62
  256
370
   -1
100
AcDbLine
 10
5.282757322834645
 20
-3.381007322834646
 11
5.281936062992126
 21
-3.382989960629921
  0
LINE
  5
1C7
100
AcDbEntity
  8
User.1
  6
CONTINUOUS
 62
  256
370
   -1
100
AcDbLine
 10
5.281936062992126
 20
-3.382989960629921
 11
5.280418622047244
 21
-3.384507401574803
  0
LINE
  5
1C8
100
AcDbEntity
  8
User.1
  6
CONTINUOUS
 62
  256
370
   -1
100
AcDbLine
 10
5.280418622047244
 20
-3.384507401574803
 11
5.278435984251969
 21
-3.385328661417323
  0
LINE
  5
1C9
100
AcDbEntity
  8
User.1
  6
CONTINUOUS
 62
  256
370
   -1
100
AcDbLine
 10
5.278435984251969
 20
-3.385328661417323
 11
5.276289999999999
 21
-3.385328661417323
  0
LINE
  5
1CA
100
AcDbEntity
  8
User.1
  6
CONTINUOUS
 62
  256
370
   -1
100
AcDbLine
 10
5.276289999999999
 20
-3.385328661417323
 11
5.274307362204724
 21
-3.384507401574803
  0
LINE
  5
1CB
100
AcDbEntity
  8
User.1
  6
CONTINUOUS
 62
  256
370
   -1
100
AcDbLine
 10
5.274307362204724
 20
-3.384507401574803
 11
5.272789921259842
 21
-3.382989960629921
  0
LINE
  5
1CC
100
AcDbEntity
  8
User.1
  6
CONTINUOUS
 62
  256
370
   -1
100
AcDbLine
 10
5.272789921259842
 20
-3.382989960629921
 11
5.271968661417323
 21
-3.381007322834646
  0
LINE
  5
1CD
100
AcDbEntity
  8
User.1
  6
CONTINUOUS
 62
  256
370
   -1
100
AcDbLine
 10
5.271968661417323
 20
-3.381007322834646
 11
5.271968661417323
 21
-3.379039212598425
  0
LINE
  5
1CE
100
AcDbEntity
  8
User.1
  6
CONTINUOUS
 62
  256
370
   -1
100
AcDbLine
 10
5.271968661417323
 20
-3.379039212598425
 11
5.271968661417323
 21
-3.378861338582677
  0
LINE
  5
1CF
100
AcDbEntity
  8
User.1
  6
CONTINUOUS
 62
  256
370
   -1
100
AcDbLine
 10
5.271968661417323
 20
-3.378861338582677
 11
5.272789921259842
 21
-3.376878700787401
  0
LINE
  5
1D0
100
AcDbEntity
  8
User.1
  6
CONTINUOUS
 62
  256
370
   -1
100
AcDbLine
 10
5.272789921259842
 20
-3.376878700787401
 11
5.274307362204724
 21
-3.37536125984252
  0
LINE
  5
1D1
100
AcDbEntity
  8
User.1
  6
CONTINUOUS
 62
  256
370
   -1
100
AcDbLine
 10
5.274307362204724
 20
-3.37536125984252
 11
5.276289999999999
 21
-3.37454
  0
LINE
  5
1D2
100
AcDbEntity
  8
User.1
  6
CONTINUOUS
 62
  256
370
   -1
100
AcDbLine
 10
5.276289999999999
 20
-3.37454
 11
5.278435984251969
 21
-3.37454
  0
LINE
  5
1D3
100
AcDbEntity
  8
User.1
  6
CONTINUOUS
 62
  256
370
   -1
100
AcDbLine
 10
5.278435984251969
 20
-3.37454
 11
5.280418622047244
 21
-3.37536125984252
  0
LINE
  5
1D4
100
AcDbEntity
  8
User.1
  6
CONTINUOUS
 62
  256
370
   -1
100
AcDbLine
 10
5.272862992125984
 20
-3.380829448818897
 11
5.273548070866141
 21
-3.382483385826772
  0
LINE
  5
1D5
100
AcDbEntity
  8
User.1
  6
CONTINUOUS
 62
  256
370
   -1
100
AcDbLine
 10
5.273548070866141
 20
-3.382483385826772
 11
5.274813937007874
 21
-3.383749251968504
  0
LINE
  5
1D6
100
AcDbEntity
  8
User.1
  6
CONTINUOUS
 62
  256
370
   -1
100
AcDbLine
 10
5.274813937007874
 20
-3.383749251968504
 11
5.276467874015748
 21
-3.384434330708662
  0
LINE
  5
1D7
100
AcDbEntity
  8
User.1
  6
CONTINUOUS
 62
  256
370
   -1
100
AcDbLine
 10
5.276467874015748
 20
-3.384434330708662
 11
5.27825811023622
 21
-3.384434330708662
  0
LINE
  5
1D8
100
AcDbEntity
  8
User.1
  6
CONTINUOUS
 62
  256
370
   -1
100
AcDbLine
 10
5.27825811023622
 20
-3.384434330708662
 11
5.279912047244094
 21
-3.383749251968504
  0
LINE
  5
1D9
100
AcDbEntity
  8
User.1
  6
CONTINUOUS
 62
  256
370
   -1
100
AcDbLine
 10
5.279912047244094
 20
-3.383749251968504
 11
5.281177913385827
 21
-3.382483385826772
  0
LINE
  5
1DA
100
AcDbEntity
  8
User.1
  6
CONTINUOUS
 62
  256
370
   -1
100
AcDbLine
 10
5.281177913385827
 20
-3.382483385826772
 11
5.281862992125984
 21
-3.380829448818897
  0
LINE
  5
1DB
100
AcDbEntity
  8
User.1
  6
CONTINUOUS
 62
  256
370
   -1
100
AcDbLine
 10
5.281862992125984
 20
-3.380829448818897
 11
5.281862992125984
 21
-3.379039212598425
  0
LINE
  5
1DC
100
AcDbEntity
  8
User.1
  6
CONTINUOUS
 62
  256
370
   -1
100
AcDbLine
 10
5.281862992125984
 20
-3.379039212598425
 11
5.281177913385827
 21
-3.377385275590551
  0
LINE
  5
1DD
100
AcDbEntity
  8
User.1
  6
CONTINUOUS
 62
  256
370
   -1
100
AcDbLine
 10
5.281177913385827
 20
-3.377385275590551
 11
5.279912047244094
 21
-3.376119409448819
  0
LINE
  5
1DE
100
AcDbEntity
  8
User.1
  6
CONTINUOUS
 62
  256
370
   -1
100
AcDbLine
 10
5.279912047244094
 20
-3.376119409448819
 11
5.27825811023622
 21
-3.375434330708661
  0
LINE
  5
1DF
100
AcDbEntity
  8
User.1
  6
CONTINUOUS
 62
  256
370
   -1
100
AcDbLine
 10
5.27825811023622
 20
-3.375434330708661
 11
5.276467874015748
 21
-3.375434330708661
  0
LINE
  5
1E0
100
AcDbEntity
  8
User.1
  6
CONTINUOUS
 62
  256
370
   -1
100
AcDbLine
 10
5.276467874015748
 20
-3.375434330708661
 11
5.274813937007874
 21
-3.376119409448819
  0
LINE
  5
1E1
100
AcDbEntity
  8
User.1
  6
CONTINUOUS
 62
  256
370
   -1
100
AcDbLine
 10
5.274813937007874
 20
-3.376119409448819
 11
5.273548070866141
 21
-3.377385275590551
  0
LINE
  5
1E2
100
AcDbEntity
  8
User.1
  6
CONTINUOUS
 62
  256
370
   -1
100
AcDbLine
 10
5.273548070866141
 20
-3.377385275590551
 11
5.272862992125984
 21
-3.379039212598425
  0
LINE
  5
1E3
100
AcDbEntity
  8
User.1
  6
CONTINUOUS
 62
  256
370
   -1
100
AcDbLine
 10
5.272862992125984
 20
-3.379039212598425
 11
5.272862992125984
 21
-3.380829448818897
  0
LINE
  5
1E4
100
AcDbEntity
  8
User.1
  6
CONTINUOUS
 62
  256
370
   -1
100
AcDbLine
 10
4.673986220472441
 20
-3.328035236220472
 11
4.675503661417323
 21
-3.329552677165354
  0
LINE
  5
1E5
100
AcDbEntity
  8
User.1
  6
CONTINUOUS
 62
  256
370
   -1
100
AcDbLine
 10
4.675503661417323
 20
-3.329552677165354
 11
4.676324921259843
 21
-3.33153531496063
  0
LINE
  5
1E6
100
AcDbEntity
  8
User.1
  6
CONTINUOUS
 62
  256
370
   -1
100
AcDbLine
 10
4.676324921259843
 20
-3.33153531496063
 11
4.676324921259843
 21
-3.333681299212598
  0
LINE
  5
1E7
100
AcDbEntity
  8
User.1
  6
CONTINUOUS
 62
  256
370
   -1
100
AcDbLine
 10
4.676324921259843
 20
-3.333681299212598
 11
4.675503661417323
 21
-3.335663937007874
  0
LINE
  5
1E8
100
AcDbEntity
  8
User.1
  6
CONTINUOUS
 62
  256
370
   -1
100
AcDbLine
 10
4.675503661417323
 20
-3.335663937007874
 11
4.673986220472441
 21
-3.337181377952756
  0
LINE
  5
1E9
100
AcDbEntity
  8
User.1
  6
CONTINUOUS
 62
  256
370
   -1
100
AcDbLine
 10
4.673986220472441
 20
-3.337181377952756
 11
4.672003582677165
 21
-3.338002637795276
  0
LINE
  5
1EA
100
AcDbEntity
  8
User.1
  6
CONTINUOUS
 62
  256
370
   -1
100
AcDbLine
 10
4.672003582677165
 20
-3.338002637795276
 11
4.669857598425197
 21
-3.338002637795276
  0
LINE
  5
1EB
100
AcDbEntity
  8
User.1
  6
CONTINUOUS
 62
  256
370
   -1
100
AcDbLine
 10
4.669857598425197
 20
-3.338002637795276
 11
4.667874960629921
 21
-3.337181377952756
  0
LINE
  5
1EC
100
AcDbEntity
  8
User.1
  6
CONTINUOUS
 62
  256
370
   -1
100
AcDbLine
 10
4.667874960629921
 20
-3.337181377952756
 11
4.66635751968504
 21
-3.335663937007874
  0
LINE
  5
1ED
100
AcDbEntity
  8
User.1
  6
CONTINUOUS
 62
  256
370
   -1
100
AcDbLine
 10
4.66635751968504
 20
-3.335663937007874
 11
4.665536259842519
 21
-3.333681299212598
  0
LINE
  5
1EE
100
AcDbEntity
  8
User.1
  6
CONTINUOUS
 62
  256
370
   -1
100
AcDbLine
 10
4.665536259842519
 20
-3.333681299212598
 11
4.665536259842519
 21
-3.331713188976378
  0
LINE
  5
1EF
100
AcDbEntity
  8
User.1
  6
CONTINUOUS
 62
  256
370
   -1
100
AcDbLine
 10
4.665536259842519
 20
-3.331713188976378
 11
4.665536259842519
 21
-3.33153531496063
  0
LINE
  5
1F0
100
AcDbEntity
  8
User.1
  6
CONTINUOUS
 62
  256
370
   -1
100
AcDbLine
 10
4.665536259842519
 20
-3.33153531496063
 11
4.66635751968504
 21
-3.329552677165354
  0
LINE
  5
1F1
100
AcDbEntity
  8
User.1
  6
CONTINUOUS
 62
  256
370
   -1
100
AcDbLine
 10
4.66635751968504
 20
-3.329552677165354
 11
4.667874960629921
 21
-3.328035236220472
  0
LINE
  5
1F2
100
AcDbEntity
  8
User.1
  6
CONTINUOUS
 62
  256
370
   -1
100
AcDbLine
 10
4.667874960629921
 20
-3.328035236220472
 11
4.669857598425197
 21
-3.327213976377953
  0
LINE
  5
1F3
100
AcDbEntity
  8
User.1
  6
CONTINUOUS
 62
  256
370
   -1
100
AcDbLine
 10
4.669857598425197
 20
-3.327213976377953
 11
4.672003582677165
 21
-3.327213976377953
  0
LINE
  5
1F4
100
AcDbEntity
  8
User.1
  6
CONTINUOUS
 62
  256
370
   -1
100
AcDbLine
 10
4.672003582677165
 20
-3.327213976377953
 11
4.673986220472441
 21
-3.328035236220472
  0
LINE
  5
1F5
100
AcDbEntity
  8
User.1
  6
CONTINUOUS
 62
  256
370
   -1
100
AcDbLine
 10
4.666430590551181
 20
-3.333503425196851
 11
4.667115669291339
 21
-3.335157362204724
  0
LINE
  5
1F6
100
AcDbEntity
  8
User.1
  6
CONTINUOUS
 62
  256
370
   -1
100
AcDbLine
 10
4.667115669291339
 20
-3.335157362204724
 11
4.66838153543307
 21
-3.336423228346457
  0
LINE
  5
1F7
100
AcDbEntity
  8
User.1
  6
CONTINUOUS
 62
  256
370
   -1
100
AcDbLine
 10
4.66838153543307
 20
-3.336423228346457
 11
4.670035472440945
 21
-3.337108307086614
  0
LINE
  5
1F8
100
AcDbEntity
  8
User.1
  6
CONTINUOUS
 62
  256
370
   -1
100
AcDbLine
 10
4.670035472440945
 20
-3.337108307086614
 11
4.671825708661417
 21
-3.337108307086614
  0
LINE
  5
1F9
100
AcDbEntity
  8
User.1
  6
CONTINUOUS
 62
  256
370
   -1
100
AcDbLine
 10
4.671825708661417
 20
-3.337108307086614
 11
4.673479645669291
 21
-3.336423228346457
  0
LINE
  5
1FA
100
AcDbEntity
  8
User.1
  6
CONTINUOUS
 62
  256
370
   -1
100
AcDbLine
 10
4.673479645669291
 20
-3.336423228346457
 11
4.674745511811023
 21
-3.335157362204724
  0
LINE
  5
1FB
100
AcDbEntity
  8
User.1
  6
CONTINUOUS
 62
  256
370
   -1
100
AcDbLine
 10
4.674745511811023
 20
-3.335157362204724
 11
4.675430590551181
 21
-3.333503425196851
  0
LINE
  5
1FC
100
AcDbEntity
  8
User.1
  6
CONTINUOUS
 62
  256
370
   -1
100
AcDbLine
 10
4.675430590551181
 20
-3.333503425196851
 11
4.675430590551181
 21
-3.331713188976378
  0
LINE
  5
1FD
100
AcDbEntity
  8
User.1
  6
CONTINUOUS
 62
  256
370
   -1
100
AcDbLine
 10
4.675430590551181
 20
-3.331713188976378
 11
4.674745511811023
 21
-3.330059251968504
  0
LINE
  5
1FE
100
AcDbEntity
  8
User.1
  6
CONTINUOUS
 62
  256
370
   -1
100
AcDbLine
 10
4.674745511811023
 20
-3.330059251968504
 11
4.673479645669291
 21
-3.328793385826772
  0
LINE
  5
1FF
100
AcDbEntity
  8
User.1
  6
CONTINUOUS
 62
  256
370
   -1
100
AcDbLine
 10
4.673479645669291
 20
-3.328793385826772
 11
4.671825708661417
 21
-3.328108307086614
  0
LINE
  5
200
100
AcDbEntity
  8
User.1
  6
CONTINUOUS
 62
  256
370
   -1
100
AcDbLine
 10
4.671825708661417
 20
-3.328108307086614
 11
4.670035472440945
 21
-3.328108307086614
  0
LINE
  5
201
100
AcDbEntity
  8
User.1
  6
CONTINUOUS
 62
  256
370
   -1
100
AcDbLine
 10
4.670035472440945
 20
-3.328108307086614
 11
4.66838153543307
 21
-3.328793385826772
  0
LINE
  5
202
100
AcDbEntity
  8
User.1
  6
CONTINUOUS
 62
  256
370
   -1
100
AcDbLine
 10
4.66838153543307
 20
-3.328793385826772
 11
4.667115669291339
 21
-3.330059251968504
  0
LINE
  5
203
100
AcDbEntity
  8
User.1
  6
CONTINUOUS
 62
  256
370
   -1
100
AcDbLine
 10
4.667115669291339
 20
-3.330059251968504
 11
4.666430590551181
 21
-3.331713188976378
  0
LINE
  5
204
100
AcDbEntity
  8
User.1
  6
CONTINUOUS
 62
  256
370
   -1
100
AcDbLine
 10
4.666430590551181
 20
-3.331713188976378
 11
4.666430590551181
 21
-3.333503425196851
  0
LINE
  5
205
100
AcDbEntity
  8
User.1
  6
CONTINUOUS
 62
  256
370
   -1
100
AcDbLine
 10
5.271703031496063
 20
-3.275741771653543
 11
5.273220472440944
 21
-3.277259212598425
  0
LINE
  5
206
100
AcDbEntity
  8
User.1
  6
CONTINUOUS
 62
  256
370
   -1
100
AcDbLine
 10
5.273220472440944
 20
-3.277259212598425
 11
5.274041732283465
 21
-3.279241850393701
  0
LINE
  5
207
100
AcDbEntity
  8
User.1
  6
CONTINUOUS
 62
  256
370
   -1
100
AcDbLine
 10
5.274041732283465
 20
-3.279241850393701
 11
5.274041732283465
 21
-3.281387834645669
  0
LINE
  5
208
100
AcDbEntity
  8
User.1
  6
CONTINUOUS
 62
  256
370
   -1
100
AcDbLine
 10
5.274041732283465
 20
-3.281387834645669
 11
5.273220472440944
 21
-3.283370472440945
  0
LINE
  5
209
100
AcDbEntity
  8
User.1
  6
CONTINUOUS
 62
  256
370
   -1
100
AcDbLine
 10
5.273220472440944
 20
-3.283370472440945
 11
5.271703031496063
 21
-3.284887913385827
  0
LINE
  5
20A
100
AcDbEntity
  8
User.1
  6
CONTINUOUS
 62
  256
370
   -1
100
AcDbLine
 10
5.271703031496063
 20
-3.284887913385827
 11
5.269720393700787
 21
-3.285709173228347
  0
LINE
  5
20B
100
AcDbEntity
  8
User.1
  6
CONTINUOUS
 62
  256
370
   -1
100
AcDbLine
 10
5.269720393700787
 20
-3.285709173228347
 11
5.267574409448819
 21
-3.285709173228347
  0
LINE
  5
20C
100
AcDbEntity
  8
User.1
  6
CONTINUOUS
 62
  256
370
   -1
100
AcDbLine
 10
5.267574409448819
 20
-3.285709173228347
 11
5.265591771653543
 21
-3.284887913385827
  0
LINE
  5
20D
100
AcDbEntity
  8
User.1
  6
CONTINUOUS
 62
  256
370
   -1
100
AcDbLine
 10
5.265591771653543
 20
-3.284887913385827
 11
5.264074330708661
 21
-3.283370472440945
  0
LINE
  5
20E
100
AcDbEntity
  8
User.1
  6
CONTINUOUS
 62
  256
370
   -1
100
AcDbLine
 10
5.264074330708661
 20
-3.283370472440945
 11
5.263253070866142
 21
-3.281387834645669
  0
LINE
  5
20F
100
AcDbEntity
  8
User.1
  6
CONTINUOUS
 62
  256
370
   -1
100
AcDbLine
 10
5.263253070866142
 20
-3.281387834645669
 11
5.263253070866142
 21
-3.279419724409449
  0
LINE
  5
210
100
AcDbEntity
  8
User.1
  6
CONTINUOUS
 62
  256
370
   -1
100
AcDbLine
 10
5.263253070866142
 20
-3.279419724409449
 11
5.263253070866142
 21
-3.279241850393701
  0
LINE
  5
211
100
AcDbEntity
  8
User.1
  6
CONTINUOUS
 62
  256
370
   -1
100
AcDbLine
 10
5.263253070866142
 20
-3.279241850393701
 11
5.264074330708661
 21
-3.277259212598425
  0
LINE
  5
212
100
AcDbEntity
  8
User.1
  6
CONTINUOUS
 62
  256
370
   -1
100
AcDbLine
 10
5.264074330708661
 20
-3.277259212598425
 11
5.265591771653543
 21
-3.275741771653543
  0
LINE
  5
213
100
AcDbEntity
  8
User.1
  6
CONTINUOUS
 62
  256
370
   -1
100
AcDbLine
 10
5.265591771653543
 20
-3.275741771653543
 11
5.267574409448819
 21
-3.274920511811024
  0
LINE
  5
214
100
AcDbEntity
  8
User.1
  6
CONTINUOUS
 62
  256
370
   -1
100
AcDbLine
 10
5.267574409448819
 20
-3.274920511811024
 11
5.269720393700787
 21
-3.274920511811024
  0
LINE
  5
215
100
AcDbEntity
  8
User.1
  6
CONTINUOUS
 62
  256
370
   -1
100
AcDbLine
 10
5.269720393700787
 20
-3.274920511811024
 11
5.271703031496063
 21
-3.275741771653543
  0
LINE
  5
216
100
AcDbEntity
  8
User.1
  6
CONTINUOUS
 62
  256
370
   -1
100
AcDbLine
 10
5.264147401574803
 20
-3.281209960629921
 11
5.26483248031496
 21
-3.282863897637795
  0
LINE
  5
217
100
AcDbEntity
  8
User.1
  6
CONTINUOUS
 62
  256
370
   -1
100
AcDbLine
 10
5.26483248031496
 20
-3.282863897637795
 11
5.266098346456693
 21
-3.284129763779528
  0
LINE
  5
218
100
AcDbEntity
  8
User.1
  6
CONTINUOUS
 62
  256
370
   -1
100
AcDbLine
 10
5.266098346456693
 20
-3.284129763779528
 11
5.267752283464567
 21
-3.284814842519685
  0
LINE
  5
219
100
AcDbEntity
  8
User.1
  6
CONTINUOUS
 62
  256
370
   -1
100
AcDbLine
 10
5.267752283464567
 20
-3.284814842519685
 11
5.269542519685039
 21
-3.284814842519685
  0
LINE
  5
21A
100
AcDbEntity
  8
User.1
  6
CONTINUOUS
 62
  256
370
   -1
100
AcDbLine
 10
5.269542519685039
 20
-3.284814842519685
 11
5.271196456692913
 21
-3.284129763779528
  0
LINE
  5
21B
100
AcDbEntity
  8
User.1
  6
CONTINUOUS
 62
  256
370
   -1
100
AcDbLine
 10
5.271196456692913
 20
-3.284129763779528
 11
5.272462322834645
 21
-3.282863897637795
  0
LINE
  5
21C
100
AcDbEntity
  8
User.1
  6
CONTINUOUS
 62
  256
370
   -1
100
AcDbLine
 10
5.272462322834645
 20
-3.282863897637795
 11
5.273147401574803
 21
-3.281209960629921
  0
LINE
  5
21D
100
AcDbEntity
  8
User.1
  6
CONTINUOUS
 62
  256
370
   -1
100
AcDbLine
 10
5.273147401574803
 20
-3.281209960629921
 11
5.273147401574803
 21
-3.279419724409449
  0
LINE
  5
21E
100
AcDbEntity
  8
User.1
  6
CONTINUOUS
 62
  256
370
   -1
100
AcDbLine
 10
5.273147401574803
 20
-3.279419724409449
 11
5.272462322834645
 21
-3.277765787401575
  0
LINE
  5
21F
100
AcDbEntity
  8
User.1
  6
CONTINUOUS
 62
  256
370
   -1
100
AcDbLine
 10
5.272462322834645
 20
-3.277765787401575
 11
5.271196456692913
 21
-3.276499921259842
  0
LINE
  5
220
100
AcDbEntity
  8
User.1
  6
CONTINUOUS
 62
  256
370
   -1
100
AcDbLine
 10
5.271196456692913
 20
-3.276499921259842
 11
5.269542519685039
 21
-3.275814842519685
  0
LINE
  5
221
100
AcDbEntity
  8
User.1
  6
CONTINUOUS
 62
  256
370
   -1
100
AcDbLine
 10
5.269542519685039
 20
-3.275814842519685
 11
5.267752283464567
 21
-3.275814842519685
  0
LINE
  5
222
100
AcDbEntity
  8
User.1
  6
CONTINUOUS
 62
  256
370
   -1
100
AcDbLine
 10
5.267752283464567
 20
-3.275814842519685
 11
5.266098346456693
 21
-3.276499921259842
  0
LINE
  5
223
100
AcDbEntity
  8
User.1
  6
CONTINUOUS
 62
  256
370
   -1
100
AcDbLine
 10
5.266098346456693
 20
-3.276499921259842
 11
5.26483248031496
 21
-3.277765787401575
  0
LINE
  5
224
100
AcDbEntity
  8
User.1
  6
CONTINUOUS
 62
  256
370
   -1
100
AcDbLine
 10
5.26483248031496
 20
-3.277765787401575
 11
5.264147401574803
 21
-3.279419724409449
  0
LINE
  5
225
100
AcDbEntity
  8
User.1
  6
CONTINUOUS
 62
  256
370
   -1
100
AcDbLine
 10
5.264147401574803
 20
-3.279419724409449
 11
5.264147401574803
 21
-3.281209960629921
  0
LINE
  5
226
100
AcDbEntity
  8
User.1
  6
CONTINUOUS
 62
  256
370
   -1
100
AcDbLine
 10
4.665270669291338
 20
-3.228415748031496
 11
4.666788110236221
 21
-3.229933188976378
  0
LINE
  5
227
100
AcDbEntity
  8
User.1
  6
CONTINUOUS
 62
  256
370
   -1
100
AcDbLine
 10
4.666788110236221
 20
-3.229933188976378
 11
4.66760937007874
 21
-3.231915826771654
  0
LINE
  5
228
100
AcDbEntity
  8
User.1
  6
CONTINUOUS
 62
  256
370
   -1
100
AcDbLine
 10
4.66760937007874
 20
-3.231915826771654
 11
4.66760937007874
 21
-3.234061811023622
  0
LINE
  5
229
100
AcDbEntity
  8
User.1
  6
CONTINUOUS
 62
  256
370
   -1
100
AcDbLine
 10
4.66760937007874
 20
-3.234061811023622
 11
4.666788110236221
 21
-3.236044448818898
  0
LINE
  5
22A
100
AcDbEntity
  8
User.1
  6
CONTINUOUS
 62
  256
370
   -1
100
AcDbLine
 10
4.666788110236221
 20
-3.236044448818898
 11
4.665270669291338
 21
-3.237561889763779
  0
LINE
  5
22B
100
AcDbEntity
  8
User.1
  6
CONTINUOUS
 62
  256
370
   -1
100
AcDbLine
 10
4.665270669291338
 20
-3.237561889763779
 11
4.663288031496063
 21
-3.238383149606299
  0
LINE
  5
22C
100
AcDbEntity
  8
User.1
  6
CONTINUOUS
 62
  256
370
   -1
100
AcDbLine
 10
4.663288031496063
 20
-3.238383149606299
 11
4.661142047244095
 21
-3.238383149606299
  0
LINE
  5
22D
100
AcDbEntity
  8
User.1
  6
CONTINUOUS
 62
  256
370
   -1
100
AcDbLine
 10
4.661142047244095
 20
-3.238383149606299
 11
4.659159409448819
 21
-3.237561889763779
  0
LINE
  5
22E
100
AcDbEntity
  8
User.1
  6
CONTINUOUS
 62
  256
370
   -1
100
AcDbLine
 10
4.659159409448819
 20
-3.237561889763779
 11
4.657641968503937
 21
-3.236044448818898
  0
LINE
  5
22F
100
AcDbEntity
  8
User.1
  6
CONTINUOUS
 62
  256
370
   -1
100
AcDbLine
 10
4.657641968503937
 20
-3.236044448818898
 11
4.656820708661417
 21
-3.234061811023622
  0
LINE
  5
230
100
AcDbEntity
  8
User.1
  6
CONTINUOUS
 62
  256
370
   -1
100
AcDbLine
 10
4.656820708661417
 20
-3.234061811023622
 11
4.656820708661417
 21
-3.232093700787401
  0
LINE
  5
231
100
AcDbEntity
  8
User.1
  6
CONTINUOUS
 62
  256
370
   -1
100
AcDbLine
 10
4.656820708661417
 20
-3.232093700787401
 11
4.656820708661417
 21
-3.231915826771654
  0
LINE
  5
232
100
AcDbEntity
  8
User.1
  6
CONTINUOUS
 62
  256
370
   -1
100
AcDbLine
 10
4.656820708661417
 20
-3.231915826771654
 11
4.657641968503937
 21
-3.229933188976378
  0
LINE
  5
233
100
AcDbEntity
  8
User.1
  6
CONTINUOUS
 62
  256
370
   -1
100
AcDbLine
 10
4.657641968503937
 20
-3.229933188976378
 11
4.659159409448819
 21
-3.228415748031496
  0
LINE
  5
234
100
AcDbEntity
  8
User.1
  6
CONTINUOUS
 62
  256
370
   -1
100
AcDbLine
 10
4.659159409448819
 20
-3.228415748031496
 11
4.661142047244095
 21
-3.227594488188976
  0
LINE
  5
235
100
AcDbEntity
  8
User.1
  6
CONTINUOUS
 62
  256
370
   -1
100
AcDbLine
 10
4.661142047244095
 20
-3.227594488188976
 11
4.663288031496063
 21
-3.227594488188976
  0
LINE
  5
236
100
AcDbEntity
  8
User.1
  6
CONTINUOUS
 62
  256
370
   -1
100
AcDbLine
 10
4.663288031496063
 20
-3.227594488188976
 11
4.665270669291338
 21
-3.228415748031496
  0
LINE
  5
237
100
AcDbEntity
  8
User.1
  6
CONTINUOUS
 62
  256
370
   -1
100
AcDbLine
 10
4.657715039370078
 20
-3.233883937007874
 11
4.658400118110236
 21
-3.235537874015748
  0
LINE
  5
238
100
AcDbEntity
  8
User.1
  6
CONTINUOUS
 62
  256
370
   -1
100
AcDbLine
 10
4.658400118110236
 20
-3.235537874015748
 11
4.659665984251968
 21
-3.23680374015748
  0
LINE
  5
239
100
AcDbEntity
  8
User.1
  6
CONTINUOUS
 62
  256
370
   -1
100
AcDbLine
 10
4.659665984251968
 20
-3.23680374015748
 11
4.661319921259842
 21
-3.237488818897638
  0
LINE
  5
23A
100
AcDbEntity
  8
User.1
  6
CONTINUOUS
 62
  256
370
   -1
100
AcDbLine
 10
4.661319921259842
 20
-3.237488818897638
 11
4.663110157480315
 21
-3.237488818897638
  0
LINE
  5
23B
100
AcDbEntity
  8
User.1
  6
CONTINUOUS
 62
  256
370
   -1
100
AcDbLine
 10
4.663110157480315
 20
-3.237488818897638
 11
4.664764094488189
 21
-3.23680374015748
  0
LINE
  5
23C
100
AcDbEntity
  8
User.1
  6
CONTINUOUS
 62
  256
370
   -1
100
AcDbLine
 10
4.664764094488189
 20
-3.23680374015748
 11
4.666029960629921
 21
-3.235537874015748
  0
LINE
  5
23D
100
AcDbEntity
  8
User.1
  6
CONTINUOUS
 62
  256
370
   -1
100
AcDbLine
 10
4.666029960629921
 20
-3.235537874015748
 11
4.666715039370079
 21
-3.233883937007874
  0
LINE
  5
23E
100
AcDbEntity
  8
User.1
  6
CONTINUOUS
 62
  256
370
   -1
100
AcDbLine
 10
4.666715039370079
 20
-3.233883937007874
 11
4.666715039370079
 21
-3.232093700787401
  0
LINE
  5
23F
100
AcDbEntity
  8
User.1
  6
CONTINUOUS
 62
  256
370
   -1
100
AcDbLine
 10
4.666715039370079
 20
-3.232093700787401
 11
4.666029960629921
 21
-3.230439763779528
  0
LINE
  5
240
100
AcDbEntity
  8
User.1
  6
CONTINUOUS
 62
  256
370
   -1
100
AcDbLine
 10
4.666029960629921
 20
-3.230439763779528
 11
4.664764094488189
 21
-3.229173897637795
  0
LINE
  5
241
100
AcDbEntity
  8
User.1
  6
CONTINUOUS
 62
  256
370
   -1
100
AcDbLine
 10
4.664764094488189
 20
-3.229173897637795
 11
4.663110157480315
 21
-3.228488818897638
  0
LINE
  5
242
100
AcDbEntity
  8
User.1
  6
CONTINUOUS
 62
  256
370
   -1
100
AcDbLine
 10
4.663110157480315
 20
-3.228488818897638
 11
4.661319921259842
 21
-3.228488818897638
  0
LINE
  5
243
100
AcDbEntity
  8
User.1
  6
CONTINUOUS
 62
  256
370
   -1
100
AcDbLine
 10
4.661319921259842
 20
-3.228488818897638
 11
4.659665984251968
 21
-3.229173897637795
  0
LINE
  5
244
100
AcDbEntity
  8
User.1
  6
CONTINUOUS
 62
  256
370
   -1
100
AcDbLine
 10
4.659665984251968
 20
-3.229173897637795
 11
4.658400118110236
 21
-3.230439763779528
  0
LINE
  5
245
100
AcDbEntity
  8
User.1
  6
CONTINUOUS
 62
  256
370
   -1
100
AcDbLine
 10
4.658400118110236
 20
-3.230439763779528
 11
4.657715039370078
 21
-3.232093700787401
  0
LINE
  5
246
100
AcDbEntity
  8
User.1
  6
CONTINUOUS
 62
  256
370
   -1
100
AcDbLine
 10
4.657715039370078
 20
-3.232093700787401
 11
4.657715039370078
 21
-3.233883937007874
  0
LINE
  5
247
100
AcDbEntity
  8
User.1
  6
CONTINUOUS
 62
  256
370
   -1
100
AcDbLine
 10
5.26298748031496
 20
-3.176122322834646
 11
5.264504921259842
 21
-3.177639763779527
  0
LINE
  5
248
100
AcDbEntity
  8
User.1
  6
CONTINUOUS
 62
  256
370
   -1
100
AcDbLine
 10
5.264504921259842
 20
-3.177639763779527
 11
5.265326181102362
 21
-3.179622401574803
  0
LINE
  5
249
100
AcDbEntity
  8
User.1
  6
CONTINUOUS
 62
  256
370
   -1
100
AcDbLine
 10
5.265326181102362
 20
-3.179622401574803
 11
5.265326181102362
 21
-3.181768385826772
  0
LINE
  5
24A
100
AcDbEntity
  8
User.1
  6
CONTINUOUS
 62
  256
370
   -1
100
AcDbLine
 10
5.265326181102362
 20
-3.181768385826772
 11
5.264504921259842
 21
-3.183751023622047
  0
LINE
  5
24B
100
AcDbEntity
  8
User.1
  6
CONTINUOUS
 62
  256
370
   -1
100
AcDbLine
 10
5.264504921259842
 20
-3.183751023622047
 11
5.26298748031496
 21
-3.185268464566929
  0
LINE
  5
24C
100
AcDbEntity
  8
User.1
  6
CONTINUOUS
 62
  256
370
   -1
100
AcDbLine
 10
5.26298748031496
 20
-3.185268464566929
 11
5.261004842519685
 21
-3.186089724409449
  0
LINE
  5
24D
100
AcDbEntity
  8
User.1
  6
CONTINUOUS
 62
  256
370
   -1
100
AcDbLine
 10
5.261004842519685
 20
-3.186089724409449
 11
5.258858858267716
 21
-3.186089724409449
  0
LINE
  5
24E
100
AcDbEntity
  8
User.1
  6
CONTINUOUS
 62
  256
370
   -1
100
AcDbLine
 10
5.258858858267716
 20
-3.186089724409449
 11
5.25687622047244
 21
-3.185268464566929
  0
LINE
  5
24F
100
AcDbEntity
  8
User.1
  6
CONTINUOUS
 62
  256
370
   -1
100
AcDbLine
 10
5.25687622047244
 20
-3.185268464566929
 11
5.255358779527559
 21
-3.183751023622047
  0
LINE
  5
250
100
AcDbEntity
  8
User.1
  6
CONTINUOUS
 62
  256
370
   -1
100
AcDbLine
 10
5.255358779527559
 20
-3.183751023622047
 11
5.254537519685039
 21
-3.181768385826772
  0
LINE
  5
251
100
AcDbEntity
  8
User.1
  6
CONTINUOUS
 62
  256
370
   -1
100
AcDbLine
 10
5.254537519685039
 20
-3.181768385826772
 11
5.254537519685039
 21
-3.179800275590551
  0
LINE
  5
252
100
AcDbEntity
  8
User.1
  6
CONTINUOUS
 62
  256
370
   -1
100
AcDbLine
 10
5.254537519685039
 20
-3.179800275590551
 11
5.254537519685039
 21
-3.179622401574803
  0
LINE
  5
253
100
AcDbEntity
  8
User.1
  6
CONTINUOUS
 62
  256
370
   -1
100
AcDbLine
 10
5.254537519685039
 20
-3.179622401574803
 11
5.255358779527559
 21
-3.177639763779527
  0
LINE
  5
254
100
AcDbEntity
  8
User.1
  6
CONTINUOUS
 62
  256
370
   -1
100
AcDbLine
 10
5.255358779527559
 20
-3.177639763779527
 11
5.25687622047244
 21
-3.176122322834646
  0
LINE
  5
255
100
AcDbEntity
  8
User.1
  6
CONTINUOUS
 62
  256
370
   -1
100
AcDbLine
 10
5.25687622047244
 20
-3.176122322834646
 11
5.258858858267716
 21
-3.175301062992126
  0
LINE
  5
256
100
AcDbEntity
  8
User.1
  6
CONTINUOUS
 62
  256
370
   -1
100
AcDbLine
 10
5.258858858267716
 20
-3.175301062992126
 11
5.261004842519685
 21
-3.175301062992126
  0
LINE
  5
257
100
AcDbEntity
  8
User.1
  6
CONTINUOUS
 62
  256
370
   -1
100
AcDbLine
 10
5.261004842519685
 20
-3.175301062992126
 11
5.26298748031496
 21
-3.176122322834646
  0
LINE
  5
258
100
AcDbEntity
  8
User.1
  6
CONTINUOUS
 62
  256
370
   -1
100
AcDbLine
 10
5.255431850393701
 20
-3.181590511811024
 11
5.256116929133858
 21
-3.183244448818898
  0
LINE
  5
259
100
AcDbEntity
  8
User.1
  6
CONTINUOUS
 62
  256
370
   -1
100
AcDbLine
 10
5.256116929133858
 20
-3.183244448818898
 11
5.25738279527559
 21
-3.18451031496063
  0
LINE
  5
25A
100
AcDbEntity
  8
User.1
  6
CONTINUOUS
 62
  256
370
   -1
100
AcDbLine
 10
5.25738279527559
 20
-3.18451031496063
 11
5.259036732283464
 21
-3.185195393700787
  0
LINE
  5
25B
100
AcDbEntity
  8
User.1
  6
CONTINUOUS
 62
  256
370
   -1
100
AcDbLine
 10
5.259036732283464
 20
-3.185195393700787
 11
5.260826968503937
 21
-3.185195393700787
  0
LINE
  5
25C
100
AcDbEntity
  8
User.1
  6
CONTINUOUS
 62
  256
370
   -1
100
AcDbLine
 10
5.260826968503937
 20
-3.185195393700787
 11
5.26248090551181
 21
-3.18451031496063
  0
LINE
  5
25D
100
AcDbEntity
  8
User.1
  6
CONTINUOUS
 62
  256
370
   -1
100
AcDbLine
 10
5.26248090551181
 20
-3.18451031496063
 11
5.263746771653543
 21
-3.183244448818898
  0
LINE
  5
25E
100
AcDbEntity
  8
User.1
  6
CONTINUOUS
 62
  256
370
   -1
100
AcDbLine
 10
5.263746771653543
 20
-3.183244448818898
 11
5.2644318503937
 21
-3.181590511811024
  0
LINE
  5
25F
100
AcDbEntity
  8
User.1
  6
CONTINUOUS
 62
  256
370
   -1
100
AcDbLine
 10
5.2644318503937
 20
-3.181590511811024
 11
5.2644318503937
 21
-3.179800275590551
  0
LINE
  5
260
100
AcDbEntity
  8
User.1
  6
CONTINUOUS
 62
  256
370
   -1
100
AcDbLine
 10
5.2644318503937
 20
-3.179800275590551
 11
5.263746771653543
 21
-3.178146338582677
  0
LINE
  5
261
100
AcDbEntity
  8
User.1
  6
CONTINUOUS
 62
  256
370
   -1
100
AcDbLine
 10
5.263746771653543
 20
-3.178146338582677
 11
5.26248090551181
 21
-3.176880472440945
  0
LINE
  5
262
100
AcDbEntity
  8
User.1
  6
CONTINUOUS
 62
  256
370
   -1
100
AcDbLine
 10
5.26248090551181
 20
-3.176880472440945
 11
5.260826968503937
 21
-3.176195393700787
  0
LINE
  5
263
100
AcDbEntity
  8
User.1
  6
CONTINUOUS
 62
  256
370
   -1
100
AcDbLine
 10
5.260826968503937
 20
-3.176195393700787
 11
5.259036732283464
 21
-3.176195393700787
  0
LINE
  5
264
100
AcDbEntity
  8
User.1
  6
CONTINUOUS
 62
  256
370
   -1
100
AcDbLine
 10
5.259036732283464
 20
-3.176195393700787
 11
5.25738279527559
 21
-3.176880472440945
  0
LINE
  5
265
100
AcDbEntity
  8
User.1
  6
CONTINUOUS
 62
  256
370
   -1
100
AcDbLine
 10
5.25738279527559
 20
-3.176880472440945
 11
5.256116929133858
 21
-3.178146338582677
  0
LINE
  5
266
100
AcDbEntity
  8
User.1
  6
CONTINUOUS
 62
  256
370
   -1
100
AcDbLine
 10
5.256116929133858
 20
-3.178146338582677
 11
5.255431850393701
 21
-3.179800275590551
  0
LINE
  5
267
100
AcDbEntity
  8
User.1
  6
CONTINUOUS
 62
  256
370
   -1
100
AcDbLine
 10
5.255431850393701
 20
-3.179800275590551
 11
5.255431850393701
 21
-3.181590511811024
  0
LINE
  5
268
100
AcDbEntity
  8
User.1
  6
CONTINUOUS
 62
  256
370
   -1
100
AcDbLine
 10
5.26946937007874
 20
-3.09153062992126
 11
5.27395531496063
 21
-3.094120590551181
  0
LINE
  5
269
100
AcDbEntity
  8
User.1
  6
CONTINUOUS
 62
  256
370
   -1
100
AcDbLine
 10
5.27395531496063
 20
-3.094120590551181
 11
5.277618070866142
 21
-3.097783346456693
  0
LINE
  5
26A
100
AcDbEntity
  8
User.1
  6
CONTINUOUS
 62
  256
370
   -1
100
AcDbLine
 10
5.277618070866142
 20
-3.097783346456693
 11
5.280208031496063
 21
-3.102269291338583
  0
LINE
  5
26B
100
AcDbEntity
  8
User.1
  6
CONTINUOUS
 62
  256
370
   -1
100
AcDbLine
 10
5.280208031496063
 20
-3.102269291338583
 11
5.281548700787401
 21
-3.107272716535433
  0
LINE
  5
26C
100
AcDbEntity
  8
User.1
  6
CONTINUOUS
 62
  256
370
   -1
100
AcDbLine
 10
5.281548700787401
 20
-3.107272716535433
 11
5.281548700787401
 21
-3.112452637795275
  0
LINE
  5
26D
100
AcDbEntity
  8
User.1
  6
CONTINUOUS
 62
  256
370
   -1
100
AcDbLine
 10
5.281548700787401
 20
-3.112452637795275
 11
5.280208031496063
 21
-3.117456062992126
  0
LINE
  5
26E
100
AcDbEntity
  8
User.1
  6
CONTINUOUS
 62
  256
370
   -1
100
AcDbLine
 10
5.280208031496063
 20
-3.117456062992126
 11
5.277618070866142
 21
-3.121942007874016
  0
LINE
  5
26F
100
AcDbEntity
  8
User.1
  6
CONTINUOUS
 62
  256
370
   -1
100
AcDbLine
 10
5.277618070866142
 20
-3.121942007874016
 11
5.27395531496063
 21
-3.125604763779528
  0
LINE
  5
270
100
AcDbEntity
  8
User.1
  6
CONTINUOUS
 62
  256
370
   -1
100
AcDbLine
 10
5.27395531496063
 20
-3.125604763779528
 11
5.26946937007874
 21
-3.128194724409449
  0
LINE
  5
271
100
AcDbEntity
  8
User.1
  6
CONTINUOUS
 62
  256
370
   -1
100
AcDbLine
 10
5.26946937007874
 20
-3.128194724409449
 11
5.26446594488189
 21
-3.129535393700787
  0
LINE
  5
272
100
AcDbEntity
  8
User.1
  6
CONTINUOUS
 62
  256
370
   -1
100
AcDbLine
 10
5.26446594488189
 20
-3.129535393700787
 11
5.259286023622047
 21
-3.129535393700787
  0
LINE
  5
273
100
AcDbEntity
  8
User.1
  6
CONTINUOUS
 62
  256
370
   -1
100
AcDbLine
 10
5.259286023622047
 20
-3.129535393700787
 11
5.254282598425196
 21
-3.128194724409449
  0
LINE
  5
274
100
AcDbEntity
  8
User.1
  6
CONTINUOUS
 62
  256
370
   -1
100
AcDbLine
 10
5.254282598425196
 20
-3.128194724409449
 11
5.249796653543307
 21
-3.125604763779528
  0
LINE
  5
275
100
AcDbEntity
  8
User.1
  6
CONTINUOUS
 62
  256
370
   -1
100
AcDbLine
 10
5.249796653543307
 20
-3.125604763779528
 11
5.246133897637796
 21
-3.121942007874016
  0
LINE
  5
276
100
AcDbEntity
  8
User.1
  6
CONTINUOUS
 62
  256
370
   -1
100
AcDbLine
 10
5.246133897637796
 20
-3.121942007874016
 11
5.243543937007874
 21
-3.117456062992126
  0
LINE
  5
277
100
AcDbEntity
  8
User.1
  6
CONTINUOUS
 62
  256
370
   -1
100
AcDbLine
 10
5.243543937007874
 20
-3.117456062992126
 11
5.242203267716535
 21
-3.112452637795275
  0
LINE
  5
278
100
AcDbEntity
  8
User.1
  6
CONTINUOUS
 62
  256
370
   -1
100
AcDbLine
 10
5.242203267716535
 20
-3.112452637795275
 11
5.242203267716535
 21
-3.107272716535433
  0
LINE
  5
279
100
AcDbEntity
  8
User.1
  6
CONTINUOUS
 62
  256
370
   -1
100
AcDbLine
 10
5.242203267716535
 20
-3.107272716535433
 11
5.243543937007874
 21
-3.102269291338583
  0
LINE
  5
27A
100
AcDbEntity
  8
User.1
  6
CONTINUOUS
 62
  256
370
   -1
100
AcDbLine
 10
5.243543937007874
 20
-3.102269291338583
 11
5.246133897637796
 21
-3.097783346456693
  0
LINE
  5
27B
100
AcDbEntity
  8
User.1
  6
CONTINUOUS
 62
  256
370
   -1
100
AcDbLine
 10
5.246133897637796
 20
-3.097783346456693
 11
5.249796653543307
 21
-3.094120590551181
  0
LINE
  5
27C
100
AcDbEntity
  8
User.1
  6
CONTINUOUS
 62
  256
370
   -1
100
AcDbLine
 10
5.249796653543307
 20
-3.094120590551181
 11
5.254282598425196
 21
-3.09153062992126
  0
LINE
  5
27D
100
AcDbEntity
  8
User.1
  6
CONTINUOUS
 62
  256
370
   -1
100
AcDbLine
 10
5.254282598425196
 20
-3.09153062992126
 11
5.259286023622047
 21
-3.090189960629921
  0
LINE
  5
27E
100
AcDbEntity
  8
User.1
  6
CONTINUOUS
 62
  256
370
   -1
100
AcDbLine
 10
5.259286023622047
 20
-3.090189960629921
 11
5.26446594488189
 21
-3.090189960629921
  0
LINE
  5
27F
100
AcDbEntity
  8
User.1
  6
CONTINUOUS
 62
  256
370
   -1
100
AcDbLine
 10
5.26446594488189
 20
-3.090189960629921
 11
5.26946937007874
 21
-3.09153062992126
  0
LINE
  5
280
100
AcDbEntity
  8
User.1
  6
CONTINUOUS
 62
  256
370
   -1
100
AcDbLine
 10
5.102190078740158
 20
-3.01687125984252
 11
5.107154645669291
 21
-3.016994488188976
  0
LINE
  5
281
100
AcDbEntity
  8
User.1
  6
CONTINUOUS
 62
  256
370
   -1
100
AcDbLine
 10
5.107154645669291
 20
-3.016994488188976
 11
5.111967637795275
 21
-3.018219133858268
  0
LINE
  5
282
100
AcDbEntity
  8
User.1
  6
CONTINUOUS
 62
  256
370
   -1
100
AcDbLine
 10
5.111967637795275
 20
-3.018219133858268
 11
5.116387559055118
 21
-3.020483858267716
  0
LINE
  5
283
100
AcDbEntity
  8
User.1
  6
CONTINUOUS
 62
  256
370
   -1
100
AcDbLine
 10
5.116387559055118
 20
-3.020483858267716
 11
5.120192834645669
 21
-3.023675118110236
  0
LINE
  5
284
100
AcDbEntity
  8
User.1
  6
CONTINUOUS
 62
  256
370
   -1
100
AcDbLine
 10
5.120192834645669
 20
-3.023675118110236
 11
5.123192834645669
 21
-3.027632992125984
  0
LINE
  5
285
100
AcDbEntity
  8
User.1
  6
CONTINUOUS
 62
  256
370
   -1
100
AcDbLine
 10
5.123192834645669
 20
-3.027632992125984
 11
5.125237125984252
 21
-3.032159094488189
  0
LINE
  5
286
100
AcDbEntity
  8
User.1
  6
CONTINUOUS
 62
  256
370
   -1
100
AcDbLine
 10
5.125237125984252
 20
-3.032159094488189
 11
5.126219566929134
 21
-3.037008464566929
  0
LINE
  5
287
100
AcDbEntity
  8
User.1
  6
CONTINUOUS
 62
  256
370
   -1
100
AcDbLine
 10
5.126219566929134
 20
-3.037008464566929
 11
5.126222519685039
 21
-3.037018464566929
  0
LINE
  5
288
100
AcDbEntity
  8
User.1
  6
CONTINUOUS
 62
  256
370
   -1
100
AcDbLine
 10
5.126222519685039
 20
-3.037018464566929
 11
5.129657244094488
 21
-3.074677598425197
  0
LINE
  5
289
100
AcDbEntity
  8
User.1
  6
CONTINUOUS
 62
  256
370
   -1
100
AcDbLine
 10
5.129657244094488
 20
-3.074677598425197
 11
5.22434968503937
 21
-3.066393070866142
  0
LINE
  5
28A
100
AcDbEntity
  8
User.1
  6
CONTINUOUS
 62
  256
370
   -1
100
AcDbLine
 10
5.22434968503937
 20
-3.066393070866142
 11
5.224818779527559
 21
-3.066193976377953
  0
LINE
  5
28B
100
AcDbEntity
  8
User.1
  6
CONTINUOUS
 62
  256
370
   -1
100
AcDbLine
 10
5.224818779527559
 20
-3.066193976377953
 11
5.23488437007874
 21
-3.06597437007874
  0
LINE
  5
28C
100
AcDbEntity
  8
User.1
  6
CONTINUOUS
 62
  256
370
   -1
100
AcDbLine
 10
5.23488437007874
 20
-3.06597437007874
 11
5.24489248031496
 21
-3.067070433070866
  0
LINE
  5
28D
100
AcDbEntity
  8
User.1
  6
CONTINUOUS
 62
  256
370
   -1
100
AcDbLine
 10
5.24489248031496
 20
-3.067070433070866
 11
5.254671889763779
 21
-3.06946342519685
  0
LINE
  5
28E
100
AcDbEntity
  8
User.1
  6
CONTINUOUS
 62
  256
370
   -1
100
AcDbLine
 10
5.254671889763779
 20
-3.06946342519685
 11
5.26405531496063
 21
-3.073112440944882
  0
LINE
  5
28F
100
AcDbEntity
  8
User.1
  6
CONTINUOUS
 62
  256
370
   -1
100
AcDbLine
 10
5.26405531496063
 20
-3.073112440944882
 11
5.27288216535433
 21
-3.077955
  0
LINE
  5
290
100
AcDbEntity
  8
User.1
  6
CONTINUOUS
 62
  256
370
   -1
100
AcDbLine
 10
5.27288216535433
 20
-3.077955
 11
5.281001417322835
 21
-3.083908307086614
  0
LINE
  5
291
100
AcDbEntity
  8
User.1
  6
CONTINUOUS
 62
  256
370
   -1
100
AcDbLine
 10
5.281001417322835
 20
-3.083908307086614
 11
5.288274173228347
 21
-3.090870433070866
  0
LINE
  5
292
100
AcDbEntity
  8
User.1
  6
CONTINUOUS
 62
  256
370
   -1
100
AcDbLine
 10
5.288274173228347
 20
-3.090870433070866
 11
5.294575944881889
 21
-3.098722283464567
  0
LINE
  5
293
100
AcDbEntity
  8
User.1
  6
CONTINUOUS
 62
  256
370
   -1
100
AcDbLine
 10
5.294575944881889
 20
-3.098722283464567
 11
5.299798937007874
 21
-3.107329488188976
  0
LINE
  5
294
100
AcDbEntity
  8
User.1
  6
CONTINUOUS
 62
  256
370
   -1
100
AcDbLine
 10
5.299798937007874
 20
-3.107329488188976
 11
5.30385374015748
 21
-3.116544803149606
  0
LINE
  5
295
100
AcDbEntity
  8
User.1
  6
CONTINUOUS
 62
  256
370
   -1
100
AcDbLine
 10
5.30385374015748
 20
-3.116544803149606
 11
5.306671062992126
 21
-3.126210551181102
  0
LINE
  5
296
100
AcDbEntity
  8
User.1
  6
CONTINUOUS
 62
  256
370
   -1
100
AcDbLine
 10
5.306671062992126
 20
-3.126210551181102
 11
5.308202637795276
 21
-3.136161338582677
  0
LINE
  5
297
100
AcDbEntity
  8
User.1
  6
CONTINUOUS
 62
  256
370
   -1
100
AcDbLine
 10
5.308202637795276
 20
-3.136161338582677
 11
5.308188464566929
 21
-3.136222559055118
  0
LINE
  5
298
100
AcDbEntity
  8
User.1
  6
CONTINUOUS
 62
  256
370
   -1
100
AcDbLine
 10
5.308188464566929
 20
-3.136222559055118
 11
5.308216377952756
 21
-3.136318228346457
  0
LINE
  5
299
100
AcDbEntity
  8
User.1
  6
CONTINUOUS
 62
  256
370
   -1
100
AcDbLine
 10
5.308216377952756
 20
-3.136318228346457
 11
5.3112618503937
 21
-3.171128543307086
  0
LINE
  5
29A
100
AcDbEntity
  8
User.1
  6
CONTINUOUS
 62
  256
370
   -1
100
AcDbLine
 10
5.3112618503937
 20
-3.171128543307086
 11
5.31279720472441
 21
-3.171764527559055
  0
LINE
  5
29B
100
AcDbEntity
  8
User.1
  6
CONTINUOUS
 62
  256
370
   -1
100
AcDbLine
 10
5.31279720472441
 20
-3.171764527559055
 11
5.314314645669291
 21
-3.173281968503937
  0
LINE
  5
29C
100
AcDbEntity
  8
User.1
  6
CONTINUOUS
 62
  256
370
   -1
100
AcDbLine
 10
5.314314645669291
 20
-3.173281968503937
 11
5.315135905511811
 21
-3.175264606299212
  0
LINE
  5
29D
100
AcDbEntity
  8
User.1
  6
CONTINUOUS
 62
  256
370
   -1
100
AcDbLine
 10
5.315135905511811
 20
-3.175264606299212
 11
5.315135905511811
 21
-3.177410590551181
  0
LINE
  5
29E
100
AcDbEntity
  8
User.1
  6
CONTINUOUS
 62
  256
370
   -1
100
AcDbLine
 10
5.315135905511811
 20
-3.177410590551181
 11
5.314314645669291
 21
-3.179393228346457
  0
LINE
  5
29F
100
AcDbEntity
  8
User.1
  6
CONTINUOUS
 62
  256
370
   -1
100
AcDbLine
 10
5.314314645669291
 20
-3.179393228346457
 11
5.31279720472441
 21
-3.180910669291339
  0
LINE
  5
2A0
100
AcDbEntity
  8
User.1
  6
CONTINUOUS
 62
  256
370
   -1
100
AcDbLine
 10
5.31279720472441
 20
-3.180910669291339
 11
5.312141456692913
 21
-3.181182283464567
  0
LINE
  5
2A1
100
AcDbEntity
  8
User.1
  6
CONTINUOUS
 62
  256
370
   -1
100
AcDbLine
 10
5.312141456692913
 20
-3.181182283464567
 11
5.319977440944882
 21
-3.270748031496063
  0
LINE
  5
2A2
100
AcDbEntity
  8
User.1
  6
CONTINUOUS
 62
  256
370
   -1
100
AcDbLine
 10
5.319977440944882
 20
-3.270748031496063
 11
5.321512795275591
 21
-3.271384015748032
  0
LINE
  5
2A3
100
AcDbEntity
  8
User.1
  6
CONTINUOUS
 62
  256
370
   -1
100
AcDbLine
 10
5.321512795275591
 20
-3.271384015748032
 11
5.323030196850394
 21
-3.272901417322835
  0
LINE
  5
2A4
100
AcDbEntity
  8
User.1
  6
CONTINUOUS
 62
  256
370
   -1
100
AcDbLine
 10
5.323030196850394
 20
-3.272901417322835
 11
5.323851456692913
 21
-3.27488405511811
  0
LINE
  5
2A5
100
AcDbEntity
  8
User.1
  6
CONTINUOUS
 62
  256
370
   -1
100
AcDbLine
 10
5.323851456692913
 20
-3.27488405511811
 11
5.323851456692913
 21
-3.277030039370079
  0
LINE
  5
2A6
100
AcDbEntity
  8
User.1
  6
CONTINUOUS
 62
  256
370
   -1
100
AcDbLine
 10
5.323851456692913
 20
-3.277030039370079
 11
5.323030196850394
 21
-3.279012677165354
  0
LINE
  5
2A7
100
AcDbEntity
  8
User.1
  6
CONTINUOUS
 62
  256
370
   -1
100
AcDbLine
 10
5.323030196850394
 20
-3.279012677165354
 11
5.321512795275591
 21
-3.280530078740157
  0
LINE
  5
2A8
100
AcDbEntity
  8
User.1
  6
CONTINUOUS
 62
  256
370
   -1
100
AcDbLine
 10
5.321512795275591
 20
-3.280530078740157
 11
5.320857007874015
 21
-3.280801692913386
  0
LINE
  5
2A9
100
AcDbEntity
  8
User.1
  6
CONTINUOUS
 62
  256
370
   -1
100
AcDbLine
 10
5.320857007874015
 20
-3.280801692913386
 11
5.328693031496063
 21
-3.370367480314961
  0
LINE
  5
2AA
100
AcDbEntity
  8
User.1
  6
CONTINUOUS
 62
  256
370
   -1
100
AcDbLine
 10
5.328693031496063
 20
-3.370367480314961
 11
5.330228346456693
 21
-3.371003464566929
  0
LINE
  5
2AB
100
AcDbEntity
  8
User.1
  6
CONTINUOUS
 62
  256
370
   -1
100
AcDbLine
 10
5.330228346456693
 20
-3.371003464566929
 11
5.331745787401575
 21
-3.372520905511811
  0
LINE
  5
2AC
100
AcDbEntity
  8
User.1
  6
CONTINUOUS
 62
  256
370
   -1
100
AcDbLine
 10
5.331745787401575
 20
-3.372520905511811
 11
5.332567047244094
 21
-3.374503543307087
  0
LINE
  5
2AD
100
AcDbEntity
  8
User.1
  6
CONTINUOUS
 62
  256
370
   -1
100
AcDbLine
 10
5.332567047244094
 20
-3.374503543307087
 11
5.332567047244094
 21
-3.376649527559055
  0
LINE
  5
2AE
100
AcDbEntity
  8
User.1
  6
CONTINUOUS
 62
  256
370
   -1
100
AcDbLine
 10
5.332567047244094
 20
-3.376649527559055
 11
5.331745787401575
 21
-3.378632165354331
  0
LINE
  5
2AF
100
AcDbEntity
  8
User.1
  6
CONTINUOUS
 62
  256
370
   -1
100
AcDbLine
 10
5.331745787401575
 20
-3.378632165354331
 11
5.330228346456693
 21
-3.380149606299212
  0
LINE
  5
2B0
100
AcDbEntity
  8
User.1
  6
CONTINUOUS
 62
  256
370
   -1
100
AcDbLine
 10
5.330228346456693
 20
-3.380149606299212
 11
5.329572598425197
 21
-3.380421220472441
  0
LINE
  5
2B1
100
AcDbEntity
  8
User.1
  6
CONTINUOUS
 62
  256
370
   -1
100
AcDbLine
 10
5.329572598425197
 20
-3.380421220472441
 11
5.337408582677165
 21
-3.469986968503937
  0
LINE
  5
2B2
100
AcDbEntity
  8
User.1
  6
CONTINUOUS
 62
  256
370
   -1
100
AcDbLine
 10
5.337408582677165
 20
-3.469986968503937
 11
5.338943937007874
 21
-3.470622952755905
  0
LINE
  5
2B3
100
AcDbEntity
  8
User.1
  6
CONTINUOUS
 62
  256
370
   -1
100
AcDbLine
 10
5.338943937007874
 20
-3.470622952755905
 11
5.340461338582677
 21
-3.472140354330709
  0
LINE
  5
2B4
100
AcDbEntity
  8
User.1
  6
CONTINUOUS
 62
  256
370
   -1
100
AcDbLine
 10
5.340461338582677
 20
-3.472140354330709
 11
5.341282598425197
 21
-3.474122992125984
  0
LINE
  5
2B5
100
AcDbEntity
  8
User.1
  6
CONTINUOUS
 62
  256
370
   -1
100
AcDbLine
 10
5.341282598425197
 20
-3.474122992125984
 11
5.341282598425197
 21
-3.476268976377953
  0
LINE
  5
2B6
100
AcDbEntity
  8
User.1
  6
CONTINUOUS
 62
  256
370
   -1
100
AcDbLine
 10
5.341282598425197
 20
-3.476268976377953
 11
5.340461338582677
 21
-3.478251614173228
  0
LINE
  5
2B7
100
AcDbEntity
  8
User.1
  6
CONTINUOUS
 62
  256
370
   -1
100
AcDbLine
 10
5.340461338582677
 20
-3.478251614173228
 11
5.338943937007874
 21
-3.479769015748031
  0
LINE
  5
2B8
100
AcDbEntity
  8
User.1
  6
CONTINUOUS
 62
  256
370
   -1
100
AcDbLine
 10
5.338943937007874
 20
-3.479769015748031
 11
5.338288149606299
 21
-3.48004062992126
  0
LINE
  5
2B9
100
AcDbEntity
  8
User.1
  6
CONTINUOUS
 62
  256
370
   -1
100
AcDbLine
 10
5.338288149606299
 20
-3.48004062992126
 11
5.346124173228346
 21
-3.569606417322834
  0
LINE
  5
2BA
100
AcDbEntity
  8
User.1
  6
CONTINUOUS
 62
  256
370
   -1
100
AcDbLine
 10
5.346124173228346
 20
-3.569606417322834
 11
5.347659488188977
 21
-3.570242401574803
  0
LINE
  5
2BB
100
AcDbEntity
  8
User.1
  6
CONTINUOUS
 62
  256
370
   -1
100
AcDbLine
 10
5.347659488188977
 20
-3.570242401574803
 11
5.349176929133858
 21
-3.571759842519685
  0
LINE
  5
2BC
100
AcDbEntity
  8
User.1
  6
CONTINUOUS
 62
  256
370
   -1
100
AcDbLine
 10
5.349176929133858
 20
-3.571759842519685
 11
5.349998188976378
 21
-3.57374248031496
  0
LINE
  5
2BD
100
AcDbEntity
  8
User.1
  6
CONTINUOUS
 62
  256
370
   -1
100
AcDbLine
 10
5.349998188976378
 20
-3.57374248031496
 11
5.349998188976378
 21
-3.575888464566929
  0
LINE
  5
2BE
100
AcDbEntity
  8
User.1
  6
CONTINUOUS
 62
  256
370
   -1
100
AcDbLine
 10
5.349998188976378
 20
-3.575888464566929
 11
5.349176929133858
 21
-3.577871102362205
  0
LINE
  5
2BF
100
AcDbEntity
  8
User.1
  6
CONTINUOUS
 62
  256
370
   -1
100
AcDbLine
 10
5.349176929133858
 20
-3.577871102362205
 11
5.347659488188977
 21
-3.579388543307087
  0
LINE
  5
2C0
100
AcDbEntity
  8
User.1
  6
CONTINUOUS
 62
  256
370
   -1
100
AcDbLine
 10
5.347659488188977
 20
-3.579388543307087
 11
5.34700374015748
 21
-3.579660157480315
  0
LINE
  5
2C1
100
AcDbEntity
  8
User.1
  6
CONTINUOUS
 62
  256
370
   -1
100
AcDbLine
 10
5.34700374015748
 20
-3.579660157480315
 11
5.350213582677165
 21
-3.616348543307086
  0
LINE
  5
2C2
100
AcDbEntity
  8
User.1
  6
CONTINUOUS
 62
  256
370
   -1
100
AcDbLine
 10
5.350213582677165
 20
-3.616348543307086
 11
5.36358625984252
 21
-3.615178622047244
  0
LINE
  5
2C3
100
AcDbEntity
  8
User.1
  6
CONTINUOUS
 62
  256
370
   -1
100
AcDbLine
 10
5.36358625984252
 20
-3.615178622047244
 11
5.364165078740157
 21
-3.615184960629921
  0
LINE
  5
2C4
100
AcDbEntity
  8
User.1
  6
CONTINUOUS
 62
  256
370
   -1
100
AcDbLine
 10
5.364165078740157
 20
-3.615184960629921
 11
5.365263858267716
 21
-3.615531417322835
  0
LINE
  5
2C5
100
AcDbEntity
  8
User.1
  6
CONTINUOUS
 62
  256
370
   -1
100
AcDbLine
 10
5.365263858267716
 20
-3.615531417322835
 11
5.366146417322835
 21
-3.616271968503937
  0
LINE
  5
2C6
100
AcDbEntity
  8
User.1
  6
CONTINUOUS
 62
  256
370
   -1
100
AcDbLine
 10
5.366146417322835
 20
-3.616271968503937
 11
5.36667842519685
 21
-3.617293897637795
  0
LINE
  5
2C7
100
AcDbEntity
  8
User.1
  6
CONTINUOUS
 62
  256
370
   -1
100
AcDbLine
 10
5.36667842519685
 20
-3.617293897637795
 11
5.366785157480315
 21
-3.61786279527559
  0
LINE
  5
2C8
100
AcDbEntity
  8
User.1
  6
CONTINUOUS
 62
  256
370
   -1
100
AcDbLine
 10
5.366785157480315
 20
-3.61786279527559
 11
5.432031062992126
 21
-4.363626653543307
  0
LINE
  5
2C9
100
AcDbEntity
  8
User.1
  6
CONTINUOUS
 62
  256
370
   -1
100
AcDbLine
 10
5.432031062992126
 20
-4.363626653543307
 11
5.49717562992126
 21
-5.108232834645669
  0
LINE
  5
2CA
100
AcDbEntity
  8
User.1
  6
CONTINUOUS
 62
  256
370
   -1
100
AcDbLine
 10
5.49717562992126
 20
-5.108232834645669
 11
5.562542440944882
 21
-5.855378858267716
  0
LINE
  5
2CB
100
AcDbEntity
  8
User.1
  6
CONTINUOUS
 62
  256
370
   -1
100
AcDbLine
 10
5.562542440944882
 20
-5.855378858267716
 11
5.562536102362205
 21
-5.855957677165354
  0
LINE
  5
2CC
100
AcDbEntity
  8
User.1
  6
CONTINUOUS
 62
  256
370
   -1
100
AcDbLine
 10
5.562536102362205
 20
-5.855957677165354
 11
5.562189645669291
 21
-5.857056456692913
  0
LINE
  5
2CD
100
AcDbEntity
  8
User.1
  6
CONTINUOUS
 62
  256
370
   -1
100
AcDbLine
 10
5.562189645669291
 20
-5.857056456692913
 11
5.561449094488188
 21
-5.857939015748031
  0
LINE
  5
2CE
100
AcDbEntity
  8
User.1
  6
CONTINUOUS
 62
  256
370
   -1
100
AcDbLine
 10
5.561449094488188
 20
-5.857939015748031
 11
5.560427165354331
 21
-5.858471023622047
  0
LINE
  5
2CF
100
AcDbEntity
  8
User.1
  6
CONTINUOUS
 62
  256
370
   -1
100
AcDbLine
 10
5.560427165354331
 20
-5.858471023622047
 11
5.559858267716535
 21
-5.858577755905512
  0
LINE
  5
2D0
100
AcDbEntity
  8
User.1
  6
CONTINUOUS
 62
  256
370
   -1
100
AcDbLine
 10
5.559858267716535
 20
-5.858577755905512
 11
4.812712244094488
 21
-5.923944566929134
  0
LINE
  5
2D1
100
AcDbEntity
  8
User.1
  6
CONTINUOUS
 62
  256
370
   -1
100
AcDbLine
 10
4.812712244094488
 20
-5.923944566929134
 11
4.812712165354331
 21
-5.923944527559055
  0
LINE
  5
2D2
100
AcDbEntity
  8
User.1
  6
CONTINUOUS
 62
  256
370
   -1
100
AcDbLine
 10
4.812712165354331
 20
-5.923944527559055
 11
4.067527244094488
 21
-5.989139803149606
  0
LINE
  5
2D3
100
AcDbEntity
  8
User.1
  6
CONTINUOUS
 62
  256
370
   -1
100
AcDbLine
 10
4.067527244094488
 20
-5.989139803149606
 11
4.06694842519685
 21
-5.989133464566929
  0
LINE
  5
2D4
100
AcDbEntity
  8
User.1
  6
CONTINUOUS
 62
  256
370
   -1
100
AcDbLine
 10
4.06694842519685
 20
-5.989133464566929
 11
4.065849645669291
 21
-5.988787007874016
  0
LINE
  5
2D5
100
AcDbEntity
  8
User.1
  6
CONTINUOUS
 62
  256
370
   -1
100
AcDbLine
 10
4.065849645669291
 20
-5.988787007874016
 11
4.064967086614173
 21
-5.988046456692913
  0
LINE
  5
2D6
100
AcDbEntity
  8
User.1
  6
CONTINUOUS
 62
  256
370
   -1
100
AcDbLine
 10
4.064967086614173
 20
-5.988046456692913
 11
4.064435078740157
 21
-5.987024527559055
  0
LINE
  5
2D7
100
AcDbEntity
  8
User.1
  6
CONTINUOUS
 62
  256
370
   -1
100
AcDbLine
 10
4.064435078740157
 20
-5.987024527559055
 11
4.064328346456692
 21
-5.986455629921259
  0
LINE
  5
2D8
100
AcDbEntity
  8
User.1
  6
CONTINUOUS
 62
  256
370
   -1
100
AcDbLine
 10
4.064328346456692
 20
-5.986455629921259
 11
3.998961535433071
 21
-5.239309606299212
  0
LINE
  5
2D9
100
AcDbEntity
  8
User.1
  6
CONTINUOUS
 62
  256
370
   -1
100
AcDbLine
 10
3.998961535433071
 20
-5.239309606299212
 11
3.998961535433071
 21
-5.239309527559055
  0
LINE
  5
2DA
100
AcDbEntity
  8
User.1
  6
CONTINUOUS
 62
  256
370
   -1
100
AcDbLine
 10
3.998961535433071
 20
-5.239309527559055
 11
3.933766299212598
 21
-4.494124606299213
  0
LINE
  5
2DB
100
AcDbEntity
  8
User.1
  6
CONTINUOUS
 62
  256
370
   -1
100
AcDbLine
 10
3.933766299212598
 20
-4.494124606299213
 11
3.933766299212598
 21
-4.494124488188977
  0
LINE
  5
2DC
100
AcDbEntity
  8
User.1
  6
CONTINUOUS
 62
  256
370
   -1
100
AcDbLine
 10
3.933766299212598
 20
-4.494124488188977
 11
3.868571062992126
 21
-3.748939566929134
  0
LINE
  5
2DD
100
AcDbEntity
  8
User.1
  6
CONTINUOUS
 62
  256
370
   -1
100
AcDbLine
 10
3.868571062992126
 20
-3.748939566929134
 11
3.868577401574803
 21
-3.748360748031496
  0
LINE
  5
2DE
100
AcDbEntity
  8
User.1
  6
CONTINUOUS
 62
  256
370
   -1
100
AcDbLine
 10
3.868577401574803
 20
-3.748360748031496
 11
3.868923858267717
 21
-3.747261968503937
  0
LINE
  5
2DF
100
AcDbEntity
  8
User.1
  6
CONTINUOUS
 62
  256
370
   -1
100
AcDbLine
 10
3.868923858267717
 20
-3.747261968503937
 11
3.869664409448819
 21
-3.746379409448819
  0
LINE
  5
2E0
100
AcDbEntity
  8
User.1
  6
CONTINUOUS
 62
  256
370
   -1
100
AcDbLine
 10
3.869664409448819
 20
-3.746379409448819
 11
3.870686338582677
 21
-3.745847401574803
  0
LINE
  5
2E1
100
AcDbEntity
  8
User.1
  6
CONTINUOUS
 62
  256
370
   -1
100
AcDbLine
 10
3.870686338582677
 20
-3.745847401574803
 11
3.871255236220472
 21
-3.745740669291338
  0
LINE
  5
2E2
100
AcDbEntity
  8
User.1
  6
CONTINUOUS
 62
  256
370
   -1
100
AcDbLine
 10
3.871255236220472
 20
-3.745740669291338
 11
4.618401259842519
 21
-3.680373858267716
  0
LINE
  5
2E3
100
AcDbEntity
  8
User.1
  6
CONTINUOUS
 62
  256
370
   -1
100
AcDbLine
 10
4.618401259842519
 20
-3.680373858267716
 11
4.618401299212598
 21
-3.680373858267716
  0
LINE
  5
2E4
100
AcDbEntity
  8
User.1
  6
CONTINUOUS
 62
  256
370
   -1
100
AcDbLine
 10
4.618401299212598
 20
-3.680373858267716
 11
4.648955236220472
 21
-3.677700708661417
  0
LINE
  5
2E5
100
AcDbEntity
  8
User.1
  6
CONTINUOUS
 62
  256
370
   -1
100
AcDbLine
 10
4.648955236220472
 20
-3.677700708661417
 11
4.645747244094488
 21
-3.641033503937008
  0
LINE
  5
2E6
100
AcDbEntity
  8
User.1
  6
CONTINUOUS
 62
  256
370
   -1
100
AcDbLine
 10
4.644867677165355
 20
-3.630979763779528
 11
4.637031692913386
 21
-3.54141405511811
  0
LINE
  5
2E7
100
AcDbEntity
  8
User.1
  6
CONTINUOUS
 62
  256
370
   -1
100
AcDbLine
 10
4.637031692913386
 20
-3.54141405511811
 11
4.635496377952756
 21
-3.540778110236221
  0
LINE
  5
2E8
100
AcDbEntity
  8
User.1
  6
CONTINUOUS
 62
  256
370
   -1
100
AcDbLine
 10
4.635496377952756
 20
-3.540778110236221
 11
4.633978937007874
 21
-3.539260669291338
  0
LINE
  5
2E9
100
AcDbEntity
  8
User.1
  6
CONTINUOUS
 62
  256
370
   -1
100
AcDbLine
 10
4.633978937007874
 20
-3.539260669291338
 11
4.633157677165355
 21
-3.537278031496063
  0
LINE
  5
2EA
100
AcDbEntity
  8
User.1
  6
CONTINUOUS
 62
  256
370
   -1
100
AcDbLine
 10
4.633157677165355
 20
-3.537278031496063
 11
4.633157677165355
 21
-3.535309921259842
  0
LINE
  5
2EB
100
AcDbEntity
  8
User.1
  6
CONTINUOUS
 62
  256
370
   -1
100
AcDbLine
 10
4.633157677165355
 20
-3.535309921259842
 11
4.633157677165355
 21
-3.535132047244094
  0
LINE
  5
2EC
100
AcDbEntity
  8
User.1
  6
CONTINUOUS
 62
  256
370
   -1
100
AcDbLine
 10
4.633157677165355
 20
-3.535132047244094
 11
4.633978937007874
 21
-3.533149409448819
  0
LINE
  5
2ED
100
AcDbEntity
  8
User.1
  6
CONTINUOUS
 62
  256
370
   -1
100
AcDbLine
 10
4.633978937007874
 20
-3.533149409448819
 11
4.635496377952756
 21
-3.531631968503937
  0
LINE
  5
2EE
100
AcDbEntity
  8
User.1
  6
CONTINUOUS
 62
  256
370
   -1
100
AcDbLine
 10
4.635496377952756
 20
-3.531631968503937
 11
4.636152086614173
 21
-3.53136031496063
  0
LINE
  5
2EF
100
AcDbEntity
  8
User.1
  6
CONTINUOUS
 62
  256
370
   -1
100
AcDbLine
 10
4.636152086614173
 20
-3.53136031496063
 11
4.628316102362205
 21
-3.441794566929134
  0
LINE
  5
2F0
100
AcDbEntity
  8
User.1
  6
CONTINUOUS
 62
  256
370
   -1
100
AcDbLine
 10
4.628316102362205
 20
-3.441794566929134
 11
4.626780826771653
 21
-3.441158622047244
  0
LINE
  5
2F1
100
AcDbEntity
  8
User.1
  6
CONTINUOUS
 62
  256
370
   -1
100
AcDbLine
 10
4.626780826771653
 20
-3.441158622047244
 11
4.625263385826772
 21
-3.439641181102362
  0
LINE
  5
2F2
100
AcDbEntity
  8
User.1
  6
CONTINUOUS
 62
  256
370
   -1
100
AcDbLine
 10
4.625263385826772
 20
-3.439641181102362
 11
4.624442125984252
 21
-3.437658543307087
  0
LINE
  5
2F3
100
AcDbEntity
  8
User.1
  6
CONTINUOUS
 62
  256
370
   -1
100
AcDbLine
 10
4.624442125984252
 20
-3.437658543307087
 11
4.624442125984252
 21
-3.435690433070866
  0
LINE
  5
2F4
100
AcDbEntity
  8
User.1
  6
CONTINUOUS
 62
  256
370
   -1
100
AcDbLine
 10
4.624442125984252
 20
-3.435690433070866
 11
4.624442125984252
 21
-3.435512559055118
  0
LINE
  5
2F5
100
AcDbEntity
  8
User.1
  6
CONTINUOUS
 62
  256
370
   -1
100
AcDbLine
 10
4.624442125984252
 20
-3.435512559055118
 11
4.625263385826772
 21
-3.433529921259842
  0
LINE
  5
2F6
100
AcDbEntity
  8
User.1
  6
CONTINUOUS
 62
  256
370
   -1
100
AcDbLine
 10
4.625263385826772
 20
-3.433529921259842
 11
4.626780826771653
 21
-3.432012480314961
  0
LINE
  5
2F7
100
AcDbEntity
  8
User.1
  6
CONTINUOUS
 62
  256
370
   -1
100
AcDbLine
 10
4.626780826771653
 20
-3.432012480314961
 11
4.627436535433071
 21
-3.431740866141732
  0
LINE
  5
2F8
100
AcDbEntity
  8
User.1
  6
CONTINUOUS
 62
  256
370
   -1
100
AcDbLine
 10
4.627436535433071
 20
-3.431740866141732
 11
4.619600511811024
 21
-3.342175039370079
  0
LINE
  5
2F9
100
AcDbEntity
  8
User.1
  6
CONTINUOUS
 62
  256
370
   -1
100
AcDbLine
 10
4.619600511811024
 20
-3.342175039370079
 11
4.618065236220472
 21
-3.341539094488189
  0
LINE
  5
2FA
100
AcDbEntity
  8
User.1
  6
CONTINUOUS
 62
  256
370
   -1
100
AcDbLine
 10
4.618065236220472
 20
-3.341539094488189
 11
4.616547834645669
 21
-3.340021692913386
  0
LINE
  5
2FB
100
AcDbEntity
  8
User.1
  6
CONTINUOUS
 62
  256
370
   -1
100
AcDbLine
 10
4.616547834645669
 20
-3.340021692913386
 11
4.61572657480315
 21
-3.33803905511811
  0
LINE
  5
2FC
100
AcDbEntity
  8
User.1
  6
CONTINUOUS
 62
  256
370
   -1
100
AcDbLine
 10
4.61572657480315
 20
-3.33803905511811
 11
4.61572657480315
 21
-3.336070984251968
  0
LINE
  5
2FD
100
AcDbEntity
  8
User.1
  6
CONTINUOUS
 62
  256
370
   -1
100
AcDbLine
 10
4.61572657480315
 20
-3.336070984251968
 11
4.61572657480315
 21
-3.335893070866142
  0
LINE
  5
2FE
100
AcDbEntity
  8
User.1
  6
CONTINUOUS
 62
  256
370
   -1
100
AcDbLine
 10
4.61572657480315
 20
-3.335893070866142
 11
4.616547834645669
 21
-3.333910433070866
  0
LINE
  5
2FF
100
AcDbEntity
  8
User.1
  6
CONTINUOUS
 62
  256
370
   -1
100
AcDbLine
 10
4.616547834645669
 20
-3.333910433070866
 11
4.618065236220472
 21
-3.332393031496063
  0
LINE
  5
300
100
AcDbEntity
  8
User.1
  6
CONTINUOUS
 62
  256
370
   -1
100
AcDbLine
 10
4.618065236220472
 20
-3.332393031496063
 11
4.61872094488189
 21
-3.332121377952756
  0
LINE
  5
301
100
AcDbEntity
  8
User.1
  6
CONTINUOUS
 62
  256
370
   -1
100
AcDbLine
 10
4.61872094488189
 20
-3.332121377952756
 11
4.610884960629921
 21
-3.24255562992126
  0
LINE
  5
302
100
AcDbEntity
  8
User.1
  6
CONTINUOUS
 62
  256
370
   -1
100
AcDbLine
 10
4.610884960629921
 20
-3.24255562992126
 11
4.609349645669291
 21
-3.24191968503937
  0
LINE
  5
303
100
AcDbEntity
  8
User.1
  6
CONTINUOUS
 62
  256
370
   -1
100
AcDbLine
 10
4.609349645669291
 20
-3.24191968503937
 11
4.607832204724409
 21
-3.240402244094488
  0
LINE
  5
304
100
AcDbEntity
  8
User.1
  6
CONTINUOUS
 62
  256
370
   -1
100
AcDbLine
 10
4.607832204724409
 20
-3.240402244094488
 11
4.60701094488189
 21
-3.238419606299213
  0
LINE
  5
305
100
AcDbEntity
  8
User.1
  6
CONTINUOUS
 62
  256
370
   -1
100
AcDbLine
 10
4.60701094488189
 20
-3.238419606299213
 11
4.60701094488189
 21
-3.236451496062992
  0
LINE
  5
306
100
AcDbEntity
  8
User.1
  6
CONTINUOUS
 62
  256
370
   -1
100
AcDbLine
 10
4.60701094488189
 20
-3.236451496062992
 11
4.60701094488189
 21
-3.236273622047244
  0
LINE
  5
307
100
AcDbEntity
  8
User.1
  6
CONTINUOUS
 62
  256
370
   -1
100
AcDbLine
 10
4.60701094488189
 20
-3.236273622047244
 11
4.607832204724409
 21
-3.234290984251968
  0
LINE
  5
308
100
AcDbEntity
  8
User.1
  6
CONTINUOUS
 62
  256
370
   -1
100
AcDbLine
 10
4.607832204724409
 20
-3.234290984251968
 11
4.609349645669291
 21
-3.232773543307086
  0
LINE
  5
309
100
AcDbEntity
  8
User.1
  6
CONTINUOUS
 62
  256
370
   -1
100
AcDbLine
 10
4.609349645669291
 20
-3.232773543307086
 11
4.610005393700788
 21
-3.23250188976378
  0
LINE
  5
30A
100
AcDbEntity
  8
User.1
  6
CONTINUOUS
 62
  256
370
   -1
100
AcDbLine
 10
4.610005393700788
 20
-3.23250188976378
 11
4.606958031496063
 21
-3.197670393700788
  0
LINE
  5
30B
100
AcDbEntity
  8
User.1
  6
CONTINUOUS
 62
  256
370
   -1
100
AcDbLine
 10
4.606958031496063
 20
-3.197670393700788
 11
4.606958031496063
 21
-3.197670354330709
  0
LINE
  5
30C
100
AcDbEntity
  8
User.1
  6
CONTINUOUS
 62
  256
370
   -1
100
AcDbLine
 10
4.606958031496063
 20
-3.197670354330709
 11
4.606738661417323
 21
-3.187604842519685
  0
LINE
  5
30D
100
AcDbEntity
  8
User.1
  6
CONTINUOUS
 62
  256
370
   -1
100
AcDbLine
 10
4.606738661417323
 20
-3.187604842519685
 11
4.607834881889763
 21
-3.177596811023622
  0
LINE
  5
30E
100
AcDbEntity
  8
User.1
  6
CONTINUOUS
 62
  256
370
   -1
100
AcDbLine
 10
4.607834881889763
 20
-3.177596811023622
 11
4.610228031496063
 21
-3.167817480314961
  0
LINE
  5
30F
100
AcDbEntity
  8
User.1
  6
CONTINUOUS
 62
  256
370
   -1
100
AcDbLine
 10
4.610228031496063
 20
-3.167817480314961
 11
4.613877125984252
 21
-3.158434173228347
  0
LINE
  5
310
100
AcDbEntity
  8
User.1
  6
CONTINUOUS
 62
  256
370
   -1
100
AcDbLine
 10
4.613877125984252
 20
-3.158434173228347
 11
4.618719724409448
 21
-3.149607440944882
  0
LINE
  5
311
100
AcDbEntity
  8
User.1
  6
CONTINUOUS
 62
  256
370
   -1
100
AcDbLine
 10
4.618719724409448
 20
-3.149607440944882
 11
4.624672992125984
 21
-3.141488267716535
  0
LINE
  5
312
100
AcDbEntity
  8
User.1
  6
CONTINUOUS
 62
  256
370
   -1
100
AcDbLine
 10
4.624672992125984
 20
-3.141488267716535
 11
4.631635039370079
 21
-3.134215590551181
  0
LINE
  5
313
100
AcDbEntity
  8
User.1
  6
CONTINUOUS
 62
  256
370
   -1
100
AcDbLine
 10
4.631635039370079
 20
-3.134215590551181
 11
4.639486771653544
 21
-3.127913779527559
  0
LINE
  5
314
100
AcDbEntity
  8
User.1
  6
CONTINUOUS
 62
  256
370
   -1
100
AcDbLine
 10
4.639486771653544
 20
-3.127913779527559
 11
4.648093858267717
 21
-3.122690748031496
  0
LINE
  5
315
100
AcDbEntity
  8
User.1
  6
CONTINUOUS
 62
  256
370
   -1
100
AcDbLine
 10
4.648093858267717
 20
-3.122690748031496
 11
4.65730905511811
 21
-3.118635826771654
  0
LINE
  5
316
100
AcDbEntity
  8
User.1
  6
CONTINUOUS
 62
  256
370
   -1
100
AcDbLine
 10
4.65730905511811
 20
-3.118635826771654
 11
4.66697468503937
 21
-3.115818346456693
  0
LINE
  5
317
100
AcDbEntity
  8
User.1
  6
CONTINUOUS
 62
  256
370
   -1
100
AcDbLine
 10
4.66697468503937
 20
-3.115818346456693
 11
4.676925354330709
 21
-3.114286535433071
  0
LINE
  5
318
100
AcDbEntity
  8
User.1
  6
CONTINUOUS
 62
  256
370
   -1
100
AcDbLine
 10
4.676925354330709
 20
-3.114286535433071
 11
4.676925393700787
 21
-3.114286535433071
  0
LINE
  5
319
100
AcDbEntity
  8
User.1
  6
CONTINUOUS
 62
  256
370
   -1
100
AcDbLine
 10
4.676925393700787
 20
-3.114286535433071
 11
4.771740393700787
 21
-3.105991259842519
  0
LINE
  5
31A
100
AcDbEntity
  8
User.1
  6
CONTINUOUS
 62
  256
370
   -1
100
AcDbLine
 10
4.771740393700787
 20
-3.105991259842519
 11
4.768446338582677
 21
-3.068339842519685
  0
LINE
  5
31B
100
AcDbEntity
  8
User.1
  6
CONTINUOUS
 62
  256
370
   -1
100
AcDbLine
 10
4.768446338582677
 20
-3.068339842519685
 11
4.768446338582677
 21
-3.068339527559055
  0
LINE
  5
31C
100
AcDbEntity
  8
User.1
  6
CONTINUOUS
 62
  256
370
   -1
100
AcDbLine
 10
4.768446338582677
 20
-3.068339527559055
 11
4.768446299212599
 21
-3.06833937007874
  0
LINE
  5
31D
100
AcDbEntity
  8
User.1
  6
CONTINUOUS
 62
  256
370
   -1
100
AcDbLine
 10
4.768446299212599
 20
-3.06833937007874
 11
4.768570984251968
 21
-3.063373425196851
  0
LINE
  5
31E
100
AcDbEntity
  8
User.1
  6
CONTINUOUS
 62
  256
370
   -1
100
AcDbLine
 10
4.768570984251968
 20
-3.063373425196851
 11
4.769797322834646
 21
-3.05855968503937
  0
LINE
  5
31F
100
AcDbEntity
  8
User.1
  6
CONTINUOUS
 62
  256
370
   -1
100
AcDbLine
 10
4.769797322834646
 20
-3.05855968503937
 11
4.772063779527559
 21
-3.05413937007874
  0
LINE
  5
320
100
AcDbEntity
  8
User.1
  6
CONTINUOUS
 62
  256
370
   -1
100
AcDbLine
 10
4.772063779527559
 20
-3.05413937007874
 11
4.775256811023622
 21
-3.05033405511811
  0
LINE
  5
321
100
AcDbEntity
  8
User.1
  6
CONTINUOUS
 62
  256
370
   -1
100
AcDbLine
 10
4.775256811023622
 20
-3.05033405511811
 11
4.779216417322835
 21
-3.047334409448819
  0
LINE
  5
322
100
AcDbEntity
  8
User.1
  6
CONTINUOUS
 62
  256
370
   -1
100
AcDbLine
 10
4.779216417322835
 20
-3.047334409448819
 11
4.783744055118111
 21
-3.045290826771653
  0
LINE
  5
323
100
AcDbEntity
  8
User.1
  6
CONTINUOUS
 62
  256
370
   -1
100
AcDbLine
 10
4.783744055118111
 20
-3.045290826771653
 11
4.788612913385827
 21
-3.044305708661417
  0
LINE
  5
324
100
AcDbEntity
  8
User.1
  6
CONTINUOUS
 62
  256
370
   -1
100
AcDbLine
 10
4.788612913385827
 20
-3.044305708661417
 11
4.78861311023622
 21
-3.044305748031496
  0
LINE
  5
325
100
AcDbEntity
  8
User.1
  6
CONTINUOUS
 62
  256
370
   -1
100
AcDbLine
 10
4.78861311023622
 20
-3.044305748031496
 11
4.78861342519685
 21
-3.044305669291338
  0
LINE
  5
326
100
AcDbEntity
  8
User.1
  6
CONTINUOUS
 62
  256
370
   -1
100
AcDbLine
 10
4.78861342519685
 20
-3.044305669291338
 11
5.102189724409449
 21
-3.01687125984252
  0
LINE
  5
327
100
AcDbEntity
  8
User.1
  6
CONTINUOUS
 62
  256
370
   -1
100
AcDbLine
 10
5.102189724409449
 20
-3.01687125984252
 11
5.102189803149606
 21
-3.01687125984252
  0
LINE
  5
328
100
AcDbEntity
  8
User.1
  6
CONTINUOUS
 62
  256
370
   -1
100
AcDbLine
 10
5.102189803149606
 20
-3.01687125984252
 11
5.102189960629921
 21
-3.01687125984252
  0
LINE
  5
329
100
AcDbEntity
  8
User.1
  6
CONTINUOUS
 62
  256
370
   -1
100
AcDbLine
 10
5.102189960629921
 20
-3.01687125984252
 11
5.102190039370079
 21
-3.01687125984252
  0
LINE
  5
32A
100
AcDbEntity
  8
User.1
  6
CONTINUOUS
 62
  256
370
   -1
100
AcDbLine
 10
5.102190039370079
 20
-3.01687125984252
 11
5.102190078740158
 21
-3.01687125984252
  0
LINE
  5
32B
100
AcDbEntity
  8
User.1
  6
CONTINUOUS
 62
  256
370
   -1
100
AcDbLine
 10
4.005273503937008
 20
-5.243697440944882
 11
4.06995405511811
 21
-5.98299937007874
  0
LINE
  5
32C
100
AcDbEntity
  8
User.1
  6
CONTINUOUS
 62
  256
370
   -1
100
AcDbLine
 10
4.06995405511811
 20
-5.98299937007874
 11
4.809255984251968
 21
-5.918318818897638
  0
LINE
  5
32D
100
AcDbEntity
  8
User.1
  6
CONTINUOUS
 62
  256
370
   -1
100
AcDbLine
 10
4.809255984251968
 20
-5.918318818897638
 11
4.744575433070866
 21
-5.17901688976378
  0
LINE
  5
32E
100
AcDbEntity
  8
User.1
  6
CONTINUOUS
 62
  256
370
   -1
100
AcDbLine
 10
4.744575433070866
 20
-5.17901688976378
 11
4.005273503937008
 21
-5.243697440944882
  0
LINE
  5
32F
100
AcDbEntity
  8
User.1
  6
CONTINUOUS
 62
  256
370
   -1
100
AcDbLine
 10
4.752419527559055
 20
-5.17833062992126
 11
4.817100078740157
 21
-5.917632559055118
  0
LINE
  5
330
100
AcDbEntity
  8
User.1
  6
CONTINUOUS
 62
  256
370
   -1
100
AcDbLine
 10
4.817100078740157
 20
-5.917632559055118
 11
5.556402007874016
 21
-5.852952007874015
  0
LINE
  5
331
100
AcDbEntity
  8
User.1
  6
CONTINUOUS
 62
  256
370
   -1
100
AcDbLine
 10
5.556402007874016
 20
-5.852952007874015
 11
5.491721456692913
 21
-5.113650078740157
  0
LINE
  5
332
100
AcDbEntity
  8
User.1
  6
CONTINUOUS
 62
  256
370
   -1
100
AcDbLine
 10
5.491721456692913
 20
-5.113650078740157
 11
4.752419527559055
 21
-5.17833062992126
  0
LINE
  5
333
100
AcDbEntity
  8
User.1
  6
CONTINUOUS
 62
  256
370
   -1
100
AcDbLine
 10
3.940078267716535
 20
-4.498512401574803
 11
4.004587244094489
 21
-5.235853346456693
  0
LINE
  5
334
100
AcDbEntity
  8
User.1
  6
CONTINUOUS
 62
  256
370
   -1
100
AcDbLine
 10
4.004587244094489
 20
-5.235853346456693
 11
4.743889173228347
 21
-5.171172795275591
  0
LINE
  5
335
100
AcDbEntity
  8
User.1
  6
CONTINUOUS
 62
  256
370
   -1
100
AcDbLine
 10
4.743889173228347
 20
-5.171172795275591
 11
4.679380196850394
 21
-4.433831850393701
  0
LINE
  5
336
100
AcDbEntity
  8
User.1
  6
CONTINUOUS
 62
  256
370
   -1
100
AcDbLine
 10
4.679380196850394
 20
-4.433831850393701
 11
3.940078267716535
 21
-4.498512401574803
  0
LINE
  5
337
100
AcDbEntity
  8
User.1
  6
CONTINUOUS
 62
  256
370
   -1
100
AcDbLine
 10
4.687224291338582
 20
-4.433145590551181
 11
4.751733267716535
 21
-5.170486535433071
  0
LINE
  5
338
100
AcDbEntity
  8
User.1
  6
CONTINUOUS
 62
  256
370
   -1
100
AcDbLine
 10
4.751733267716535
 20
-5.170486535433071
 11
5.491035196850394
 21
-5.105805984251968
  0
LINE
  5
339
100
AcDbEntity
  8
User.1
  6
CONTINUOUS
 62
  256
370
   -1
100
AcDbLine
 10
5.491035196850394
 20
-5.105805984251968
 11
5.426526220472441
 21
-4.368465039370078
  0
LINE
  5
33A
100
AcDbEntity
  8
User.1
  6
CONTINUOUS
 62
  256
370
   -1
100
AcDbLine
 10
5.426526220472441
 20
-4.368465039370078
 11
4.687224291338582
 21
-4.433145590551181
  0
LINE
  5
33B
100
AcDbEntity
  8
User.1
  6
CONTINUOUS
 62
  256
370
   -1
100
AcDbLine
 10
3.874711456692913
 20
-3.751366377952756
 11
3.939392007874015
 21
-4.490668346456693
  0
LINE
  5
33C
100
AcDbEntity
  8
User.1
  6
CONTINUOUS
 62
  256
370
   -1
100
AcDbLine
 10
3.939392007874015
 20
-4.490668346456693
 11
4.678693937007874
 21
-4.42598779527559
  0
LINE
  5
33D
100
AcDbEntity
  8
User.1
  6
CONTINUOUS
 62
  256
370
   -1
100
AcDbLine
 10
4.678693937007874
 20
-4.42598779527559
 11
4.614013385826771
 21
-3.686685826771654
  0
LINE
  5
33E
100
AcDbEntity
  8
User.1
  6
CONTINUOUS
 62
  256
370
   -1
100
AcDbLine
 10
4.614013385826771
 20
-3.686685826771654
 11
3.874711456692913
 21
-3.751366377952756
  0
LINE
  5
33F
100
AcDbEntity
  8
User.1
  6
CONTINUOUS
 62
  256
370
   -1
100
AcDbLine
 10
5.350728267716535
 20
-3.622231614173228
 11
5.354839724409449
 21
-3.669225905511811
  0
LINE
  5
340
100
AcDbEntity
  8
User.1
  6
CONTINUOUS
 62
  256
370
   -1
100
AcDbLine
 10
5.354839724409449
 20
-3.669225905511811
 11
5.356375078740157
 21
-3.66986188976378
  0
LINE
  5
341
100
AcDbEntity
  8
User.1
  6
CONTINUOUS
 62
  256
370
   -1
100
AcDbLine
 10
5.356375078740157
 20
-3.66986188976378
 11
5.35789251968504
 21
-3.671379330708661
  0
LINE
  5
342
100
AcDbEntity
  8
User.1
  6
CONTINUOUS
 62
  256
370
   -1
100
AcDbLine
 10
5.35789251968504
 20
-3.671379330708661
 11
5.358713779527559
 21
-3.673361968503937
  0
LINE
  5
343
100
AcDbEntity
  8
User.1
  6
CONTINUOUS
 62
  256
370
   -1
100
AcDbLine
 10
5.358713779527559
 20
-3.673361968503937
 11
5.358713779527559
 21
-3.675507952755905
  0
LINE
  5
344
100
AcDbEntity
  8
User.1
  6
CONTINUOUS
 62
  256
370
   -1
100
AcDbLine
 10
5.358713779527559
 20
-3.675507952755905
 11
5.35789251968504
 21
-3.677490590551181
  0
LINE
  5
345
100
AcDbEntity
  8
User.1
  6
CONTINUOUS
 62
  256
370
   -1
100
AcDbLine
 10
5.35789251968504
 20
-3.677490590551181
 11
5.356375078740157
 21
-3.679008031496063
  0
LINE
  5
346
100
AcDbEntity
  8
User.1
  6
CONTINUOUS
 62
  256
370
   -1
100
AcDbLine
 10
5.356375078740157
 20
-3.679008031496063
 11
5.355719330708661
 21
-3.679279645669291
  0
LINE
  5
347
100
AcDbEntity
  8
User.1
  6
CONTINUOUS
 62
  256
370
   -1
100
AcDbLine
 10
5.355719330708661
 20
-3.679279645669291
 11
5.36355531496063
 21
-3.768845354330709
  0
LINE
  5
348
100
AcDbEntity
  8
User.1
  6
CONTINUOUS
 62
  256
370
   -1
100
AcDbLine
 10
5.36355531496063
 20
-3.768845354330709
 11
5.365090669291338
 21
-3.769481338582677
  0
LINE
  5
349
100
AcDbEntity
  8
User.1
  6
CONTINUOUS
 62
  256
370
   -1
100
AcDbLine
 10
5.365090669291338
 20
-3.769481338582677
 11
5.36660811023622
 21
-3.770998779527559
  0
LINE
  5
34A
100
AcDbEntity
  8
User.1
  6
CONTINUOUS
 62
  256
370
   -1
100
AcDbLine
 10
5.36660811023622
 20
-3.770998779527559
 11
5.36742937007874
 21
-3.772981417322835
  0
LINE
  5
34B
100
AcDbEntity
  8
User.1
  6
CONTINUOUS
 62
  256
370
   -1
100
AcDbLine
 10
5.36742937007874
 20
-3.772981417322835
 11
5.36742937007874
 21
-3.775127401574803
  0
LINE
  5
34C
100
AcDbEntity
  8
User.1
  6
CONTINUOUS
 62
  256
370
   -1
100
AcDbLine
 10
5.36742937007874
 20
-3.775127401574803
 11
5.36660811023622
 21
-3.777110039370079
  0
LINE
  5
34D
100
AcDbEntity
  8
User.1
  6
CONTINUOUS
 62
  256
370
   -1
100
AcDbLine
 10
5.36660811023622
 20
-3.777110039370079
 11
5.365090669291338
 21
-3.77862748031496
  0
LINE
  5
34E
100
AcDbEntity
  8
User.1
  6
CONTINUOUS
 62
  256
370
   -1
100
AcDbLine
 10
5.365090669291338
 20
-3.77862748031496
 11
5.364434881889764
 21
-3.778899094488189
  0
LINE
  5
34F
100
AcDbEntity
  8
User.1
  6
CONTINUOUS
 62
  256
370
   -1
100
AcDbLine
 10
5.364434881889764
 20
-3.778899094488189
 11
5.367046496062992
 21
-3.808749645669291
  0
LINE
  5
350
100
AcDbEntity
  8
User.1
  6
CONTINUOUS
 62
  256
370
   -1
100
AcDbLine
 10
5.367046496062992
 20
-3.808749645669291
 11
5.367266102362205
 21
-3.818815236220472
  0
LINE
  5
351
100
AcDbEntity
  8
User.1
  6
CONTINUOUS
 62
  256
370
   -1
100
AcDbLine
 10
5.367266102362205
 20
-3.818815236220472
 11
5.366170039370078
 21
-3.828823346456693
  0
LINE
  5
352
100
AcDbEntity
  8
User.1
  6
CONTINUOUS
 62
  256
370
   -1
100
AcDbLine
 10
5.366170039370078
 20
-3.828823346456693
 11
5.363777047244095
 21
-3.838602795275591
  0
LINE
  5
353
100
AcDbEntity
  8
User.1
  6
CONTINUOUS
 62
  256
370
   -1
100
AcDbLine
 10
5.363777047244095
 20
-3.838602795275591
 11
5.360128031496063
 21
-3.847986181102362
  0
LINE
  5
354
100
AcDbEntity
  8
User.1
  6
CONTINUOUS
 62
  256
370
   -1
100
AcDbLine
 10
5.360128031496063
 20
-3.847986181102362
 11
5.355285433070866
 21
-3.856813031496063
  0
LINE
  5
355
100
AcDbEntity
  8
User.1
  6
CONTINUOUS
 62
  256
370
   -1
100
AcDbLine
 10
5.355285433070866
 20
-3.856813031496063
 11
5.349332165354331
 21
-3.864932322834646
  0
LINE
  5
356
100
AcDbEntity
  8
User.1
  6
CONTINUOUS
 62
  256
370
   -1
100
AcDbLine
 10
5.349332165354331
 20
-3.864932322834646
 11
5.342370039370079
 21
-3.872205039370079
  0
LINE
  5
357
100
AcDbEntity
  8
User.1
  6
CONTINUOUS
 62
  256
370
   -1
100
AcDbLine
 10
5.342370039370079
 20
-3.872205039370079
 11
5.334518188976378
 21
-3.878506811023622
  0
LINE
  5
358
100
AcDbEntity
  8
User.1
  6
CONTINUOUS
 62
  256
370
   -1
100
AcDbLine
 10
5.334518188976378
 20
-3.878506811023622
 11
5.325910984251968
 21
-3.883729803149606
  0
LINE
  5
359
100
AcDbEntity
  8
User.1
  6
CONTINUOUS
 62
  256
370
   -1
100
AcDbLine
 10
5.325910984251968
 20
-3.883729803149606
 11
5.316695669291338
 21
-3.887784645669291
  0
LINE
  5
35A
100
AcDbEntity
  8
User.1
  6
CONTINUOUS
 62
  256
370
   -1
100
AcDbLine
 10
5.316695669291338
 20
-3.887784645669291
 11
5.307029921259843
 21
-3.890601968503937
  0
LINE
  5
35B
100
AcDbEntity
  8
User.1
  6
CONTINUOUS
 62
  256
370
   -1
100
AcDbLine
 10
5.307029921259843
 20
-3.890601968503937
 11
5.297079133858268
 21
-3.892133543307087
  0
LINE
  5
35C
100
AcDbEntity
  8
User.1
  6
CONTINUOUS
 62
  256
370
   -1
100
AcDbLine
 10
5.297079133858268
 20
-3.892133543307087
 11
4.749172047244095
 21
-3.940069173228346
  0
LINE
  5
35D
100
AcDbEntity
  8
User.1
  6
CONTINUOUS
 62
  256
370
   -1
100
AcDbLine
 10
4.749172047244095
 20
-3.940069173228346
 11
4.739106456692913
 21
-3.940288779527559
  0
LINE
  5
35E
100
AcDbEntity
  8
User.1
  6
CONTINUOUS
 62
  256
370
   -1
100
AcDbLine
 10
4.739106456692913
 20
-3.940288779527559
 11
4.729098346456693
 21
-3.939192716535433
  0
LINE
  5
35F
100
AcDbEntity
  8
User.1
  6
CONTINUOUS
 62
  256
370
   -1
100
AcDbLine
 10
4.729098346456693
 20
-3.939192716535433
 11
4.719318897637796
 21
-3.936799724409449
  0
LINE
  5
360
100
AcDbEntity
  8
User.1
  6
CONTINUOUS
 62
  256
370
   -1
100
AcDbLine
 10
4.719318897637796
 20
-3.936799724409449
 11
4.709935511811024
 21
-3.933150708661417
  0
LINE
  5
361
100
AcDbEntity
  8
User.1
  6
CONTINUOUS
 62
  256
370
   -1
100
AcDbLine
 10
4.709935511811024
 20
-3.933150708661417
 11
4.701108661417322
 21
-3.928308110236221
  0
LINE
  5
362
100
AcDbEntity
  8
User.1
  6
CONTINUOUS
 62
  256
370
   -1
100
AcDbLine
 10
4.701108661417322
 20
-3.928308110236221
 11
4.69298937007874
 21
-3.922354842519685
  0
LINE
  5
363
100
AcDbEntity
  8
User.1
  6
CONTINUOUS
 62
  256
370
   -1
100
AcDbLine
 10
4.69298937007874
 20
-3.922354842519685
 11
4.685716653543307
 21
-3.915392716535433
  0
LINE
  5
364
100
AcDbEntity
  8
User.1
  6
CONTINUOUS
 62
  256
370
   -1
100
AcDbLine
 10
4.685716653543307
 20
-3.915392716535433
 11
4.679414881889763
 21
-3.907540866141732
  0
LINE
  5
365
100
AcDbEntity
  8
User.1
  6
CONTINUOUS
 62
  256
370
   -1
100
AcDbLine
 10
4.679414881889763
 20
-3.907540866141732
 11
4.67419188976378
 21
-3.898933661417323
  0
LINE
  5
366
100
AcDbEntity
  8
User.1
  6
CONTINUOUS
 62
  256
370
   -1
100
AcDbLine
 10
4.67419188976378
 20
-3.898933661417323
 11
4.670137047244094
 21
-3.889718346456693
  0
LINE
  5
367
100
AcDbEntity
  8
User.1
  6
CONTINUOUS
 62
  256
370
   -1
100
AcDbLine
 10
4.670137047244094
 20
-3.889718346456693
 11
4.667319724409449
 21
-3.880052598425197
  0
LINE
  5
368
100
AcDbEntity
  8
User.1
  6
CONTINUOUS
 62
  256
370
   -1
100
AcDbLine
 10
4.667319724409449
 20
-3.880052598425197
 11
4.665788149606299
 21
-3.870101811023622
  0
LINE
  5
369
100
AcDbEntity
  8
User.1
  6
CONTINUOUS
 62
  256
370
   -1
100
AcDbLine
 10
4.665788149606299
 20
-3.870101811023622
 11
4.663178385826772
 21
-3.840272440944882
  0
LINE
  5
36A
100
AcDbEntity
  8
User.1
  6
CONTINUOUS
 62
  256
370
   -1
100
AcDbLine
 10
4.663178385826772
 20
-3.840272440944882
 11
4.661643110236221
 21
-3.839636496062992
  0
LINE
  5
36B
100
AcDbEntity
  8
User.1
  6
CONTINUOUS
 62
  256
370
   -1
100
AcDbLine
 10
4.661643110236221
 20
-3.839636496062992
 11
4.660125669291339
 21
-3.83811905511811
  0
LINE
  5
36C
100
AcDbEntity
  8
User.1
  6
CONTINUOUS
 62
  256
370
   -1
100
AcDbLine
 10
4.660125669291339
 20
-3.83811905511811
 11
4.659304409448819
 21
-3.836136417322835
  0
LINE
  5
36D
100
AcDbEntity
  8
User.1
  6
CONTINUOUS
 62
  256
370
   -1
100
AcDbLine
 10
4.659304409448819
 20
-3.836136417322835
 11
4.659304409448819
 21
-3.834168307086614
  0
LINE
  5
36E
100
AcDbEntity
  8
User.1
  6
CONTINUOUS
 62
  256
370
   -1
100
AcDbLine
 10
4.659304409448819
 20
-3.834168307086614
 11
4.659304409448819
 21
-3.833990433070866
  0
LINE
  5
36F
100
AcDbEntity
  8
User.1
  6
CONTINUOUS
 62
  256
370
   -1
100
AcDbLine
 10
4.659304409448819
 20
-3.833990433070866
 11
4.660125669291339
 21
-3.832007795275591
  0
LINE
  5
370
100
AcDbEntity
  8
User.1
  6
CONTINUOUS
 62
  256
370
   -1
100
AcDbLine
 10
4.660125669291339
 20
-3.832007795275591
 11
4.661643110236221
 21
-3.830490354330709
  0
LINE
  5
371
100
AcDbEntity
  8
User.1
  6
CONTINUOUS
 62
  256
370
   -1
100
AcDbLine
 10
4.661643110236221
 20
-3.830490354330709
 11
4.662298818897638
 21
-3.830218700787401
  0
LINE
  5
372
100
AcDbEntity
  8
User.1
  6
CONTINUOUS
 62
  256
370
   -1
100
AcDbLine
 10
4.662298818897638
 20
-3.830218700787401
 11
4.65446283464567
 21
-3.740652992125984
  0
LINE
  5
373
100
AcDbEntity
  8
User.1
  6
CONTINUOUS
 62
  256
370
   -1
100
AcDbLine
 10
4.65446283464567
 20
-3.740652992125984
 11
4.652927519685039
 21
-3.740017047244094
  0
LINE
  5
374
100
AcDbEntity
  8
User.1
  6
CONTINUOUS
 62
  256
370
   -1
100
AcDbLine
 10
4.652927519685039
 20
-3.740017047244094
 11
4.651410078740158
 21
-3.738499606299213
  0
LINE
  5
375
100
AcDbEntity
  8
User.1
  6
CONTINUOUS
 62
  256
370
   -1
100
AcDbLine
 10
4.651410078740158
 20
-3.738499606299213
 11
4.650588818897638
 21
-3.736516968503937
  0
LINE
  5
376
100
AcDbEntity
  8
User.1
  6
CONTINUOUS
 62
  256
370
   -1
100
AcDbLine
 10
4.650588818897638
 20
-3.736516968503937
 11
4.650588818897638
 21
-3.734548858267717
  0
LINE
  5
377
100
AcDbEntity
  8
User.1
  6
CONTINUOUS
 62
  256
370
   -1
100
AcDbLine
 10
4.650588818897638
 20
-3.734548858267717
 11
4.650588818897638
 21
-3.734370984251969
  0
LINE
  5
378
100
AcDbEntity
  8
User.1
  6
CONTINUOUS
 62
  256
370
   -1
100
AcDbLine
 10
4.650588818897638
 20
-3.734370984251969
 11
4.651410078740158
 21
-3.732388346456693
  0
LINE
  5
379
100
AcDbEntity
  8
User.1
  6
CONTINUOUS
 62
  256
370
   -1
100
AcDbLine
 10
4.651410078740158
 20
-3.732388346456693
 11
4.652927519685039
 21
-3.730870905511811
  0
LINE
  5
37A
100
AcDbEntity
  8
User.1
  6
CONTINUOUS
 62
  256
370
   -1
100
AcDbLine
 10
4.652927519685039
 20
-3.730870905511811
 11
4.653583228346457
 21
-3.730599251968504
  0
LINE
  5
37B
100
AcDbEntity
  8
User.1
  6
CONTINUOUS
 62
  256
370
   -1
100
AcDbLine
 10
4.653583228346457
 20
-3.730599251968504
 11
4.649469921259842
 21
-3.683583779527559
  0
LINE
  5
37C
100
AcDbEntity
  8
User.1
  6
CONTINUOUS
 62
  256
370
   -1
100
AcDbLine
 10
4.649469921259842
 20
-3.683583779527559
 11
4.621857480314961
 21
-3.685999566929134
  0
LINE
  5
37D
100
AcDbEntity
  8
User.1
  6
CONTINUOUS
 62
  256
370
   -1
100
AcDbLine
 10
4.621857480314961
 20
-3.685999566929134
 11
4.686538031496063
 21
-4.42530153543307
  0
LINE
  5
37E
100
AcDbEntity
  8
User.1
  6
CONTINUOUS
 62
  256
370
   -1
100
AcDbLine
 10
4.686538031496063
 20
-4.42530153543307
 11
5.425839960629921
 21
-4.360620984251969
  0
LINE
  5
37F
100
AcDbEntity
  8
User.1
  6
CONTINUOUS
 62
  256
370
   -1
100
AcDbLine
 10
5.425839960629921
 20
-4.360620984251969
 11
5.361159409448819
 21
-3.621319015748032
  0
LINE
  5
380
100
AcDbEntity
  8
User.1
  6
CONTINUOUS
 62
  256
370
   -1
100
AcDbLine
 10
5.361159409448819
 20
-3.621319015748032
 11
5.350728267716535
 21
-3.622231614173228
  0
LINE
  5
381
100
AcDbEntity
  8
User.1
  6
CONTINUOUS
 62
  256
370
   -1
100
AcDbLine
 10
4.653391968503937
 20
-3.683240669291338
 11
4.65750342519685
 21
-3.730234921259842
  0
LINE
  5
382
100
AcDbEntity
  8
User.1
  6
CONTINUOUS
 62
  256
370
   -1
100
AcDbLine
 10
4.65750342519685
 20
-3.730234921259842
 11
4.659038779527559
 21
-3.730870905511811
  0
LINE
  5
383
100
AcDbEntity
  8
User.1
  6
CONTINUOUS
 62
  256
370
   -1
100
AcDbLine
 10
4.659038779527559
 20
-3.730870905511811
 11
4.660556220472441
 21
-3.732388346456693
  0
LINE
  5
384
100
AcDbEntity
  8
User.1
  6
CONTINUOUS
 62
  256
370
   -1
100
AcDbLine
 10
4.660556220472441
 20
-3.732388346456693
 11
4.66137748031496
 21
-3.734370984251969
  0
LINE
  5
385
100
AcDbEntity
  8
User.1
  6
CONTINUOUS
 62
  256
370
   -1
100
AcDbLine
 10
4.66137748031496
 20
-3.734370984251969
 11
4.66137748031496
 21
-3.736516968503937
  0
LINE
  5
386
100
AcDbEntity
  8
User.1
  6
CONTINUOUS
 62
  256
370
   -1
100
AcDbLine
 10
4.66137748031496
 20
-3.736516968503937
 11
4.660556220472441
 21
-3.738499606299213
  0
LINE
  5
387
100
AcDbEntity
  8
User.1
  6
CONTINUOUS
 62
  256
370
   -1
100
AcDbLine
 10
4.660556220472441
 20
-3.738499606299213
 11
4.659038779527559
 21
-3.740017047244094
  0
LINE
  5
388
100
AcDbEntity
  8
User.1
  6
CONTINUOUS
 62
  256
370
   -1
100
AcDbLine
 10
4.659038779527559
 20
-3.740017047244094
 11
4.658383031496063
 21
-3.740288661417323
  0
LINE
  5
389
100
AcDbEntity
  8
User.1
  6
CONTINUOUS
 62
  256
370
   -1
100
AcDbLine
 10
4.658383031496063
 20
-3.740288661417323
 11
4.666219015748031
 21
-3.82985437007874
  0
LINE
  5
38A
100
AcDbEntity
  8
User.1
  6
CONTINUOUS
 62
  256
370
   -1
100
AcDbLine
 10
4.666219015748031
 20
-3.82985437007874
 11
4.66775437007874
 21
-3.830490354330709
  0
LINE
  5
38B
100
AcDbEntity
  8
User.1
  6
CONTINUOUS
 62
  256
370
   -1
100
AcDbLine
 10
4.66775437007874
 20
-3.830490354330709
 11
4.669271811023622
 21
-3.832007795275591
  0
LINE
  5
38C
100
AcDbEntity
  8
User.1
  6
CONTINUOUS
 62
  256
370
   -1
100
AcDbLine
 10
4.669271811023622
 20
-3.832007795275591
 11
4.670093070866142
 21
-3.833990433070866
  0
LINE
  5
38D
100
AcDbEntity
  8
User.1
  6
CONTINUOUS
 62
  256
370
   -1
100
AcDbLine
 10
4.670093070866142
 20
-3.833990433070866
 11
4.670093070866142
 21
-3.836136417322835
  0
LINE
  5
38E
100
AcDbEntity
  8
User.1
  6
CONTINUOUS
 62
  256
370
   -1
100
AcDbLine
 10
4.670093070866142
 20
-3.836136417322835
 11
4.669271811023622
 21
-3.83811905511811
  0
LINE
  5
38F
100
AcDbEntity
  8
User.1
  6
CONTINUOUS
 62
  256
370
   -1
100
AcDbLine
 10
4.669271811023622
 20
-3.83811905511811
 11
4.66775437007874
 21
-3.839636496062992
  0
LINE
  5
390
100
AcDbEntity
  8
User.1
  6
CONTINUOUS
 62
  256
370
   -1
100
AcDbLine
 10
4.66775437007874
 20
-3.839636496062992
 11
4.667098582677165
 21
-3.83990811023622
  0
LINE
  5
391
100
AcDbEntity
  8
User.1
  6
CONTINUOUS
 62
  256
370
   -1
100
AcDbLine
 10
4.667098582677165
 20
-3.83990811023622
 11
4.669710196850394
 21
-3.869758661417323
  0
LINE
  5
392
100
AcDbEntity
  8
User.1
  6
CONTINUOUS
 62
  256
370
   -1
100
AcDbLine
 10
4.669710196850394
 20
-3.869758661417323
 11
4.670127401574803
 21
-3.874527204724409
  0
LINE
  5
393
100
AcDbEntity
  8
User.1
  6
CONTINUOUS
 62
  256
370
   -1
100
AcDbLine
 10
4.670127401574803
 20
-3.874527204724409
 11
4.672199488188976
 21
-3.88387374015748
  0
LINE
  5
394
100
AcDbEntity
  8
User.1
  6
CONTINUOUS
 62
  256
370
   -1
100
AcDbLine
 10
4.672199488188976
 20
-3.88387374015748
 11
4.675473779527559
 21
-3.892869842519685
  0
LINE
  5
395
100
AcDbEntity
  8
User.1
  6
CONTINUOUS
 62
  256
370
   -1
100
AcDbLine
 10
4.675473779527559
 20
-3.892869842519685
 11
4.679894330708661
 21
-3.901361614173228
  0
LINE
  5
396
100
AcDbEntity
  8
User.1
  6
CONTINUOUS
 62
  256
370
   -1
100
AcDbLine
 10
4.679894330708661
 20
-3.901361614173228
 11
4.685385472440945
 21
-3.90920374015748
  0
LINE
  5
397
100
AcDbEntity
  8
User.1
  6
CONTINUOUS
 62
  256
370
   -1
100
AcDbLine
 10
4.685385472440945
 20
-3.90920374015748
 11
4.691853188976378
 21
-3.916262047244095
  0
LINE
  5
398
100
AcDbEntity
  8
User.1
  6
CONTINUOUS
 62
  256
370
   -1
100
AcDbLine
 10
4.691853188976378
 20
-3.916262047244095
 11
4.699186889763779
 21
-3.922415787401575
  0
LINE
  5
399
100
AcDbEntity
  8
User.1
  6
CONTINUOUS
 62
  256
370
   -1
100
AcDbLine
 10
4.699186889763779
 20
-3.922415787401575
 11
4.707261102362205
 21
-3.927559606299213
  0
LINE
  5
39A
100
AcDbEntity
  8
User.1
  6
CONTINUOUS
 62
  256
370
   -1
100
AcDbLine
 10
4.707261102362205
 20
-3.927559606299213
 11
4.715937598425197
 21
-3.931605511811024
  0
LINE
  5
39B
100
AcDbEntity
  8
User.1
  6
CONTINUOUS
 62
  256
370
   -1
100
AcDbLine
 10
4.715937598425197
 20
-3.931605511811024
 11
4.725067992125984
 21
-3.934484330708661
  0
LINE
  5
39C
100
AcDbEntity
  8
User.1
  6
CONTINUOUS
 62
  256
370
   -1
100
AcDbLine
 10
4.725067992125984
 20
-3.934484330708661
 11
4.734496023622047
 21
-3.936146732283464
  0
LINE
  5
39D
100
AcDbEntity
  8
User.1
  6
CONTINUOUS
 62
  256
370
   -1
100
AcDbLine
 10
4.734496023622047
 20
-3.936146732283464
 11
4.744060393700788
 21
-3.936564330708662
  0
LINE
  5
39E
100
AcDbEntity
  8
User.1
  6
CONTINUOUS
 62
  256
370
   -1
100
AcDbLine
 10
4.744060393700788
 20
-3.936564330708662
 11
4.748828897637795
 21
-3.936147125984252
  0
LINE
  5
39F
100
AcDbEntity
  8
User.1
  6
CONTINUOUS
 62
  256
370
   -1
100
AcDbLine
 10
4.748828897637795
 20
-3.936147125984252
 11
5.296735984251969
 21
-3.888211496062992
  0
LINE
  5
3A0
100
AcDbEntity
  8
User.1
  6
CONTINUOUS
 62
  256
370
   -1
100
AcDbLine
 10
5.296735984251969
 20
-3.888211496062992
 11
5.301504527559055
 21
-3.887794291338583
  0
LINE
  5
3A1
100
AcDbEntity
  8
User.1
  6
CONTINUOUS
 62
  256
370
   -1
100
AcDbLine
 10
5.301504527559055
 20
-3.887794291338583
 11
5.310851062992126
 21
-3.885722204724409
  0
LINE
  5
3A2
100
AcDbEntity
  8
User.1
  6
CONTINUOUS
 62
  256
370
   -1
100
AcDbLine
 10
5.310851062992126
 20
-3.885722204724409
 11
5.31984716535433
 21
-3.882447913385827
  0
LINE
  5
3A3
100
AcDbEntity
  8
User.1
  6
CONTINUOUS
 62
  256
370
   -1
100
AcDbLine
 10
5.31984716535433
 20
-3.882447913385827
 11
5.328338937007874
 21
-3.878027362204724
  0
LINE
  5
3A4
100
AcDbEntity
  8
User.1
  6
CONTINUOUS
 62
  256
370
   -1
100
AcDbLine
 10
5.328338937007874
 20
-3.878027362204724
 11
5.336181062992126
 21
-3.872536220472441
  0
LINE
  5
3A5
100
AcDbEntity
  8
User.1
  6
CONTINUOUS
 62
  256
370
   -1
100
AcDbLine
 10
5.336181062992126
 20
-3.872536220472441
 11
5.34323937007874
 21
-3.866068503937008
  0
LINE
  5
3A6
100
AcDbEntity
  8
User.1
  6
CONTINUOUS
 62
  256
370
   -1
100
AcDbLine
 10
5.34323937007874
 20
-3.866068503937008
 11
5.34939311023622
 21
-3.858734803149606
  0
LINE
  5
3A7
100
AcDbEntity
  8
User.1
  6
CONTINUOUS
 62
  256
370
   -1
100
AcDbLine
 10
5.34939311023622
 20
-3.858734803149606
 11
5.354536929133858
 21
-3.850660590551181
  0
LINE
  5
3A8
100
AcDbEntity
  8
User.1
  6
CONTINUOUS
 62
  256
370
   -1
100
AcDbLine
 10
5.354536929133858
 20
-3.850660590551181
 11
5.358582834645669
 21
-3.841984094488189
  0
LINE
  5
3A9
100
AcDbEntity
  8
User.1
  6
CONTINUOUS
 62
  256
370
   -1
100
AcDbLine
 10
5.358582834645669
 20
-3.841984094488189
 11
5.361461653543307
 21
-3.832853700787402
  0
LINE
  5
3AA
100
AcDbEntity
  8
User.1
  6
CONTINUOUS
 62
  256
370
   -1
100
AcDbLine
 10
5.361461653543307
 20
-3.832853700787402
 11
5.36312405511811
 21
-3.823425669291339
  0
LINE
  5
3AB
100
AcDbEntity
  8
User.1
  6
CONTINUOUS
 62
  256
370
   -1
100
AcDbLine
 10
5.36312405511811
 20
-3.823425669291339
 11
5.363541653543307
 21
-3.813861299212598
  0
LINE
  5
3AC
100
AcDbEntity
  8
User.1
  6
CONTINUOUS
 62
  256
370
   -1
100
AcDbLine
 10
5.363541653543307
 20
-3.813861299212598
 11
5.363124448818898
 21
-3.80909279527559
  0
LINE
  5
3AD
100
AcDbEntity
  8
User.1
  6
CONTINUOUS
 62
  256
370
   -1
100
AcDbLine
 10
5.363124448818898
 20
-3.80909279527559
 11
5.36051468503937
 21
-3.77926342519685
  0
LINE
  5
3AE
100
AcDbEntity
  8
User.1
  6
CONTINUOUS
 62
  256
370
   -1
100
AcDbLine
 10
5.36051468503937
 20
-3.77926342519685
 11
5.358979409448819
 21
-3.77862748031496
  0
LINE
  5
3AF
100
AcDbEntity
  8
User.1
  6
CONTINUOUS
 62
  256
370
   -1
100
AcDbLine
 10
5.358979409448819
 20
-3.77862748031496
 11
5.357461968503937
 21
-3.777110039370079
  0
LINE
  5
3B0
100
AcDbEntity
  8
User.1
  6
CONTINUOUS
 62
  256
370
   -1
100
AcDbLine
 10
5.357461968503937
 20
-3.777110039370079
 11
5.356640708661417
 21
-3.775127401574803
  0
LINE
  5
3B1
100
AcDbEntity
  8
User.1
  6
CONTINUOUS
 62
  256
370
   -1
100
AcDbLine
 10
5.356640708661417
 20
-3.775127401574803
 11
5.356640708661417
 21
-3.773159291338583
  0
LINE
  5
3B2
100
AcDbEntity
  8
User.1
  6
CONTINUOUS
 62
  256
370
   -1
100
AcDbLine
 10
5.356640708661417
 20
-3.773159291338583
 11
5.356640708661417
 21
-3.772981417322835
  0
LINE
  5
3B3
100
AcDbEntity
  8
User.1
  6
CONTINUOUS
 62
  256
370
   -1
100
AcDbLine
 10
5.356640708661417
 20
-3.772981417322835
 11
5.357461968503937
 21
-3.770998779527559
  0
LINE
  5
3B4
100
AcDbEntity
  8
User.1
  6
CONTINUOUS
 62
  256
370
   -1
100
AcDbLine
 10
5.357461968503937
 20
-3.770998779527559
 11
5.358979409448819
 21
-3.769481338582677
  0
LINE
  5
3B5
100
AcDbEntity
  8
User.1
  6
CONTINUOUS
 62
  256
370
   -1
100
AcDbLine
 10
5.358979409448819
 20
-3.769481338582677
 11
5.359635118110236
 21
-3.76920968503937
  0
LINE
  5
3B6
100
AcDbEntity
  8
User.1
  6
CONTINUOUS
 62
  256
370
   -1
100
AcDbLine
 10
5.359635118110236
 20
-3.76920968503937
 11
5.351799133858267
 21
-3.679643976377953
  0
LINE
  5
3B7
100
AcDbEntity
  8
User.1
  6
CONTINUOUS
 62
  256
370
   -1
100
AcDbLine
 10
5.351799133858267
 20
-3.679643976377953
 11
5.350263818897638
 21
-3.679008031496063
  0
LINE
  5
3B8
100
AcDbEntity
  8
User.1
  6
CONTINUOUS
 62
  256
370
   -1
100
AcDbLine
 10
5.350263818897638
 20
-3.679008031496063
 11
5.348746377952756
 21
-3.677490590551181
  0
LINE
  5
3B9
100
AcDbEntity
  8
User.1
  6
CONTINUOUS
 62
  256
370
   -1
100
AcDbLine
 10
5.348746377952756
 20
-3.677490590551181
 11
5.347925118110236
 21
-3.675507952755905
  0
LINE
  5
3BA
100
AcDbEntity
  8
User.1
  6
CONTINUOUS
 62
  256
370
   -1
100
AcDbLine
 10
5.347925118110236
 20
-3.675507952755905
 11
5.347925118110236
 21
-3.673539842519685
  0
LINE
  5
3BB
100
AcDbEntity
  8
User.1
  6
CONTINUOUS
 62
  256
370
   -1
100
AcDbLine
 10
5.347925118110236
 20
-3.673539842519685
 11
5.347925118110236
 21
-3.673361968503937
  0
LINE
  5
3BC
100
AcDbEntity
  8
User.1
  6
CONTINUOUS
 62
  256
370
   -1
100
AcDbLine
 10
5.347925118110236
 20
-3.673361968503937
 11
5.348746377952756
 21
-3.671379330708661
  0
LINE
  5
3BD
100
AcDbEntity
  8
User.1
  6
CONTINUOUS
 62
  256
370
   -1
100
AcDbLine
 10
5.348746377952756
 20
-3.671379330708661
 11
5.350263818897638
 21
-3.66986188976378
  0
LINE
  5
3BE
100
AcDbEntity
  8
User.1
  6
CONTINUOUS
 62
  256
370
   -1
100
AcDbLine
 10
5.350263818897638
 20
-3.66986188976378
 11
5.350919527559055
 21
-3.669590236220472
  0
LINE
  5
3BF
100
AcDbEntity
  8
User.1
  6
CONTINUOUS
 62
  256
370
   -1
100
AcDbLine
 10
5.350919527559055
 20
-3.669590236220472
 11
5.346806220472441
 21
-3.622574763779527
  0
LINE
  5
3C0
100
AcDbEntity
  8
User.1
  6
CONTINUOUS
 62
  256
370
   -1
100
AcDbLine
 10
5.346806220472441
 20
-3.622574763779527
 11
4.653391968503937
 21
-3.683240669291338
  0
LINE
  5
3C1
100
AcDbEntity
  8
User.1
  6
CONTINUOUS
 62
  256
370
   -1
100
AcDbLine
 10
4.667016850393701
 20
-3.838973976377952
 11
4.667247795275591
 21
-3.838878346456693
  0
LINE
  5
3C2
100
AcDbEntity
  8
User.1
  6
CONTINUOUS
 62
  256
370
   -1
100
AcDbLine
 10
4.667247795275591
 20
-3.838878346456693
 11
4.668513661417323
 21
-3.837612480314961
  0
LINE
  5
3C3
100
AcDbEntity
  8
User.1
  6
CONTINUOUS
 62
  256
370
   -1
100
AcDbLine
 10
4.668513661417323
 20
-3.837612480314961
 11
4.66919874015748
 21
-3.835958543307087
  0
LINE
  5
3C4
100
AcDbEntity
  8
User.1
  6
CONTINUOUS
 62
  256
370
   -1
100
AcDbLine
 10
4.66919874015748
 20
-3.835958543307087
 11
4.66919874015748
 21
-3.834168307086614
  0
LINE
  5
3C5
100
AcDbEntity
  8
User.1
  6
CONTINUOUS
 62
  256
370
   -1
100
AcDbLine
 10
4.66919874015748
 20
-3.834168307086614
 11
4.668513661417323
 21
-3.83251437007874
  0
LINE
  5
3C6
100
AcDbEntity
  8
User.1
  6
CONTINUOUS
 62
  256
370
   -1
100
AcDbLine
 10
4.668513661417323
 20
-3.83251437007874
 11
4.667247795275591
 21
-3.831248503937008
  0
LINE
  5
3C7
100
AcDbEntity
  8
User.1
  6
CONTINUOUS
 62
  256
370
   -1
100
AcDbLine
 10
4.667247795275591
 20
-3.831248503937008
 11
4.66630688976378
 21
-3.83085874015748
  0
LINE
  5
3C8
100
AcDbEntity
  8
User.1
  6
CONTINUOUS
 62
  256
370
   -1
100
AcDbLine
 10
4.66630688976378
 20
-3.83085874015748
 11
4.667016850393701
 21
-3.838973976377952
  0
LINE
  5
3C9
100
AcDbEntity
  8
User.1
  6
CONTINUOUS
 62
  256
370
   -1
100
AcDbLine
 10
5.364353149606299
 20
-3.777964960629921
 11
5.364584094488189
 21
-3.777869330708661
  0
LINE
  5
3CA
100
AcDbEntity
  8
User.1
  6
CONTINUOUS
 62
  256
370
   -1
100
AcDbLine
 10
5.364584094488189
 20
-3.777869330708661
 11
5.365849960629921
 21
-3.776603464566929
  0
LINE
  5
3CB
100
AcDbEntity
  8
User.1
  6
CONTINUOUS
 62
  256
370
   -1
100
AcDbLine
 10
5.365849960629921
 20
-3.776603464566929
 11
5.366535039370079
 21
-3.774949527559055
  0
LINE
  5
3CC
100
AcDbEntity
  8
User.1
  6
CONTINUOUS
 62
  256
370
   -1
100
AcDbLine
 10
5.366535039370079
 20
-3.774949527559055
 11
5.366535039370079
 21
-3.773159291338583
  0
LINE
  5
3CD
100
AcDbEntity
  8
User.1
  6
CONTINUOUS
 62
  256
370
   -1
100
AcDbLine
 10
5.366535039370079
 20
-3.773159291338583
 11
5.365849960629921
 21
-3.771505354330709
  0
LINE
  5
3CE
100
AcDbEntity
  8
User.1
  6
CONTINUOUS
 62
  256
370
   -1
100
AcDbLine
 10
5.365849960629921
 20
-3.771505354330709
 11
5.364584094488189
 21
-3.770239488188976
  0
LINE
  5
3CF
100
AcDbEntity
  8
User.1
  6
CONTINUOUS
 62
  256
370
   -1
100
AcDbLine
 10
5.364584094488189
 20
-3.770239488188976
 11
5.363643188976378
 21
-3.769849724409449
  0
LINE
  5
3D0
100
AcDbEntity
  8
User.1
  6
CONTINUOUS
 62
  256
370
   -1
100
AcDbLine
 10
5.363643188976378
 20
-3.769849724409449
 11
5.364353149606299
 21
-3.777964960629921
  0
LINE
  5
3D1
100
AcDbEntity
  8
User.1
  6
CONTINUOUS
 62
  256
370
   -1
100
AcDbLine
 10
4.658301299212599
 20
-3.739354527559055
 11
4.658532204724409
 21
-3.739258897637795
  0
LINE
  5
3D2
100
AcDbEntity
  8
User.1
  6
CONTINUOUS
 62
  256
370
   -1
100
AcDbLine
 10
4.658532204724409
 20
-3.739258897637795
 11
4.659798070866142
 21
-3.737993031496063
  0
LINE
  5
3D3
100
AcDbEntity
  8
User.1
  6
CONTINUOUS
 62
  256
370
   -1
100
AcDbLine
 10
4.659798070866142
 20
-3.737993031496063
 11
4.660483149606299
 21
-3.736339094488189
  0
LINE
  5
3D4
100
AcDbEntity
  8
User.1
  6
CONTINUOUS
 62
  256
370
   -1
100
AcDbLine
 10
4.660483149606299
 20
-3.736339094488189
 11
4.660483149606299
 21
-3.734548858267717
  0
LINE
  5
3D5
100
AcDbEntity
  8
User.1
  6
CONTINUOUS
 62
  256
370
   -1
100
AcDbLine
 10
4.660483149606299
 20
-3.734548858267717
 11
4.659798070866142
 21
-3.732894921259843
  0
LINE
  5
3D6
100
AcDbEntity
  8
User.1
  6
CONTINUOUS
 62
  256
370
   -1
100
AcDbLine
 10
4.659798070866142
 20
-3.732894921259843
 11
4.658532204724409
 21
-3.73162905511811
  0
LINE
  5
3D7
100
AcDbEntity
  8
User.1
  6
CONTINUOUS
 62
  256
370
   -1
100
AcDbLine
 10
4.658532204724409
 20
-3.73162905511811
 11
4.657591299212599
 21
-3.731239330708661
  0
LINE
  5
3D8
100
AcDbEntity
  8
User.1
  6
CONTINUOUS
 62
  256
370
   -1
100
AcDbLine
 10
4.657591299212599
 20
-3.731239330708661
 11
4.658301299212599
 21
-3.739354527559055
  0
LINE
  5
3D9
100
AcDbEntity
  8
User.1
  6
CONTINUOUS
 62
  256
370
   -1
100
AcDbLine
 10
5.355637598425197
 20
-3.678345511811024
 11
5.355868503937008
 21
-3.678249881889764
  0
LINE
  5
3DA
100
AcDbEntity
  8
User.1
  6
CONTINUOUS
 62
  256
370
   -1
100
AcDbLine
 10
5.355868503937008
 20
-3.678249881889764
 11
5.35713437007874
 21
-3.676984015748031
  0
LINE
  5
3DB
100
AcDbEntity
  8
User.1
  6
CONTINUOUS
 62
  256
370
   -1
100
AcDbLine
 10
5.35713437007874
 20
-3.676984015748031
 11
5.357819448818898
 21
-3.675330078740157
  0
LINE
  5
3DC
100
AcDbEntity
  8
User.1
  6
CONTINUOUS
 62
  256
370
   -1
100
AcDbLine
 10
5.357819448818898
 20
-3.675330078740157
 11
5.357819448818898
 21
-3.673539842519685
  0
LINE
  5
3DD
100
AcDbEntity
  8
User.1
  6
CONTINUOUS
 62
  256
370
   -1
100
AcDbLine
 10
5.357819448818898
 20
-3.673539842519685
 11
5.35713437007874
 21
-3.671885905511811
  0
LINE
  5
3DE
100
AcDbEntity
  8
User.1
  6
CONTINUOUS
 62
  256
370
   -1
100
AcDbLine
 10
5.35713437007874
 20
-3.671885905511811
 11
5.355868503937008
 21
-3.670620039370079
  0
LINE
  5
3DF
100
AcDbEntity
  8
User.1
  6
CONTINUOUS
 62
  256
370
   -1
100
AcDbLine
 10
5.355868503937008
 20
-3.670620039370079
 11
5.354927598425196
 21
-3.67023031496063
  0
LINE
  5
3E0
100
AcDbEntity
  8
User.1
  6
CONTINUOUS
 62
  256
370
   -1
100
AcDbLine
 10
5.354927598425196
 20
-3.67023031496063
 11
5.355637598425197
 21
-3.678345511811024
  0
LINE
  5
3E1
100
AcDbEntity
  8
User.1
  6
CONTINUOUS
 62
  256
370
   -1
100
AcDbLine
 10
5.225919921259843
 20
-3.07004968503937
 11
5.225912992125984
 21
-3.070057992125984
  0
LINE
  5
3E2
100
AcDbEntity
  8
User.1
  6
CONTINUOUS
 62
  256
370
   -1
100
AcDbLine
 10
5.225912992125984
 20
-3.070057992125984
 11
5.22517562992126
 21
-3.070272913385827
  0
LINE
  5
3E3
100
AcDbEntity
  8
User.1
  6
CONTINUOUS
 62
  256
370
   -1
100
AcDbLine
 10
5.22517562992126
 20
-3.070272913385827
 11
5.12881248031496
 21
-3.078703582677165
  0
LINE
  5
3E4
100
AcDbEntity
  8
User.1
  6
CONTINUOUS
 62
  256
370
   -1
100
AcDbLine
 10
5.12881248031496
 20
-3.078703582677165
 11
5.128508070866141
 21
-3.079069133858268
  0
LINE
  5
3E5
100
AcDbEntity
  8
User.1
  6
CONTINUOUS
 62
  256
370
   -1
100
AcDbLine
 10
5.128508070866141
 20
-3.079069133858268
 11
5.126602598425197
 21
-3.079242952755906
  0
LINE
  5
3E6
100
AcDbEntity
  8
User.1
  6
CONTINUOUS
 62
  256
370
   -1
100
AcDbLine
 10
5.126602598425197
 20
-3.079242952755906
 11
5.126226614173229
 21
-3.078929803149606
  0
LINE
  5
3E7
100
AcDbEntity
  8
User.1
  6
CONTINUOUS
 62
  256
370
   -1
100
AcDbLine
 10
5.126226614173229
 20
-3.078929803149606
 11
5.102145590551181
 21
-3.081036614173228
  0
LINE
  5
3E8
100
AcDbEntity
  8
User.1
  6
CONTINUOUS
 62
  256
370
   -1
100
AcDbLine
 10
5.102145590551181
 20
-3.081036614173228
 11
5.118533622047244
 21
-3.268352637795275
  0
LINE
  5
3E9
100
AcDbEntity
  8
User.1
  6
CONTINUOUS
 62
  256
370
   -1
100
AcDbLine
 10
5.118533622047244
 20
-3.268352637795275
 11
5.118469921259843
 21
-3.268934409448819
  0
LINE
  5
3EA
100
AcDbEntity
  8
User.1
  6
CONTINUOUS
 62
  256
370
   -1
100
AcDbLine
 10
5.118469921259843
 20
-3.268934409448819
 11
5.117731929133858
 21
-3.269813897637795
  0
LINE
  5
3EB
100
AcDbEntity
  8
User.1
  6
CONTINUOUS
 62
  256
370
   -1
100
AcDbLine
 10
5.117731929133858
 20
-3.269813897637795
 11
5.117731732283464
 21
-3.269813897637795
  0
LINE
  5
3EC
100
AcDbEntity
  8
User.1
  6
CONTINUOUS
 62
  256
370
   -1
100
AcDbLine
 10
5.117731732283464
 20
-3.269813897637795
 11
5.117170039370079
 21
-3.269977637795276
  0
LINE
  5
3ED
100
AcDbEntity
  8
User.1
  6
CONTINUOUS
 62
  256
370
   -1
100
AcDbLine
 10
5.117170039370079
 20
-3.269977637795276
 11
4.818311653543307
 21
-3.29612437007874
  0
LINE
  5
3EE
100
AcDbEntity
  8
User.1
  6
CONTINUOUS
 62
  256
370
   -1
100
AcDbLine
 10
4.818311653543307
 20
-3.29612437007874
 11
4.817729842519685
 21
-3.296060669291339
  0
LINE
  5
3EF
100
AcDbEntity
  8
User.1
  6
CONTINUOUS
 62
  256
370
   -1
100
AcDbLine
 10
4.817729842519685
 20
-3.296060669291339
 11
4.816850393700787
 21
-3.295322716535433
  0
LINE
  5
3F0
100
AcDbEntity
  8
User.1
  6
CONTINUOUS
 62
  256
370
   -1
100
AcDbLine
 10
4.816850393700787
 20
-3.295322716535433
 11
4.816686614173229
 21
-3.294760826771653
  0
LINE
  5
3F1
100
AcDbEntity
  8
User.1
  6
CONTINUOUS
 62
  256
370
   -1
100
AcDbLine
 10
4.816686614173229
 20
-3.294760826771653
 11
4.800298582677165
 21
-3.107444842519685
  0
LINE
  5
3F2
100
AcDbEntity
  8
User.1
  6
CONTINUOUS
 62
  256
370
   -1
100
AcDbLine
 10
4.800298582677165
 20
-3.107444842519685
 11
4.77586688976378
 21
-3.109582322834646
  0
LINE
  5
3F3
100
AcDbEntity
  8
User.1
  6
CONTINUOUS
 62
  256
370
   -1
100
AcDbLine
 10
4.77586688976378
 20
-3.109582322834646
 11
4.775556811023622
 21
-3.109951929133858
  0
LINE
  5
3F4
100
AcDbEntity
  8
User.1
  6
CONTINUOUS
 62
  256
370
   -1
100
AcDbLine
 10
4.775556811023622
 20
-3.109951929133858
 11
4.773650708661417
 21
-3.110118661417323
  0
LINE
  5
3F5
100
AcDbEntity
  8
User.1
  6
CONTINUOUS
 62
  256
370
   -1
100
AcDbLine
 10
4.773650708661417
 20
-3.110118661417323
 11
4.773281141732284
 21
-3.109808543307087
  0
LINE
  5
3F6
100
AcDbEntity
  8
User.1
  6
CONTINUOUS
 62
  256
370
   -1
100
AcDbLine
 10
4.773281141732284
 20
-3.109808543307087
 11
4.677268582677165
 21
-3.118208543307087
  0
LINE
  5
3F7
100
AcDbEntity
  8
User.1
  6
CONTINUOUS
 62
  256
370
   -1
100
AcDbLine
 10
4.677268582677165
 20
-3.118208543307087
 11
4.677268582677165
 21
-3.118208582677165
  0
LINE
  5
3F8
100
AcDbEntity
  8
User.1
  6
CONTINUOUS
 62
  256
370
   -1
100
AcDbLine
 10
4.677268582677165
 20
-3.118208582677165
 11
4.672500118110236
 21
-3.118625866141732
  0
LINE
  5
3F9
100
AcDbEntity
  8
User.1
  6
CONTINUOUS
 62
  256
370
   -1
100
AcDbLine
 10
4.672500118110236
 20
-3.118625866141732
 11
4.663153661417323
 21
-3.120698149606299
  0
LINE
  5
3FA
100
AcDbEntity
  8
User.1
  6
CONTINUOUS
 62
  256
370
   -1
100
AcDbLine
 10
4.663153661417323
 20
-3.120698149606299
 11
4.654157677165355
 21
-3.123972598425197
  0
LINE
  5
3FB
100
AcDbEntity
  8
User.1
  6
CONTINUOUS
 62
  256
370
   -1
100
AcDbLine
 10
4.654157677165355
 20
-3.123972598425197
 11
4.645665984251968
 21
-3.128393228346457
  0
LINE
  5
3FC
100
AcDbEntity
  8
User.1
  6
CONTINUOUS
 62
  256
370
   -1
100
AcDbLine
 10
4.645665984251968
 20
-3.128393228346457
 11
4.637823976377953
 21
-3.13388437007874
  0
LINE
  5
3FD
100
AcDbEntity
  8
User.1
  6
CONTINUOUS
 62
  256
370
   -1
100
AcDbLine
 10
4.637823976377953
 20
-3.13388437007874
 11
4.630765748031496
 21
-3.140352086614173
  0
LINE
  5
3FE
100
AcDbEntity
  8
User.1
  6
CONTINUOUS
 62
  256
370
   -1
100
AcDbLine
 10
4.630765748031496
 20
-3.140352086614173
 11
4.624612047244095
 21
-3.147685748031496
  0
LINE
  5
3FF
100
AcDbEntity
  8
User.1
  6
CONTINUOUS
 62
  256
370
   -1
100
AcDbLine
 10
4.624612047244095
 20
-3.147685748031496
 11
4.619468228346457
 21
-3.155759881889764
  0
LINE
  5
400
100
AcDbEntity
  8
User.1
  6
CONTINUOUS
 62
  256
370
   -1
100
AcDbLine
 10
4.619468228346457
 20
-3.155759881889764
 11
4.615422283464567
 21
-3.164436299212599
  0
LINE
  5
401
100
AcDbEntity
  8
User.1
  6
CONTINUOUS
 62
  256
370
   -1
100
AcDbLine
 10
4.615422283464567
 20
-3.164436299212599
 11
4.612543385826772
 21
-3.17356657480315
  0
LINE
  5
402
100
AcDbEntity
  8
User.1
  6
CONTINUOUS
 62
  256
370
   -1
100
AcDbLine
 10
4.612543385826772
 20
-3.17356657480315
 11
4.610880787401575
 21
-3.182994527559055
  0
LINE
  5
403
100
AcDbEntity
  8
User.1
  6
CONTINUOUS
 62
  256
370
   -1
100
AcDbLine
 10
4.610880787401575
 20
-3.182994527559055
 11
4.610462992125984
 21
-3.192558818897638
  0
LINE
  5
404
100
AcDbEntity
  8
User.1
  6
CONTINUOUS
 62
  256
370
   -1
100
AcDbLine
 10
4.610462992125984
 20
-3.192558818897638
 11
4.610880039370079
 21
-3.197327204724409
  0
LINE
  5
405
100
AcDbEntity
  8
User.1
  6
CONTINUOUS
 62
  256
370
   -1
100
AcDbLine
 10
4.610880039370079
 20
-3.197327204724409
 11
4.610880078740157
 21
-3.197327244094488
  0
LINE
  5
406
100
AcDbEntity
  8
User.1
  6
CONTINUOUS
 62
  256
370
   -1
100
AcDbLine
 10
4.610880078740157
 20
-3.197327244094488
 11
4.613925551181103
 21
-3.232137559055118
  0
LINE
  5
407
100
AcDbEntity
  8
User.1
  6
CONTINUOUS
 62
  256
370
   -1
100
AcDbLine
 10
4.613925551181103
 20
-3.232137559055118
 11
4.615460905511811
 21
-3.232773543307086
  0
LINE
  5
408
100
AcDbEntity
  8
User.1
  6
CONTINUOUS
 62
  256
370
   -1
100
AcDbLine
 10
4.615460905511811
 20
-3.232773543307086
 11
4.616978346456693
 21
-3.234290984251968
  0
LINE
  5
409
100
AcDbEntity
  8
User.1
  6
CONTINUOUS
 62
  256
370
   -1
100
AcDbLine
 10
4.616978346456693
 20
-3.234290984251968
 11
4.617799606299212
 21
-3.236273622047244
  0
LINE
  5
40A
100
AcDbEntity
  8
User.1
  6
CONTINUOUS
 62
  256
370
   -1
100
AcDbLine
 10
4.617799606299212
 20
-3.236273622047244
 11
4.617799606299212
 21
-3.238419606299213
  0
LINE
  5
40B
100
AcDbEntity
  8
User.1
  6
CONTINUOUS
 62
  256
370
   -1
100
AcDbLine
 10
4.617799606299212
 20
-3.238419606299213
 11
4.616978346456693
 21
-3.240402244094488
  0
LINE
  5
40C
100
AcDbEntity
  8
User.1
  6
CONTINUOUS
 62
  256
370
   -1
100
AcDbLine
 10
4.616978346456693
 20
-3.240402244094488
 11
4.615460905511811
 21
-3.24191968503937
  0
LINE
  5
40D
100
AcDbEntity
  8
User.1
  6
CONTINUOUS
 62
  256
370
   -1
100
AcDbLine
 10
4.615460905511811
 20
-3.24191968503937
 11
4.614805157480315
 21
-3.242191299212598
  0
LINE
  5
40E
100
AcDbEntity
  8
User.1
  6
CONTINUOUS
 62
  256
370
   -1
100
AcDbLine
 10
4.614805157480315
 20
-3.242191299212598
 11
4.622641141732283
 21
-3.331757047244094
  0
LINE
  5
40F
100
AcDbEntity
  8
User.1
  6
CONTINUOUS
 62
  256
370
   -1
100
AcDbLine
 10
4.622641141732283
 20
-3.331757047244094
 11
4.624176496062992
 21
-3.332393031496063
  0
LINE
  5
410
100
AcDbEntity
  8
User.1
  6
CONTINUOUS
 62
  256
370
   -1
100
AcDbLine
 10
4.624176496062992
 20
-3.332393031496063
 11
4.625693897637795
 21
-3.333910433070866
  0
LINE
  5
411
100
AcDbEntity
  8
User.1
  6
CONTINUOUS
 62
  256
370
   -1
100
AcDbLine
 10
4.625693897637795
 20
-3.333910433070866
 11
4.626515157480314
 21
-3.335893070866142
  0
LINE
  5
412
100
AcDbEntity
  8
User.1
  6
CONTINUOUS
 62
  256
370
   -1
100
AcDbLine
 10
4.626515157480314
 20
-3.335893070866142
 11
4.626515157480314
 21
-3.33803905511811
  0
LINE
  5
413
100
AcDbEntity
  8
User.1
  6
CONTINUOUS
 62
  256
370
   -1
100
AcDbLine
 10
4.626515157480314
 20
-3.33803905511811
 11
4.625693897637795
 21
-3.340021692913386
  0
LINE
  5
414
100
AcDbEntity
  8
User.1
  6
CONTINUOUS
 62
  256
370
   -1
100
AcDbLine
 10
4.625693897637795
 20
-3.340021692913386
 11
4.624176496062992
 21
-3.341539094488189
  0
LINE
  5
415
100
AcDbEntity
  8
User.1
  6
CONTINUOUS
 62
  256
370
   -1
100
AcDbLine
 10
4.624176496062992
 20
-3.341539094488189
 11
4.623520708661418
 21
-3.341810708661417
  0
LINE
  5
416
100
AcDbEntity
  8
User.1
  6
CONTINUOUS
 62
  256
370
   -1
100
AcDbLine
 10
4.623520708661418
 20
-3.341810708661417
 11
4.631356732283464
 21
-3.431376496062992
  0
LINE
  5
417
100
AcDbEntity
  8
User.1
  6
CONTINUOUS
 62
  256
370
   -1
100
AcDbLine
 10
4.631356732283464
 20
-3.431376496062992
 11
4.632892086614173
 21
-3.432012480314961
  0
LINE
  5
418
100
AcDbEntity
  8
User.1
  6
CONTINUOUS
 62
  256
370
   -1
100
AcDbLine
 10
4.632892086614173
 20
-3.432012480314961
 11
4.634409527559055
 21
-3.433529921259842
  0
LINE
  5
419
100
AcDbEntity
  8
User.1
  6
CONTINUOUS
 62
  256
370
   -1
100
AcDbLine
 10
4.634409527559055
 20
-3.433529921259842
 11
4.635230787401575
 21
-3.435512559055118
  0
LINE
  5
41A
100
AcDbEntity
  8
User.1
  6
CONTINUOUS
 62
  256
370
   -1
100
AcDbLine
 10
4.635230787401575
 20
-3.435512559055118
 11
4.635230787401575
 21
-3.437658543307087
  0
LINE
  5
41B
100
AcDbEntity
  8
User.1
  6
CONTINUOUS
 62
  256
370
   -1
100
AcDbLine
 10
4.635230787401575
 20
-3.437658543307087
 11
4.634409527559055
 21
-3.439641181102362
  0
LINE
  5
41C
100
AcDbEntity
  8
User.1
  6
CONTINUOUS
 62
  256
370
   -1
100
AcDbLine
 10
4.634409527559055
 20
-3.439641181102362
 11
4.632892086614173
 21
-3.441158622047244
  0
LINE
  5
41D
100
AcDbEntity
  8
User.1
  6
CONTINUOUS
 62
  256
370
   -1
100
AcDbLine
 10
4.632892086614173
 20
-3.441158622047244
 11
4.632236299212598
 21
-3.441430236220473
  0
LINE
  5
41E
100
AcDbEntity
  8
User.1
  6
CONTINUOUS
 62
  256
370
   -1
100
AcDbLine
 10
4.632236299212598
 20
-3.441430236220473
 11
4.640072283464566
 21
-3.530995984251968
  0
LINE
  5
41F
100
AcDbEntity
  8
User.1
  6
CONTINUOUS
 62
  256
370
   -1
100
AcDbLine
 10
4.640072283464566
 20
-3.530995984251968
 11
4.641607637795276
 21
-3.531631968503937
  0
LINE
  5
420
100
AcDbEntity
  8
User.1
  6
CONTINUOUS
 62
  256
370
   -1
100
AcDbLine
 10
4.641607637795276
 20
-3.531631968503937
 11
4.643125078740157
 21
-3.533149409448819
  0
LINE
  5
421
100
AcDbEntity
  8
User.1
  6
CONTINUOUS
 62
  256
370
   -1
100
AcDbLine
 10
4.643125078740157
 20
-3.533149409448819
 11
4.643946338582677
 21
-3.535132047244094
  0
LINE
  5
422
100
AcDbEntity
  8
User.1
  6
CONTINUOUS
 62
  256
370
   -1
100
AcDbLine
 10
4.643946338582677
 20
-3.535132047244094
 11
4.643946338582677
 21
-3.537278031496063
  0
LINE
  5
423
100
AcDbEntity
  8
User.1
  6
CONTINUOUS
 62
  256
370
   -1
100
AcDbLine
 10
4.643946338582677
 20
-3.537278031496063
 11
4.643125078740157
 21
-3.539260669291338
  0
LINE
  5
424
100
AcDbEntity
  8
User.1
  6
CONTINUOUS
 62
  256
370
   -1
100
AcDbLine
 10
4.643125078740157
 20
-3.539260669291338
 11
4.641607637795276
 21
-3.540778110236221
  0
LINE
  5
425
100
AcDbEntity
  8
User.1
  6
CONTINUOUS
 62
  256
370
   -1
100
AcDbLine
 10
4.641607637795276
 20
-3.540778110236221
 11
4.640951889763779
 21
-3.541049724409449
  0
LINE
  5
426
100
AcDbEntity
  8
User.1
  6
CONTINUOUS
 62
  256
370
   -1
100
AcDbLine
 10
4.640951889763779
 20
-3.541049724409449
 11
4.648787874015748
 21
-3.630615433070866
  0
LINE
  5
427
100
AcDbEntity
  8
User.1
  6
CONTINUOUS
 62
  256
370
   -1
100
AcDbLine
 10
4.648787874015748
 20
-3.630615433070866
 11
4.650323228346457
 21
-3.631251417322835
  0
LINE
  5
428
100
AcDbEntity
  8
User.1
  6
CONTINUOUS
 62
  256
370
   -1
100
AcDbLine
 10
4.650323228346457
 20
-3.631251417322835
 11
4.651840669291339
 21
-3.632768858267716
  0
LINE
  5
429
100
AcDbEntity
  8
User.1
  6
CONTINUOUS
 62
  256
370
   -1
100
AcDbLine
 10
4.651840669291339
 20
-3.632768858267716
 11
4.652661929133858
 21
-3.634751496062992
  0
LINE
  5
42A
100
AcDbEntity
  8
User.1
  6
CONTINUOUS
 62
  256
370
   -1
100
AcDbLine
 10
4.652661929133858
 20
-3.634751496062992
 11
4.652661929133858
 21
-3.636897480314961
  0
LINE
  5
42B
100
AcDbEntity
  8
User.1
  6
CONTINUOUS
 62
  256
370
   -1
100
AcDbLine
 10
4.652661929133858
 20
-3.636897480314961
 11
4.651840669291339
 21
-3.638880118110236
  0
LINE
  5
42C
100
AcDbEntity
  8
User.1
  6
CONTINUOUS
 62
  256
370
   -1
100
AcDbLine
 10
4.651840669291339
 20
-3.638880118110236
 11
4.650323228346457
 21
-3.640397559055118
  0
LINE
  5
42D
100
AcDbEntity
  8
User.1
  6
CONTINUOUS
 62
  256
370
   -1
100
AcDbLine
 10
4.650323228346457
 20
-3.640397559055118
 11
4.649667440944881
 21
-3.640669173228346
  0
LINE
  5
42E
100
AcDbEntity
  8
User.1
  6
CONTINUOUS
 62
  256
370
   -1
100
AcDbLine
 10
4.649667440944881
 20
-3.640669173228346
 11
4.652877283464567
 21
-3.677357598425197
  0
LINE
  5
42F
100
AcDbEntity
  8
User.1
  6
CONTINUOUS
 62
  256
370
   -1
100
AcDbLine
 10
4.652877283464567
 20
-3.677357598425197
 11
5.346291535433071
 21
-3.616691692913386
  0
LINE
  5
430
100
AcDbEntity
  8
User.1
  6
CONTINUOUS
 62
  256
370
   -1
100
AcDbLine
 10
5.346291535433071
 20
-3.616691692913386
 11
5.343083543307086
 21
-3.580024488188976
  0
LINE
  5
431
100
AcDbEntity
  8
User.1
  6
CONTINUOUS
 62
  256
370
   -1
100
AcDbLine
 10
5.343083543307086
 20
-3.580024488188976
 11
5.341548228346457
 21
-3.579388543307087
  0
LINE
  5
432
100
AcDbEntity
  8
User.1
  6
CONTINUOUS
 62
  256
370
   -1
100
AcDbLine
 10
5.341548228346457
 20
-3.579388543307087
 11
5.340030787401575
 21
-3.577871102362205
  0
LINE
  5
433
100
AcDbEntity
  8
User.1
  6
CONTINUOUS
 62
  256
370
   -1
100
AcDbLine
 10
5.340030787401575
 20
-3.577871102362205
 11
5.339209527559055
 21
-3.575888464566929
  0
LINE
  5
434
100
AcDbEntity
  8
User.1
  6
CONTINUOUS
 62
  256
370
   -1
100
AcDbLine
 10
5.339209527559055
 20
-3.575888464566929
 11
5.339209527559055
 21
-3.573920354330709
  0
LINE
  5
435
100
AcDbEntity
  8
User.1
  6
CONTINUOUS
 62
  256
370
   -1
100
AcDbLine
 10
5.339209527559055
 20
-3.573920354330709
 11
5.339209527559055
 21
-3.57374248031496
  0
LINE
  5
436
100
AcDbEntity
  8
User.1
  6
CONTINUOUS
 62
  256
370
   -1
100
AcDbLine
 10
5.339209527559055
 20
-3.57374248031496
 11
5.340030787401575
 21
-3.571759842519685
  0
LINE
  5
437
100
AcDbEntity
  8
User.1
  6
CONTINUOUS
 62
  256
370
   -1
100
AcDbLine
 10
5.340030787401575
 20
-3.571759842519685
 11
5.341548228346457
 21
-3.570242401574803
  0
LINE
  5
438
100
AcDbEntity
  8
User.1
  6
CONTINUOUS
 62
  256
370
   -1
100
AcDbLine
 10
5.341548228346457
 20
-3.570242401574803
 11
5.342203976377952
 21
-3.569970748031496
  0
LINE
  5
439
100
AcDbEntity
  8
User.1
  6
CONTINUOUS
 62
  256
370
   -1
100
AcDbLine
 10
5.342203976377952
 20
-3.569970748031496
 11
5.334367992125984
 21
-3.480404960629921
  0
LINE
  5
43A
100
AcDbEntity
  8
User.1
  6
CONTINUOUS
 62
  256
370
   -1
100
AcDbLine
 10
5.334367992125984
 20
-3.480404960629921
 11
5.332832677165354
 21
-3.479769015748031
  0
LINE
  5
43B
100
AcDbEntity
  8
User.1
  6
CONTINUOUS
 62
  256
370
   -1
100
AcDbLine
 10
5.332832677165354
 20
-3.479769015748031
 11
5.331315275590551
 21
-3.478251614173228
  0
LINE
  5
43C
100
AcDbEntity
  8
User.1
  6
CONTINUOUS
 62
  256
370
   -1
100
AcDbLine
 10
5.331315275590551
 20
-3.478251614173228
 11
5.330494015748031
 21
-3.476268976377953
  0
LINE
  5
43D
100
AcDbEntity
  8
User.1
  6
CONTINUOUS
 62
  256
370
   -1
100
AcDbLine
 10
5.330494015748031
 20
-3.476268976377953
 11
5.330494015748031
 21
-3.474300905511811
  0
LINE
  5
43E
100
AcDbEntity
  8
User.1
  6
CONTINUOUS
 62
  256
370
   -1
100
AcDbLine
 10
5.330494015748031
 20
-3.474300905511811
 11
5.330494015748031
 21
-3.474122992125984
  0
LINE
  5
43F
100
AcDbEntity
  8
User.1
  6
CONTINUOUS
 62
  256
370
   -1
100
AcDbLine
 10
5.330494015748031
 20
-3.474122992125984
 11
5.331315275590551
 21
-3.472140354330709
  0
LINE
  5
440
100
AcDbEntity
  8
User.1
  6
CONTINUOUS
 62
  256
370
   -1
100
AcDbLine
 10
5.331315275590551
 20
-3.472140354330709
 11
5.332832677165354
 21
-3.470622952755905
  0
LINE
  5
441
100
AcDbEntity
  8
User.1
  6
CONTINUOUS
 62
  256
370
   -1
100
AcDbLine
 10
5.332832677165354
 20
-3.470622952755905
 11
5.333488385826771
 21
-3.470351299212598
  0
LINE
  5
442
100
AcDbEntity
  8
User.1
  6
CONTINUOUS
 62
  256
370
   -1
100
AcDbLine
 10
5.333488385826771
 20
-3.470351299212598
 11
5.325652401574803
 21
-3.380785551181102
  0
LINE
  5
443
100
AcDbEntity
  8
User.1
  6
CONTINUOUS
 62
  256
370
   -1
100
AcDbLine
 10
5.325652401574803
 20
-3.380785551181102
 11
5.324117086614173
 21
-3.380149606299212
  0
LINE
  5
444
100
AcDbEntity
  8
User.1
  6
CONTINUOUS
 62
  256
370
   -1
100
AcDbLine
 10
5.324117086614173
 20
-3.380149606299212
 11
5.322599645669291
 21
-3.378632165354331
  0
LINE
  5
445
100
AcDbEntity
  8
User.1
  6
CONTINUOUS
 62
  256
370
   -1
100
AcDbLine
 10
5.322599645669291
 20
-3.378632165354331
 11
5.321778385826772
 21
-3.376649527559055
  0
LINE
  5
446
100
AcDbEntity
  8
User.1
  6
CONTINUOUS
 62
  256
370
   -1
100
AcDbLine
 10
5.321778385826772
 20
-3.376649527559055
 11
5.321778385826772
 21
-3.374681417322835
  0
LINE
  5
447
100
AcDbEntity
  8
User.1
  6
CONTINUOUS
 62
  256
370
   -1
100
AcDbLine
 10
5.321778385826772
 20
-3.374681417322835
 11
5.321778385826772
 21
-3.374503543307087
  0
LINE
  5
448
100
AcDbEntity
  8
User.1
  6
CONTINUOUS
 62
  256
370
   -1
100
AcDbLine
 10
5.321778385826772
 20
-3.374503543307087
 11
5.322599645669291
 21
-3.372520905511811
  0
LINE
  5
449
100
AcDbEntity
  8
User.1
  6
CONTINUOUS
 62
  256
370
   -1
100
AcDbLine
 10
5.322599645669291
 20
-3.372520905511811
 11
5.324117086614173
 21
-3.371003464566929
  0
LINE
  5
44A
100
AcDbEntity
  8
User.1
  6
CONTINUOUS
 62
  256
370
   -1
100
AcDbLine
 10
5.324117086614173
 20
-3.371003464566929
 11
5.324772834645669
 21
-3.370731811023622
  0
LINE
  5
44B
100
AcDbEntity
  8
User.1
  6
CONTINUOUS
 62
  256
370
   -1
100
AcDbLine
 10
5.324772834645669
 20
-3.370731811023622
 11
5.316936811023622
 21
-3.281166023622047
  0
LINE
  5
44C
100
AcDbEntity
  8
User.1
  6
CONTINUOUS
 62
  256
370
   -1
100
AcDbLine
 10
5.316936811023622
 20
-3.281166023622047
 11
5.315401535433071
 21
-3.280530078740157
  0
LINE
  5
44D
100
AcDbEntity
  8
User.1
  6
CONTINUOUS
 62
  256
370
   -1
100
AcDbLine
 10
5.315401535433071
 20
-3.280530078740157
 11
5.313884133858267
 21
-3.279012677165354
  0
LINE
  5
44E
100
AcDbEntity
  8
User.1
  6
CONTINUOUS
 62
  256
370
   -1
100
AcDbLine
 10
5.313884133858267
 20
-3.279012677165354
 11
5.313062874015748
 21
-3.277030039370079
  0
LINE
  5
44F
100
AcDbEntity
  8
User.1
  6
CONTINUOUS
 62
  256
370
   -1
100
AcDbLine
 10
5.313062874015748
 20
-3.277030039370079
 11
5.313062874015748
 21
-3.275061968503937
  0
LINE
  5
450
100
AcDbEntity
  8
User.1
  6
CONTINUOUS
 62
  256
370
   -1
100
AcDbLine
 10
5.313062874015748
 20
-3.275061968503937
 11
5.313062874015748
 21
-3.27488405511811
  0
LINE
  5
451
100
AcDbEntity
  8
User.1
  6
CONTINUOUS
 62
  256
370
   -1
100
AcDbLine
 10
5.313062874015748
 20
-3.27488405511811
 11
5.313884133858267
 21
-3.272901417322835
  0
LINE
  5
452
100
AcDbEntity
  8
User.1
  6
CONTINUOUS
 62
  256
370
   -1
100
AcDbLine
 10
5.313884133858267
 20
-3.272901417322835
 11
5.315401535433071
 21
-3.271384015748032
  0
LINE
  5
453
100
AcDbEntity
  8
User.1
  6
CONTINUOUS
 62
  256
370
   -1
100
AcDbLine
 10
5.315401535433071
 20
-3.271384015748032
 11
5.316057244094488
 21
-3.271112362204724
  0
LINE
  5
454
100
AcDbEntity
  8
User.1
  6
CONTINUOUS
 62
  256
370
   -1
100
AcDbLine
 10
5.316057244094488
 20
-3.271112362204724
 11
5.30822125984252
 21
-3.181546614173228
  0
LINE
  5
455
100
AcDbEntity
  8
User.1
  6
CONTINUOUS
 62
  256
370
   -1
100
AcDbLine
 10
5.30822125984252
 20
-3.181546614173228
 11
5.30668594488189
 21
-3.180910669291339
  0
LINE
  5
456
100
AcDbEntity
  8
User.1
  6
CONTINUOUS
 62
  256
370
   -1
100
AcDbLine
 10
5.30668594488189
 20
-3.180910669291339
 11
5.305168503937008
 21
-3.179393228346457
  0
LINE
  5
457
100
AcDbEntity
  8
User.1
  6
CONTINUOUS
 62
  256
370
   -1
100
AcDbLine
 10
5.305168503937008
 20
-3.179393228346457
 11
5.304347244094488
 21
-3.177410590551181
  0
LINE
  5
458
100
AcDbEntity
  8
User.1
  6
CONTINUOUS
 62
  256
370
   -1
100
AcDbLine
 10
5.304347244094488
 20
-3.177410590551181
 11
5.304347244094488
 21
-3.175442480314961
  0
LINE
  5
459
100
AcDbEntity
  8
User.1
  6
CONTINUOUS
 62
  256
370
   -1
100
AcDbLine
 10
5.304347244094488
 20
-3.175442480314961
 11
5.304347244094488
 21
-3.175264606299212
  0
LINE
  5
45A
100
AcDbEntity
  8
User.1
  6
CONTINUOUS
 62
  256
370
   -1
100
AcDbLine
 10
5.304347244094488
 20
-3.175264606299212
 11
5.305168503937008
 21
-3.173281968503937
  0
LINE
  5
45B
100
AcDbEntity
  8
User.1
  6
CONTINUOUS
 62
  256
370
   -1
100
AcDbLine
 10
5.305168503937008
 20
-3.173281968503937
 11
5.30668594488189
 21
-3.171764527559055
  0
LINE
  5
45C
100
AcDbEntity
  8
User.1
  6
CONTINUOUS
 62
  256
370
   -1
100
AcDbLine
 10
5.30668594488189
 20
-3.171764527559055
 11
5.307341692913385
 21
-3.171492874015748
  0
LINE
  5
45D
100
AcDbEntity
  8
User.1
  6
CONTINUOUS
 62
  256
370
   -1
100
AcDbLine
 10
5.307341692913385
 20
-3.171492874015748
 11
5.304294330708661
 21
-3.136661377952756
  0
LINE
  5
45E
100
AcDbEntity
  8
User.1
  6
CONTINUOUS
 62
  256
370
   -1
100
AcDbLine
 10
5.304294330708661
 20
-3.136661377952756
 11
5.304305157480315
 21
-3.136562362204725
  0
LINE
  5
45F
100
AcDbEntity
  8
User.1
  6
CONTINUOUS
 62
  256
370
   -1
100
AcDbLine
 10
5.304305157480315
 20
-3.136562362204725
 11
5.304280590551181
 21
-3.136504488188976
  0
LINE
  5
460
100
AcDbEntity
  8
User.1
  6
CONTINUOUS
 62
  256
370
   -1
100
AcDbLine
 10
5.304280590551181
 20
-3.136504488188976
 11
5.303863385826771
 21
-3.13173594488189
  0
LINE
  5
461
100
AcDbEntity
  8
User.1
  6
CONTINUOUS
 62
  256
370
   -1
100
AcDbLine
 10
5.303863385826771
 20
-3.13173594488189
 11
5.301791338582677
 21
-3.122389409448819
  0
LINE
  5
462
100
AcDbEntity
  8
User.1
  6
CONTINUOUS
 62
  256
370
   -1
100
AcDbLine
 10
5.301791338582677
 20
-3.122389409448819
 11
5.298517007874016
 21
-3.113393307086614
  0
LINE
  5
463
100
AcDbEntity
  8
User.1
  6
CONTINUOUS
 62
  256
370
   -1
100
AcDbLine
 10
5.298517007874016
 20
-3.113393307086614
 11
5.294096496062992
 21
-3.104901535433071
  0
LINE
  5
464
100
AcDbEntity
  8
User.1
  6
CONTINUOUS
 62
  256
370
   -1
100
AcDbLine
 10
5.294096496062992
 20
-3.104901535433071
 11
5.288605354330708
 21
-3.09705937007874
  0
LINE
  5
465
100
AcDbEntity
  8
User.1
  6
CONTINUOUS
 62
  256
370
   -1
100
AcDbLine
 10
5.288605354330708
 20
-3.09705937007874
 11
5.282137598425197
 21
-3.090001062992126
  0
LINE
  5
466
100
AcDbEntity
  8
User.1
  6
CONTINUOUS
 62
  256
370
   -1
100
AcDbLine
 10
5.282137598425197
 20
-3.090001062992126
 11
5.274803897637796
 21
-3.083847362204724
  0
LINE
  5
467
100
AcDbEntity
  8
User.1
  6
CONTINUOUS
 62
  256
370
   -1
100
AcDbLine
 10
5.274803897637796
 20
-3.083847362204724
 11
5.266729724409449
 21
-3.078703543307086
  0
LINE
  5
468
100
AcDbEntity
  8
User.1
  6
CONTINUOUS
 62
  256
370
   -1
100
AcDbLine
 10
5.266729724409449
 20
-3.078703543307086
 11
5.258053228346457
 21
-3.074657637795275
  0
LINE
  5
469
100
AcDbEntity
  8
User.1
  6
CONTINUOUS
 62
  256
370
   -1
100
AcDbLine
 10
5.258053228346457
 20
-3.074657637795275
 11
5.248922834645669
 21
-3.071778818897638
  0
LINE
  5
46A
100
AcDbEntity
  8
User.1
  6
CONTINUOUS
 62
  256
370
   -1
100
AcDbLine
 10
5.248922834645669
 20
-3.071778818897638
 11
5.239494803149606
 21
-3.070116417322835
  0
LINE
  5
46B
100
AcDbEntity
  8
User.1
  6
CONTINUOUS
 62
  256
370
   -1
100
AcDbLine
 10
5.239494803149606
 20
-3.070116417322835
 11
5.229930433070866
 21
-3.069698818897638
  0
LINE
  5
46C
100
AcDbEntity
  8
User.1
  6
CONTINUOUS
 62
  256
370
   -1
100
AcDbLine
 10
5.229930433070866
 20
-3.069698818897638
 11
5.225919921259843
 21
-3.07004968503937
  0
LINE
  5
46D
100
AcDbEntity
  8
User.1
  6
CONTINUOUS
 62
  256
370
   -1
100
AcDbLine
 10
4.649585708661418
 20
-3.639735039370079
 11
4.649816653543307
 21
-3.639639409448819
  0
LINE
  5
46E
100
AcDbEntity
  8
User.1
  6
CONTINUOUS
 62
  256
370
   -1
100
AcDbLine
 10
4.649816653543307
 20
-3.639639409448819
 11
4.65108251968504
 21
-3.638373543307087
  0
LINE
  5
46F
100
AcDbEntity
  8
User.1
  6
CONTINUOUS
 62
  256
370
   -1
100
AcDbLine
 10
4.65108251968504
 20
-3.638373543307087
 11
4.651767598425197
 21
-3.636719606299212
  0
LINE
  5
470
100
AcDbEntity
  8
User.1
  6
CONTINUOUS
 62
  256
370
   -1
100
AcDbLine
 10
4.651767598425197
 20
-3.636719606299212
 11
4.651767598425197
 21
-3.63492937007874
  0
LINE
  5
471
100
AcDbEntity
  8
User.1
  6
CONTINUOUS
 62
  256
370
   -1
100
AcDbLine
 10
4.651767598425197
 20
-3.63492937007874
 11
4.65108251968504
 21
-3.633275433070866
  0
LINE
  5
472
100
AcDbEntity
  8
User.1
  6
CONTINUOUS
 62
  256
370
   -1
100
AcDbLine
 10
4.65108251968504
 20
-3.633275433070866
 11
4.649816653543307
 21
-3.632009566929134
  0
LINE
  5
473
100
AcDbEntity
  8
User.1
  6
CONTINUOUS
 62
  256
370
   -1
100
AcDbLine
 10
4.649816653543307
 20
-3.632009566929134
 11
4.648875748031496
 21
-3.631619803149606
  0
LINE
  5
474
100
AcDbEntity
  8
User.1
  6
CONTINUOUS
 62
  256
370
   -1
100
AcDbLine
 10
4.648875748031496
 20
-3.631619803149606
 11
4.649585708661418
 21
-3.639735039370079
  0
LINE
  5
475
100
AcDbEntity
  8
User.1
  6
CONTINUOUS
 62
  256
370
   -1
100
AcDbLine
 10
5.346922007874015
 20
-3.578726023622047
 11
5.347152913385827
 21
-3.578630393700788
  0
LINE
  5
476
100
AcDbEntity
  8
User.1
  6
CONTINUOUS
 62
  256
370
   -1
100
AcDbLine
 10
5.347152913385827
 20
-3.578630393700788
 11
5.348418779527559
 21
-3.577364527559055
  0
LINE
  5
477
100
AcDbEntity
  8
User.1
  6
CONTINUOUS
 62
  256
370
   -1
100
AcDbLine
 10
5.348418779527559
 20
-3.577364527559055
 11
5.349103858267717
 21
-3.575710590551181
  0
LINE
  5
478
100
AcDbEntity
  8
User.1
  6
CONTINUOUS
 62
  256
370
   -1
100
AcDbLine
 10
5.349103858267717
 20
-3.575710590551181
 11
5.349103858267717
 21
-3.573920354330709
  0
LINE
  5
479
100
AcDbEntity
  8
User.1
  6
CONTINUOUS
 62
  256
370
   -1
100
AcDbLine
 10
5.349103858267717
 20
-3.573920354330709
 11
5.348418779527559
 21
-3.572266417322834
  0
LINE
  5
47A
100
AcDbEntity
  8
User.1
  6
CONTINUOUS
 62
  256
370
   -1
100
AcDbLine
 10
5.348418779527559
 20
-3.572266417322834
 11
5.347152913385827
 21
-3.571000551181102
  0
LINE
  5
47B
100
AcDbEntity
  8
User.1
  6
CONTINUOUS
 62
  256
370
   -1
100
AcDbLine
 10
5.347152913385827
 20
-3.571000551181102
 11
5.346212047244094
 21
-3.570610826771654
  0
LINE
  5
47C
100
AcDbEntity
  8
User.1
  6
CONTINUOUS
 62
  256
370
   -1
100
AcDbLine
 10
5.346212047244094
 20
-3.570610826771654
 11
5.346922007874015
 21
-3.578726023622047
  0
LINE
  5
47D
100
AcDbEntity
  8
User.1
  6
CONTINUOUS
 62
  256
370
   -1
100
AcDbLine
 10
4.640870157480315
 20
-3.540115590551181
 11
4.641101062992126
 21
-3.540019960629921
  0
LINE
  5
47E
100
AcDbEntity
  8
User.1
  6
CONTINUOUS
 62
  256
370
   -1
100
AcDbLine
 10
4.641101062992126
 20
-3.540019960629921
 11
4.642366929133858
 21
-3.538754094488189
  0
LINE
  5
47F
100
AcDbEntity
  8
User.1
  6
CONTINUOUS
 62
  256
370
   -1
100
AcDbLine
 10
4.642366929133858
 20
-3.538754094488189
 11
4.643052007874016
 21
-3.537100157480315
  0
LINE
  5
480
100
AcDbEntity
  8
User.1
  6
CONTINUOUS
 62
  256
370
   -1
100
AcDbLine
 10
4.643052007874016
 20
-3.537100157480315
 11
4.643052007874016
 21
-3.535309921259842
  0
LINE
  5
481
100
AcDbEntity
  8
User.1
  6
CONTINUOUS
 62
  256
370
   -1
100
AcDbLine
 10
4.643052007874016
 20
-3.535309921259842
 11
4.642366929133858
 21
-3.533655984251968
  0
LINE
  5
482
100
AcDbEntity
  8
User.1
  6
CONTINUOUS
 62
  256
370
   -1
100
AcDbLine
 10
4.642366929133858
 20
-3.533655984251968
 11
4.641101062992126
 21
-3.532390118110236
  0
LINE
  5
483
100
AcDbEntity
  8
User.1
  6
CONTINUOUS
 62
  256
370
   -1
100
AcDbLine
 10
4.641101062992126
 20
-3.532390118110236
 11
4.640160157480315
 21
-3.532000393700787
  0
LINE
  5
484
100
AcDbEntity
  8
User.1
  6
CONTINUOUS
 62
  256
370
   -1
100
AcDbLine
 10
4.640160157480315
 20
-3.532000393700787
 11
4.640870157480315
 21
-3.540115590551181
  0
LINE
  5
485
100
AcDbEntity
  8
User.1
  6
CONTINUOUS
 62
  256
370
   -1
100
AcDbLine
 10
5.338206456692913
 20
-3.479106456692914
 11
5.338437322834645
 21
-3.479010866141732
  0
LINE
  5
486
100
AcDbEntity
  8
User.1
  6
CONTINUOUS
 62
  256
370
   -1
100
AcDbLine
 10
5.338437322834645
 20
-3.479010866141732
 11
5.339703188976378
 21
-3.477745
  0
LINE
  5
487
100
AcDbEntity
  8
User.1
  6
CONTINUOUS
 62
  256
370
   -1
100
AcDbLine
 10
5.339703188976378
 20
-3.477745
 11
5.340388267716535
 21
-3.476091062992126
  0
LINE
  5
488
100
AcDbEntity
  8
User.1
  6
CONTINUOUS
 62
  256
370
   -1
100
AcDbLine
 10
5.340388267716535
 20
-3.476091062992126
 11
5.340388267716535
 21
-3.474300905511811
  0
LINE
  5
489
100
AcDbEntity
  8
User.1
  6
CONTINUOUS
 62
  256
370
   -1
100
AcDbLine
 10
5.340388267716535
 20
-3.474300905511811
 11
5.339703188976378
 21
-3.472646968503937
  0
LINE
  5
48A
100
AcDbEntity
  8
User.1
  6
CONTINUOUS
 62
  256
370
   -1
100
AcDbLine
 10
5.339703188976378
 20
-3.472646968503937
 11
5.338437322834645
 21
-3.471381102362205
  0
LINE
  5
48B
100
AcDbEntity
  8
User.1
  6
CONTINUOUS
 62
  256
370
   -1
100
AcDbLine
 10
5.338437322834645
 20
-3.471381102362205
 11
5.337496456692914
 21
-3.470991377952756
  0
LINE
  5
48C
100
AcDbEntity
  8
User.1
  6
CONTINUOUS
 62
  256
370
   -1
100
AcDbLine
 10
5.337496456692914
 20
-3.470991377952756
 11
5.338206456692913
 21
-3.479106456692914
  0
LINE
  5
48D
100
AcDbEntity
  8
User.1
  6
CONTINUOUS
 62
  256
370
   -1
100
AcDbLine
 10
4.632154566929134
 20
-3.440496102362204
 11
4.632385511811023
 21
-3.440400472440945
  0
LINE
  5
48E
100
AcDbEntity
  8
User.1
  6
CONTINUOUS
 62
  256
370
   -1
100
AcDbLine
 10
4.632385511811023
 20
-3.440400472440945
 11
4.633651377952756
 21
-3.439134606299212
  0
LINE
  5
48F
100
AcDbEntity
  8
User.1
  6
CONTINUOUS
 62
  256
370
   -1
100
AcDbLine
 10
4.633651377952756
 20
-3.439134606299212
 11
4.634336456692913
 21
-3.437480669291339
  0
LINE
  5
490
100
AcDbEntity
  8
User.1
  6
CONTINUOUS
 62
  256
370
   -1
100
AcDbLine
 10
4.634336456692913
 20
-3.437480669291339
 11
4.634336456692913
 21
-3.435690433070866
  0
LINE
  5
491
100
AcDbEntity
  8
User.1
  6
CONTINUOUS
 62
  256
370
   -1
100
AcDbLine
 10
4.634336456692913
 20
-3.435690433070866
 11
4.633651377952756
 21
-3.434036496062992
  0
LINE
  5
492
100
AcDbEntity
  8
User.1
  6
CONTINUOUS
 62
  256
370
   -1
100
AcDbLine
 10
4.633651377952756
 20
-3.434036496062992
 11
4.632385511811023
 21
-3.43277062992126
  0
LINE
  5
493
100
AcDbEntity
  8
User.1
  6
CONTINUOUS
 62
  256
370
   -1
100
AcDbLine
 10
4.632385511811023
 20
-3.43277062992126
 11
4.631444566929134
 21
-3.432380866141732
  0
LINE
  5
494
100
AcDbEntity
  8
User.1
  6
CONTINUOUS
 62
  256
370
   -1
100
AcDbLine
 10
4.631444566929134
 20
-3.432380866141732
 11
4.632154566929134
 21
-3.440496102362204
  0
LINE
  5
495
100
AcDbEntity
  8
User.1
  6
CONTINUOUS
 62
  256
370
   -1
100
AcDbLine
 10
5.329490866141732
 20
-3.379487086614173
 11
5.329721771653543
 21
-3.379391456692913
  0
LINE
  5
496
100
AcDbEntity
  8
User.1
  6
CONTINUOUS
 62
  256
370
   -1
100
AcDbLine
 10
5.329721771653543
 20
-3.379391456692913
 11
5.330987637795276
 21
-3.378125590551181
  0
LINE
  5
497
100
AcDbEntity
  8
User.1
  6
CONTINUOUS
 62
  256
370
   -1
100
AcDbLine
 10
5.330987637795276
 20
-3.378125590551181
 11
5.331672716535433
 21
-3.376471653543307
  0
LINE
  5
498
100
AcDbEntity
  8
User.1
  6
CONTINUOUS
 62
  256
370
   -1
100
AcDbLine
 10
5.331672716535433
 20
-3.376471653543307
 11
5.331672716535433
 21
-3.374681417322835
  0
LINE
  5
499
100
AcDbEntity
  8
User.1
  6
CONTINUOUS
 62
  256
370
   -1
100
AcDbLine
 10
5.331672716535433
 20
-3.374681417322835
 11
5.330987637795276
 21
-3.373027480314961
  0
LINE
  5
49A
100
AcDbEntity
  8
User.1
  6
CONTINUOUS
 62
  256
370
   -1
100
AcDbLine
 10
5.330987637795276
 20
-3.373027480314961
 11
5.329721771653543
 21
-3.371761614173228
  0
LINE
  5
49B
100
AcDbEntity
  8
User.1
  6
CONTINUOUS
 62
  256
370
   -1
100
AcDbLine
 10
5.329721771653543
 20
-3.371761614173228
 11
5.32878090551181
 21
-3.371371889763779
  0
LINE
  5
49C
100
AcDbEntity
  8
User.1
  6
CONTINUOUS
 62
  256
370
   -1
100
AcDbLine
 10
5.32878090551181
 20
-3.371371889763779
 11
5.329490866141732
 21
-3.379487086614173
  0
LINE
  5
49D
100
AcDbEntity
  8
User.1
  6
CONTINUOUS
 62
  256
370
   -1
100
AcDbLine
 10
4.623439015748032
 20
-3.340876535433071
 11
4.623669881889763
 21
-3.34078094488189
  0
LINE
  5
49E
100
AcDbEntity
  8
User.1
  6
CONTINUOUS
 62
  256
370
   -1
100
AcDbLine
 10
4.623669881889763
 20
-3.34078094488189
 11
4.624935748031496
 21
-3.339515078740158
  0
LINE
  5
49F
100
AcDbEntity
  8
User.1
  6
CONTINUOUS
 62
  256
370
   -1
100
AcDbLine
 10
4.624935748031496
 20
-3.339515078740158
 11
4.625620826771653
 21
-3.337861141732283
  0
LINE
  5
4A0
100
AcDbEntity
  8
User.1
  6
CONTINUOUS
 62
  256
370
   -1
100
AcDbLine
 10
4.625620826771653
 20
-3.337861141732283
 11
4.625620826771653
 21
-3.336070984251968
  0
LINE
  5
4A1
100
AcDbEntity
  8
User.1
  6
CONTINUOUS
 62
  256
370
   -1
100
AcDbLine
 10
4.625620826771653
 20
-3.336070984251968
 11
4.624935748031496
 21
-3.334417047244095
  0
LINE
  5
4A2
100
AcDbEntity
  8
User.1
  6
CONTINUOUS
 62
  256
370
   -1
100
AcDbLine
 10
4.624935748031496
 20
-3.334417047244095
 11
4.623669881889763
 21
-3.333151181102362
  0
LINE
  5
4A3
100
AcDbEntity
  8
User.1
  6
CONTINUOUS
 62
  256
370
   -1
100
AcDbLine
 10
4.623669881889763
 20
-3.333151181102362
 11
4.622729015748031
 21
-3.332761456692913
  0
LINE
  5
4A4
100
AcDbEntity
  8
User.1
  6
CONTINUOUS
 62
  256
370
   -1
100
AcDbLine
 10
4.622729015748031
 20
-3.332761456692913
 11
4.623439015748032
 21
-3.340876535433071
  0
LINE
  5
4A5
100
AcDbEntity
  8
User.1
  6
CONTINUOUS
 62
  256
370
   -1
100
AcDbLine
 10
4.80328716535433
 20
-3.107183346456693
 11
4.819544448818897
 21
-3.293005039370079
  0
LINE
  5
4A6
100
AcDbEntity
  8
User.1
  6
CONTINUOUS
 62
  256
370
   -1
100
AcDbLine
 10
4.819544448818897
 20
-3.293005039370079
 11
5.115414291338583
 21
-3.267119763779527
  0
LINE
  5
4A7
100
AcDbEntity
  8
User.1
  6
CONTINUOUS
 62
  256
370
   -1
100
AcDbLine
 10
5.115414291338583
 20
-3.267119763779527
 11
5.099157007874016
 21
-3.08129811023622
  0
LINE
  5
4A8
100
AcDbEntity
  8
User.1
  6
CONTINUOUS
 62
  256
370
   -1
100
AcDbLine
 10
5.099157007874016
 20
-3.08129811023622
 11
4.80328716535433
 21
-3.107183346456693
  0
LINE
  5
4A9
100
AcDbEntity
  8
User.1
  6
CONTINUOUS
 62
  256
370
   -1
100
AcDbLine
 10
5.320775314960629
 20
-3.279867519685039
 11
5.321006181102362
 21
-3.279771929133858
  0
LINE
  5
4AA
100
AcDbEntity
  8
User.1
  6
CONTINUOUS
 62
  256
370
   -1
100
AcDbLine
 10
5.321006181102362
 20
-3.279771929133858
 11
5.322272047244095
 21
-3.278506062992126
  0
LINE
  5
4AB
100
AcDbEntity
  8
User.1
  6
CONTINUOUS
 62
  256
370
   -1
100
AcDbLine
 10
5.322272047244095
 20
-3.278506062992126
 11
5.322957125984252
 21
-3.276852125984252
  0
LINE
  5
4AC
100
AcDbEntity
  8
User.1
  6
CONTINUOUS
 62
  256
370
   -1
100
AcDbLine
 10
5.322957125984252
 20
-3.276852125984252
 11
5.322957125984252
 21
-3.275061968503937
  0
LINE
  5
4AD
100
AcDbEntity
  8
User.1
  6
CONTINUOUS
 62
  256
370
   -1
100
AcDbLine
 10
5.322957125984252
 20
-3.275061968503937
 11
5.322272047244095
 21
-3.273408031496063
  0
LINE
  5
4AE
100
AcDbEntity
  8
User.1
  6
CONTINUOUS
 62
  256
370
   -1
100
AcDbLine
 10
5.322272047244095
 20
-3.273408031496063
 11
5.321006181102362
 21
-3.272142165354331
  0
LINE
  5
4AF
100
AcDbEntity
  8
User.1
  6
CONTINUOUS
 62
  256
370
   -1
100
AcDbLine
 10
5.321006181102362
 20
-3.272142165354331
 11
5.32006531496063
 21
-3.271752440944882
  0
LINE
  5
4B0
100
AcDbEntity
  8
User.1
  6
CONTINUOUS
 62
  256
370
   -1
100
AcDbLine
 10
5.32006531496063
 20
-3.271752440944882
 11
5.320775314960629
 21
-3.279867519685039
  0
LINE
  5
4B1
100
AcDbEntity
  8
User.1
  6
CONTINUOUS
 62
  256
370
   -1
100
AcDbLine
 10
4.61472342519685
 20
-3.241257165354331
 11
4.614954330708661
 21
-3.241161535433071
  0
LINE
  5
4B2
100
AcDbEntity
  8
User.1
  6
CONTINUOUS
 62
  256
370
   -1
100
AcDbLine
 10
4.614954330708661
 20
-3.241161535433071
 11
4.616220196850394
 21
-3.239895669291339
  0
LINE
  5
4B3
100
AcDbEntity
  8
User.1
  6
CONTINUOUS
 62
  256
370
   -1
100
AcDbLine
 10
4.616220196850394
 20
-3.239895669291339
 11
4.616905275590551
 21
-3.238241732283464
  0
LINE
  5
4B4
100
AcDbEntity
  8
User.1
  6
CONTINUOUS
 62
  256
370
   -1
100
AcDbLine
 10
4.616905275590551
 20
-3.238241732283464
 11
4.616905275590551
 21
-3.236451496062992
  0
LINE
  5
4B5
100
AcDbEntity
  8
User.1
  6
CONTINUOUS
 62
  256
370
   -1
100
AcDbLine
 10
4.616905275590551
 20
-3.236451496062992
 11
4.616220196850394
 21
-3.234797559055118
  0
LINE
  5
4B6
100
AcDbEntity
  8
User.1
  6
CONTINUOUS
 62
  256
370
   -1
100
AcDbLine
 10
4.616220196850394
 20
-3.234797559055118
 11
4.614954330708661
 21
-3.233531692913386
  0
LINE
  5
4B7
100
AcDbEntity
  8
User.1
  6
CONTINUOUS
 62
  256
370
   -1
100
AcDbLine
 10
4.614954330708661
 20
-3.233531692913386
 11
4.61401342519685
 21
-3.233141968503937
  0
LINE
  5
4B8
100
AcDbEntity
  8
User.1
  6
CONTINUOUS
 62
  256
370
   -1
100
AcDbLine
 10
4.61401342519685
 20
-3.233141968503937
 11
4.61472342519685
 21
-3.241257165354331
  0
LINE
  5
4B9
100
AcDbEntity
  8
User.1
  6
CONTINUOUS
 62
  256
370
   -1
100
AcDbLine
 10
5.312059724409449
 20
-3.180248149606299
 11
5.31229062992126
 21
-3.180152519685039
  0
LINE
  5
4BA
100
AcDbEntity
  8
User.1
  6
CONTINUOUS
 62
  256
370
   -1
100
AcDbLine
 10
5.31229062992126
 20
-3.180152519685039
 11
5.313556496062992
 21
-3.178886653543307
  0
LINE
  5
4BB
100
AcDbEntity
  8
User.1
  6
CONTINUOUS
 62
  256
370
   -1
100
AcDbLine
 10
5.313556496062992
 20
-3.178886653543307
 11
5.314241574803149
 21
-3.177232716535433
  0
LINE
  5
4BC
100
AcDbEntity
  8
User.1
  6
CONTINUOUS
 62
  256
370
   -1
100
AcDbLine
 10
5.314241574803149
 20
-3.177232716535433
 11
5.314241574803149
 21
-3.175442480314961
  0
LINE
  5
4BD
100
AcDbEntity
  8
User.1
  6
CONTINUOUS
 62
  256
370
   -1
100
AcDbLine
 10
5.314241574803149
 20
-3.175442480314961
 11
5.313556496062992
 21
-3.173788543307086
  0
LINE
  5
4BE
100
AcDbEntity
  8
User.1
  6
CONTINUOUS
 62
  256
370
   -1
100
AcDbLine
 10
5.313556496062992
 20
-3.173788543307086
 11
5.31229062992126
 21
-3.172522677165354
  0
LINE
  5
4BF
100
AcDbEntity
  8
User.1
  6
CONTINUOUS
 62
  256
370
   -1
100
AcDbLine
 10
5.31229062992126
 20
-3.172522677165354
 11
5.311349724409449
 21
-3.172132952755905
  0
LINE
  5
4C0
100
AcDbEntity
  8
User.1
  6
CONTINUOUS
 62
  256
370
   -1
100
AcDbLine
 10
5.311349724409449
 20
-3.172132952755905
 11
5.312059724409449
 21
-3.180248149606299
  0
LINE
  5
4C1
100
AcDbEntity
  8
User.1
  6
CONTINUOUS
 62
  256
370
   -1
100
AcDbLine
 10
4.78904968503937
 20
-3.049286535433071
 11
4.78904968503937
 21
-3.049286574803149
  0
LINE
  5
4C2
100
AcDbEntity
  8
User.1
  6
CONTINUOUS
 62
  256
370
   -1
100
AcDbLine
 10
4.78904968503937
 20
-3.049286574803149
 11
4.78679594488189
 21
-3.049484173228346
  0
LINE
  5
4C3
100
AcDbEntity
  8
User.1
  6
CONTINUOUS
 62
  256
370
   -1
100
AcDbLine
 10
4.78679594488189
 20
-3.049484173228346
 11
4.782544212598425
 21
-3.051032322834645
  0
LINE
  5
4C4
100
AcDbEntity
  8
User.1
  6
CONTINUOUS
 62
  256
370
   -1
100
AcDbLine
 10
4.782544212598425
 20
-3.051032322834645
 11
4.778837913385827
 21
-3.053627874015748
  0
LINE
  5
4C5
100
AcDbEntity
  8
User.1
  6
CONTINUOUS
 62
  256
370
   -1
100
AcDbLine
 10
4.778837913385827
 20
-3.053627874015748
 11
4.775929409448818
 21
-3.05709405511811
  0
LINE
  5
4C6
100
AcDbEntity
  8
User.1
  6
CONTINUOUS
 62
  256
370
   -1
100
AcDbLine
 10
4.775929409448818
 20
-3.05709405511811
 11
4.77401688976378
 21
-3.061194803149606
  0
LINE
  5
4C7
100
AcDbEntity
  8
User.1
  6
CONTINUOUS
 62
  256
370
   -1
100
AcDbLine
 10
4.77401688976378
 20
-3.061194803149606
 11
4.773230551181102
 21
-3.065650748031496
  0
LINE
  5
4C8
100
AcDbEntity
  8
User.1
  6
CONTINUOUS
 62
  256
370
   -1
100
AcDbLine
 10
4.773230551181102
 20
-3.065650748031496
 11
4.773427244094488
 21
-3.06790405511811
  0
LINE
  5
4C9
100
AcDbEntity
  8
User.1
  6
CONTINUOUS
 62
  256
370
   -1
100
AcDbLine
 10
4.773427244094488
 20
-3.06790405511811
 11
4.773427283464567
 21
-3.067904094488189
  0
LINE
  5
4CA
100
AcDbEntity
  8
User.1
  6
CONTINUOUS
 62
  256
370
   -1
100
AcDbLine
 10
4.773427283464567
 20
-3.067904094488189
 11
4.776721338582677
 21
-3.105555511811024
  0
LINE
  5
4CB
100
AcDbEntity
  8
User.1
  6
CONTINUOUS
 62
  256
370
   -1
100
AcDbLine
 10
4.776721338582677
 20
-3.105555511811024
 11
4.799955433070866
 21
-3.103522795275591
  0
LINE
  5
4CC
100
AcDbEntity
  8
User.1
  6
CONTINUOUS
 62
  256
370
   -1
100
AcDbLine
 10
4.799955433070866
 20
-3.103522795275591
 11
4.795163582677165
 21
-3.048751653543307
  0
LINE
  5
4CD
100
AcDbEntity
  8
User.1
  6
CONTINUOUS
 62
  256
370
   -1
100
AcDbLine
 10
4.795163582677165
 20
-3.048751653543307
 11
4.78904968503937
 21
-3.049286535433071
  0
LINE
  5
4CE
100
AcDbEntity
  8
User.1
  6
CONTINUOUS
 62
  256
370
   -1
100
AcDbLine
 10
4.79815216535433
 20
-3.048490196850393
 11
4.802944015748031
 21
-3.103261299212599
  0
LINE
  5
4CF
100
AcDbEntity
  8
User.1
  6
CONTINUOUS
 62
  256
370
   -1
100
AcDbLine
 10
4.802944015748031
 20
-3.103261299212599
 11
5.098813858267716
 21
-3.077376062992126
  0
LINE
  5
4D0
100
AcDbEntity
  8
User.1
  6
CONTINUOUS
 62
  256
370
   -1
100
AcDbLine
 10
5.098813858267716
 20
-3.077376062992126
 11
5.094022007874016
 21
-3.022604921259842
  0
LINE
  5
4D1
100
AcDbEntity
  8
User.1
  6
CONTINUOUS
 62
  256
370
   -1
100
AcDbLine
 10
5.094022007874016
 20
-3.022604921259842
 11
4.79815216535433
 21
-3.048490196850393
  0
LINE
  5
4D2
100
AcDbEntity
  8
User.1
  6
CONTINUOUS
 62
  256
370
   -1
100
AcDbLine
 10
5.102626102362205
 20
-3.021852204724409
 11
5.10262594488189
 21
-3.021852165354331
  0
LINE
  5
4D3
100
AcDbEntity
  8
User.1
  6
CONTINUOUS
 62
  256
370
   -1
100
AcDbLine
 10
5.10262594488189
 20
-3.021852165354331
 11
5.102625826771654
 21
-3.021852204724409
  0
LINE
  5
4D4
100
AcDbEntity
  8
User.1
  6
CONTINUOUS
 62
  256
370
   -1
100
AcDbLine
 10
5.102625826771654
 20
-3.021852204724409
 11
5.097010590551181
 21
-3.022343464566929
  0
LINE
  5
4D5
100
AcDbEntity
  8
User.1
  6
CONTINUOUS
 62
  256
370
   -1
100
AcDbLine
 10
5.097010590551181
 20
-3.022343464566929
 11
5.101802440944882
 21
-3.077114566929134
  0
LINE
  5
4D6
100
AcDbEntity
  8
User.1
  6
CONTINUOUS
 62
  256
370
   -1
100
AcDbLine
 10
5.101802440944882
 20
-3.077114566929134
 11
5.124676220472441
 21
-3.075113385826771
  0
LINE
  5
4D7
100
AcDbEntity
  8
User.1
  6
CONTINUOUS
 62
  256
370
   -1
100
AcDbLine
 10
5.124676220472441
 20
-3.075113385826771
 11
5.121243149606299
 21
-3.037472637795275
  0
LINE
  5
4D8
100
AcDbEntity
  8
User.1
  6
CONTINUOUS
 62
  256
370
   -1
100
AcDbLine
 10
5.121243149606299
 20
-3.037472637795275
 11
5.121243661417322
 21
-3.037467480314961
  0
LINE
  5
4D9
100
AcDbEntity
  8
User.1
  6
CONTINUOUS
 62
  256
370
   -1
100
AcDbLine
 10
5.121243661417322
 20
-3.037467480314961
 11
5.121242440944882
 21
-3.037464566929134
  0
LINE
  5
4DA
100
AcDbEntity
  8
User.1
  6
CONTINUOUS
 62
  256
370
   -1
100
AcDbLine
 10
5.121242440944882
 20
-3.037464566929134
 11
5.12104437007874
 21
-3.035211535433071
  0
LINE
  5
4DB
100
AcDbEntity
  8
User.1
  6
CONTINUOUS
 62
  256
370
   -1
100
AcDbLine
 10
5.12104437007874
 20
-3.035211535433071
 11
5.11949562992126
 21
-3.030961535433071
  0
LINE
  5
4DC
100
AcDbEntity
  8
User.1
  6
CONTINUOUS
 62
  256
370
   -1
100
AcDbLine
 10
5.11949562992126
 20
-3.030961535433071
 11
5.116899881889764
 21
-3.027257047244095
  0
LINE
  5
4DD
100
AcDbEntity
  8
User.1
  6
CONTINUOUS
 62
  256
370
   -1
100
AcDbLine
 10
5.116899881889764
 20
-3.027257047244095
 11
5.113433976377952
 21
-3.024350393700787
  0
LINE
  5
4DE
100
AcDbEntity
  8
User.1
  6
CONTINUOUS
 62
  256
370
   -1
100
AcDbLine
 10
5.113433976377952
 20
-3.024350393700787
 11
5.109333976377953
 21
-3.022439606299212
  0
LINE
  5
4DF
100
AcDbEntity
  8
User.1
  6
CONTINUOUS
 62
  256
370
   -1
100
AcDbLine
 10
5.109333976377953
 20
-3.022439606299212
 11
5.104879173228347
 21
-3.021654803149606
  0
LINE
  5
4E0
100
AcDbEntity
  8
User.1
  6
CONTINUOUS
 62
  256
370
   -1
100
AcDbLine
 10
5.104879173228347
 20
-3.021654803149606
 11
5.102626102362205
 21
-3.021852204724409
  0
LINE
  5
4E1
100
AcDbEntity
  8
User.1
  6
CONTINUOUS
 62
  256
370
   -1
100
AcDbLine
 10
4.66019874015748
 20
-3.835958543307087
 11
4.660883818897638
 21
-3.837612480314961
  0
LINE
  5
4E2
100
AcDbEntity
  8
User.1
  6
CONTINUOUS
 62
  256
370
   -1
100
AcDbLine
 10
4.660883818897638
 20
-3.837612480314961
 11
4.66214968503937
 21
-3.838878346456693
  0
LINE
  5
4E3
100
AcDbEntity
  8
User.1
  6
CONTINUOUS
 62
  256
370
   -1
100
AcDbLine
 10
4.66214968503937
 20
-3.838878346456693
 11
4.663090511811023
 21
-3.839268031496063
  0
LINE
  5
4E4
100
AcDbEntity
  8
User.1
  6
CONTINUOUS
 62
  256
370
   -1
100
AcDbLine
 10
4.663090511811023
 20
-3.839268031496063
 11
4.662380551181102
 21
-3.831152834645669
  0
LINE
  5
4E5
100
AcDbEntity
  8
User.1
  6
CONTINUOUS
 62
  256
370
   -1
100
AcDbLine
 10
4.662380551181102
 20
-3.831152834645669
 11
4.66214968503937
 21
-3.831248503937008
  0
LINE
  5
4E6
100
AcDbEntity
  8
User.1
  6
CONTINUOUS
 62
  256
370
   -1
100
AcDbLine
 10
4.66214968503937
 20
-3.831248503937008
 11
4.660883818897638
 21
-3.83251437007874
  0
LINE
  5
4E7
100
AcDbEntity
  8
User.1
  6
CONTINUOUS
 62
  256
370
   -1
100
AcDbLine
 10
4.660883818897638
 20
-3.83251437007874
 11
4.66019874015748
 21
-3.834168307086614
  0
LINE
  5
4E8
100
AcDbEntity
  8
User.1
  6
CONTINUOUS
 62
  256
370
   -1
100
AcDbLine
 10
4.66019874015748
 20
-3.834168307086614
 11
4.66019874015748
 21
-3.835958543307087
  0
LINE
  5
4E9
100
AcDbEntity
  8
User.1
  6
CONTINUOUS
 62
  256
370
   -1
100
AcDbLine
 10
5.357535039370078
 20
-3.774949527559055
 11
5.358220118110236
 21
-3.776603464566929
  0
LINE
  5
4EA
100
AcDbEntity
  8
User.1
  6
CONTINUOUS
 62
  256
370
   -1
100
AcDbLine
 10
5.358220118110236
 20
-3.776603464566929
 11
5.359485984251968
 21
-3.777869330708661
  0
LINE
  5
4EB
100
AcDbEntity
  8
User.1
  6
CONTINUOUS
 62
  256
370
   -1
100
AcDbLine
 10
5.359485984251968
 20
-3.777869330708661
 11
5.360426811023622
 21
-3.778259015748032
  0
LINE
  5
4EC
100
AcDbEntity
  8
User.1
  6
CONTINUOUS
 62
  256
370
   -1
100
AcDbLine
 10
5.360426811023622
 20
-3.778259015748032
 11
5.359716850393701
 21
-3.770143818897638
  0
LINE
  5
4ED
100
AcDbEntity
  8
User.1
  6
CONTINUOUS
 62
  256
370
   -1
100
AcDbLine
 10
5.359716850393701
 20
-3.770143818897638
 11
5.359485984251968
 21
-3.770239488188976
  0
LINE
  5
4EE
100
AcDbEntity
  8
User.1
  6
CONTINUOUS
 62
  256
370
   -1
100
AcDbLine
 10
5.359485984251968
 20
-3.770239488188976
 11
5.358220118110236
 21
-3.771505354330709
  0
LINE
  5
4EF
100
AcDbEntity
  8
User.1
  6
CONTINUOUS
 62
  256
370
   -1
100
AcDbLine
 10
5.358220118110236
 20
-3.771505354330709
 11
5.357535039370078
 21
-3.773159291338583
  0
LINE
  5
4F0
100
AcDbEntity
  8
User.1
  6
CONTINUOUS
 62
  256
370
   -1
100
AcDbLine
 10
5.357535039370078
 20
-3.773159291338583
 11
5.357535039370078
 21
-3.774949527559055
  0
LINE
  5
4F1
100
AcDbEntity
  8
User.1
  6
CONTINUOUS
 62
  256
370
   -1
100
AcDbLine
 10
4.651483149606299
 20
-3.736339094488189
 11
4.652168228346457
 21
-3.737993031496063
  0
LINE
  5
4F2
100
AcDbEntity
  8
User.1
  6
CONTINUOUS
 62
  256
370
   -1
100
AcDbLine
 10
4.652168228346457
 20
-3.737993031496063
 11
4.653434094488189
 21
-3.739258897637795
  0
LINE
  5
4F3
100
AcDbEntity
  8
User.1
  6
CONTINUOUS
 62
  256
370
   -1
100
AcDbLine
 10
4.653434094488189
 20
-3.739258897637795
 11
4.654374960629921
 21
-3.739648582677165
  0
LINE
  5
4F4
100
AcDbEntity
  8
User.1
  6
CONTINUOUS
 62
  256
370
   -1
100
AcDbLine
 10
4.654374960629921
 20
-3.739648582677165
 11
4.653664960629921
 21
-3.731533385826772
  0
LINE
  5
4F5
100
AcDbEntity
  8
User.1
  6
CONTINUOUS
 62
  256
370
   -1
100
AcDbLine
 10
4.653664960629921
 20
-3.731533385826772
 11
4.653434094488189
 21
-3.73162905511811
  0
LINE
  5
4F6
100
AcDbEntity
  8
User.1
  6
CONTINUOUS
 62
  256
370
   -1
100
AcDbLine
 10
4.653434094488189
 20
-3.73162905511811
 11
4.652168228346457
 21
-3.732894921259843
  0
LINE
  5
4F7
100
AcDbEntity
  8
User.1
  6
CONTINUOUS
 62
  256
370
   -1
100
AcDbLine
 10
4.652168228346457
 20
-3.732894921259843
 11
4.651483149606299
 21
-3.734548858267717
  0
LINE
  5
4F8
100
AcDbEntity
  8
User.1
  6
CONTINUOUS
 62
  256
370
   -1
100
AcDbLine
 10
4.651483149606299
 20
-3.734548858267717
 11
4.651483149606299
 21
-3.736339094488189
  0
LINE
  5
4F9
100
AcDbEntity
  8
User.1
  6
CONTINUOUS
 62
  256
370
   -1
100
AcDbLine
 10
5.348819448818897
 20
-3.675330078740157
 11
5.349504527559055
 21
-3.676984015748031
  0
LINE
  5
4FA
100
AcDbEntity
  8
User.1
  6
CONTINUOUS
 62
  256
370
   -1
100
AcDbLine
 10
5.349504527559055
 20
-3.676984015748031
 11
5.350770393700787
 21
-3.678249881889764
  0
LINE
  5
4FB
100
AcDbEntity
  8
User.1
  6
CONTINUOUS
 62
  256
370
   -1
100
AcDbLine
 10
5.350770393700787
 20
-3.678249881889764
 11
5.35171125984252
 21
-3.678639566929134
  0
LINE
  5
4FC
100
AcDbEntity
  8
User.1
  6
CONTINUOUS
 62
  256
370
   -1
100
AcDbLine
 10
5.35171125984252
 20
-3.678639566929134
 11
5.351001259842519
 21
-3.67052437007874
  0
LINE
  5
4FD
100
AcDbEntity
  8
User.1
  6
CONTINUOUS
 62
  256
370
   -1
100
AcDbLine
 10
5.351001259842519
 20
-3.67052437007874
 11
5.350770393700787
 21
-3.670620039370079
  0
LINE
  5
4FE
100
AcDbEntity
  8
User.1
  6
CONTINUOUS
 62
  256
370
   -1
100
AcDbLine
 10
5.350770393700787
 20
-3.670620039370079
 11
5.349504527559055
 21
-3.671885905511811
  0
LINE
  5
4FF
100
AcDbEntity
  8
User.1
  6
CONTINUOUS
 62
  256
370
   -1
100
AcDbLine
 10
5.349504527559055
 20
-3.671885905511811
 11
5.348819448818897
 21
-3.673539842519685
  0
LINE
  5
500
100
AcDbEntity
  8
User.1
  6
CONTINUOUS
 62
  256
370
   -1
100
AcDbLine
 10
5.348819448818897
 20
-3.673539842519685
 11
5.348819448818897
 21
-3.675330078740157
  0
LINE
  5
501
100
AcDbEntity
  8
User.1
  6
CONTINUOUS
 62
  256
370
   -1
100
AcDbLine
 10
5.340103858267716
 20
-3.575710590551181
 11
5.340788937007874
 21
-3.577364527559055
  0
LINE
  5
502
100
AcDbEntity
  8
User.1
  6
CONTINUOUS
 62
  256
370
   -1
100
AcDbLine
 10
5.340788937007874
 20
-3.577364527559055
 11
5.342054803149606
 21
-3.578630393700788
  0
LINE
  5
503
100
AcDbEntity
  8
User.1
  6
CONTINUOUS
 62
  256
370
   -1
100
AcDbLine
 10
5.342054803149606
 20
-3.578630393700788
 11
5.342995669291338
 21
-3.579020118110236
  0
LINE
  5
504
100
AcDbEntity
  8
User.1
  6
CONTINUOUS
 62
  256
370
   -1
100
AcDbLine
 10
5.342995669291338
 20
-3.579020118110236
 11
5.342285708661417
 21
-3.570904881889764
  0
LINE
  5
505
100
AcDbEntity
  8
User.1
  6
CONTINUOUS
 62
  256
370
   -1
100
AcDbLine
 10
5.342285708661417
 20
-3.570904881889764
 11
5.342054803149606
 21
-3.571000551181102
  0
LINE
  5
506
100
AcDbEntity
  8
User.1
  6
CONTINUOUS
 62
  256
370
   -1
100
AcDbLine
 10
5.342054803149606
 20
-3.571000551181102
 11
5.340788937007874
 21
-3.572266417322834
  0
LINE
  5
507
100
AcDbEntity
  8
User.1
  6
CONTINUOUS
 62
  256
370
   -1
100
AcDbLine
 10
5.340788937007874
 20
-3.572266417322834
 11
5.340103858267716
 21
-3.573920354330709
  0
LINE
  5
508
100
AcDbEntity
  8
User.1
  6
CONTINUOUS
 62
  256
370
   -1
100
AcDbLine
 10
5.340103858267716
 20
-3.573920354330709
 11
5.340103858267716
 21
-3.575710590551181
  0
LINE
  5
509
100
AcDbEntity
  8
User.1
  6
CONTINUOUS
 62
  256
370
   -1
100
AcDbLine
 10
4.634052007874016
 20
-3.537100157480315
 11
4.634737086614173
 21
-3.538754094488189
  0
LINE
  5
50A
100
AcDbEntity
  8
User.1
  6
CONTINUOUS
 62
  256
370
   -1
100
AcDbLine
 10
4.634737086614173
 20
-3.538754094488189
 11
4.636002952755906
 21
-3.540019960629921
  0
LINE
  5
50B
100
AcDbEntity
  8
User.1
  6
CONTINUOUS
 62
  256
370
   -1
100
AcDbLine
 10
4.636002952755906
 20
-3.540019960629921
 11
4.636943818897637
 21
-3.540409645669291
  0
LINE
  5
50C
100
AcDbEntity
  8
User.1
  6
CONTINUOUS
 62
  256
370
   -1
100
AcDbLine
 10
4.636943818897637
 20
-3.540409645669291
 11
4.636233818897638
 21
-3.532294448818897
  0
LINE
  5
50D
100
AcDbEntity
  8
User.1
  6
CONTINUOUS
 62
  256
370
   -1
100
AcDbLine
 10
4.636233818897638
 20
-3.532294448818897
 11
4.636002952755906
 21
-3.532390118110236
  0
LINE
  5
50E
100
AcDbEntity
  8
User.1
  6
CONTINUOUS
 62
  256
370
   -1
100
AcDbLine
 10
4.636002952755906
 20
-3.532390118110236
 11
4.634737086614173
 21
-3.533655984251968
  0
LINE
  5
50F
100
AcDbEntity
  8
User.1
  6
CONTINUOUS
 62
  256
370
   -1
100
AcDbLine
 10
4.634737086614173
 20
-3.533655984251968
 11
4.634052007874016
 21
-3.535309921259842
  0
LINE
  5
510
100
AcDbEntity
  8
User.1
  6
CONTINUOUS
 62
  256
370
   -1
100
AcDbLine
 10
4.634052007874016
 20
-3.535309921259842
 11
4.634052007874016
 21
-3.537100157480315
  0
LINE
  5
511
100
AcDbEntity
  8
User.1
  6
CONTINUOUS
 62
  256
370
   -1
100
AcDbLine
 10
5.331388346456693
 20
-3.476091062992126
 11
5.33207342519685
 21
-3.477745
  0
LINE
  5
512
100
AcDbEntity
  8
User.1
  6
CONTINUOUS
 62
  256
370
   -1
100
AcDbLine
 10
5.33207342519685
 20
-3.477745
 11
5.333339291338582
 21
-3.479010866141732
  0
LINE
  5
513
100
AcDbEntity
  8
User.1
  6
CONTINUOUS
 62
  256
370
   -1
100
AcDbLine
 10
5.333339291338582
 20
-3.479010866141732
 11
5.334280118110236
 21
-3.479400551181102
  0
LINE
  5
514
100
AcDbEntity
  8
User.1
  6
CONTINUOUS
 62
  256
370
   -1
100
AcDbLine
 10
5.334280118110236
 20
-3.479400551181102
 11
5.333570118110236
 21
-3.471285472440945
  0
LINE
  5
515
100
AcDbEntity
  8
User.1
  6
CONTINUOUS
 62
  256
370
   -1
100
AcDbLine
 10
5.333570118110236
 20
-3.471285472440945
 11
5.333339291338582
 21
-3.471381102362205
  0
LINE
  5
516
100
AcDbEntity
  8
User.1
  6
CONTINUOUS
 62
  256
370
   -1
100
AcDbLine
 10
5.333339291338582
 20
-3.471381102362205
 11
5.33207342519685
 21
-3.472646968503937
  0
LINE
  5
517
100
AcDbEntity
  8
User.1
  6
CONTINUOUS
 62
  256
370
   -1
100
AcDbLine
 10
5.33207342519685
 20
-3.472646968503937
 11
5.331388346456693
 21
-3.474300905511811
  0
LINE
  5
518
100
AcDbEntity
  8
User.1
  6
CONTINUOUS
 62
  256
370
   -1
100
AcDbLine
 10
5.331388346456693
 20
-3.474300905511811
 11
5.331388346456693
 21
-3.476091062992126
  0
LINE
  5
519
100
AcDbEntity
  8
User.1
  6
CONTINUOUS
 62
  256
370
   -1
100
AcDbLine
 10
4.625336456692914
 20
-3.437480669291339
 11
4.626021535433071
 21
-3.439134606299212
  0
LINE
  5
51A
100
AcDbEntity
  8
User.1
  6
CONTINUOUS
 62
  256
370
   -1
100
AcDbLine
 10
4.626021535433071
 20
-3.439134606299212
 11
4.627287401574803
 21
-3.440400472440945
  0
LINE
  5
51B
100
AcDbEntity
  8
User.1
  6
CONTINUOUS
 62
  256
370
   -1
100
AcDbLine
 10
4.627287401574803
 20
-3.440400472440945
 11
4.628228228346456
 21
-3.440790157480315
  0
LINE
  5
51C
100
AcDbEntity
  8
User.1
  6
CONTINUOUS
 62
  256
370
   -1
100
AcDbLine
 10
4.628228228346456
 20
-3.440790157480315
 11
4.627518267716535
 21
-3.432675
  0
LINE
  5
51D
100
AcDbEntity
  8
User.1
  6
CONTINUOUS
 62
  256
370
   -1
100
AcDbLine
 10
4.627518267716535
 20
-3.432675
 11
4.627287401574803
 21
-3.43277062992126
  0
LINE
  5
51E
100
AcDbEntity
  8
User.1
  6
CONTINUOUS
 62
  256
370
   -1
100
AcDbLine
 10
4.627287401574803
 20
-3.43277062992126
 11
4.626021535433071
 21
-3.434036496062992
  0
LINE
  5
51F
100
AcDbEntity
  8
User.1
  6
CONTINUOUS
 62
  256
370
   -1
100
AcDbLine
 10
4.626021535433071
 20
-3.434036496062992
 11
4.625336456692914
 21
-3.435690433070866
  0
LINE
  5
520
100
AcDbEntity
  8
User.1
  6
CONTINUOUS
 62
  256
370
   -1
100
AcDbLine
 10
4.625336456692914
 20
-3.435690433070866
 11
4.625336456692914
 21
-3.437480669291339
  0
LINE
  5
521
100
AcDbEntity
  8
User.1
  6
CONTINUOUS
 62
  256
370
   -1
100
AcDbLine
 10
5.322672716535433
 20
-3.376471653543307
 11
5.323357795275591
 21
-3.378125590551181
  0
LINE
  5
522
100
AcDbEntity
  8
User.1
  6
CONTINUOUS
 62
  256
370
   -1
100
AcDbLine
 10
5.323357795275591
 20
-3.378125590551181
 11
5.324623661417323
 21
-3.379391456692913
  0
LINE
  5
523
100
AcDbEntity
  8
User.1
  6
CONTINUOUS
 62
  256
370
   -1
100
AcDbLine
 10
5.324623661417323
 20
-3.379391456692913
 11
5.325564527559055
 21
-3.379781181102362
  0
LINE
  5
524
100
AcDbEntity
  8
User.1
  6
CONTINUOUS
 62
  256
370
   -1
100
AcDbLine
 10
5.325564527559055
 20
-3.379781181102362
 11
5.324854527559055
 21
-3.37166594488189
  0
LINE
  5
525
100
AcDbEntity
  8
User.1
  6
CONTINUOUS
 62
  256
370
   -1
100
AcDbLine
 10
5.324854527559055
 20
-3.37166594488189
 11
5.324623661417323
 21
-3.371761614173228
  0
LINE
  5
526
100
AcDbEntity
  8
User.1
  6
CONTINUOUS
 62
  256
370
   -1
100
AcDbLine
 10
5.324623661417323
 20
-3.371761614173228
 11
5.323357795275591
 21
-3.373027480314961
  0
LINE
  5
527
100
AcDbEntity
  8
User.1
  6
CONTINUOUS
 62
  256
370
   -1
100
AcDbLine
 10
5.323357795275591
 20
-3.373027480314961
 11
5.322672716535433
 21
-3.374681417322835
  0
LINE
  5
528
100
AcDbEntity
  8
User.1
  6
CONTINUOUS
 62
  256
370
   -1
100
AcDbLine
 10
5.322672716535433
 20
-3.374681417322835
 11
5.322672716535433
 21
-3.376471653543307
  0
LINE
  5
529
100
AcDbEntity
  8
User.1
  6
CONTINUOUS
 62
  256
370
   -1
100
AcDbLine
 10
4.616620905511811
 20
-3.337861141732283
 11
4.617305984251969
 21
-3.339515078740158
  0
LINE
  5
52A
100
AcDbEntity
  8
User.1
  6
CONTINUOUS
 62
  256
370
   -1
100
AcDbLine
 10
4.617305984251969
 20
-3.339515078740158
 11
4.618571850393701
 21
-3.34078094488189
  0
LINE
  5
52B
100
AcDbEntity
  8
User.1
  6
CONTINUOUS
 62
  256
370
   -1
100
AcDbLine
 10
4.618571850393701
 20
-3.34078094488189
 11
4.619512637795276
 21
-3.34117062992126
  0
LINE
  5
52C
100
AcDbEntity
  8
User.1
  6
CONTINUOUS
 62
  256
370
   -1
100
AcDbLine
 10
4.619512637795276
 20
-3.34117062992126
 11
4.618802677165355
 21
-3.333055551181102
  0
LINE
  5
52D
100
AcDbEntity
  8
User.1
  6
CONTINUOUS
 62
  256
370
   -1
100
AcDbLine
 10
4.618802677165355
 20
-3.333055551181102
 11
4.618571850393701
 21
-3.333151181102362
  0
LINE
  5
52E
100
AcDbEntity
  8
User.1
  6
CONTINUOUS
 62
  256
370
   -1
100
AcDbLine
 10
4.618571850393701
 20
-3.333151181102362
 11
4.617305984251969
 21
-3.334417047244095
  0
LINE
  5
52F
100
AcDbEntity
  8
User.1
  6
CONTINUOUS
 62
  256
370
   -1
100
AcDbLine
 10
4.617305984251969
 20
-3.334417047244095
 11
4.616620905511811
 21
-3.336070984251968
  0
LINE
  5
530
100
AcDbEntity
  8
User.1
  6
CONTINUOUS
 62
  256
370
   -1
100
AcDbLine
 10
4.616620905511811
 20
-3.336070984251968
 11
4.616620905511811
 21
-3.337861141732283
  0
LINE
  5
531
100
AcDbEntity
  8
User.1
  6
CONTINUOUS
 62
  256
370
   -1
100
AcDbLine
 10
5.313957204724409
 20
-3.276852125984252
 11
5.314642283464567
 21
-3.278506062992126
  0
LINE
  5
532
100
AcDbEntity
  8
User.1
  6
CONTINUOUS
 62
  256
370
   -1
100
AcDbLine
 10
5.314642283464567
 20
-3.278506062992126
 11
5.315908149606299
 21
-3.279771929133858
  0
LINE
  5
533
100
AcDbEntity
  8
User.1
  6
CONTINUOUS
 62
  256
370
   -1
100
AcDbLine
 10
5.315908149606299
 20
-3.279771929133858
 11
5.316848937007874
 21
-3.280161614173228
  0
LINE
  5
534
100
AcDbEntity
  8
User.1
  6
CONTINUOUS
 62
  256
370
   -1
100
AcDbLine
 10
5.316848937007874
 20
-3.280161614173228
 11
5.316138976377952
 21
-3.272046535433071
  0
LINE
  5
535
100
AcDbEntity
  8
User.1
  6
CONTINUOUS
 62
  256
370
   -1
100
AcDbLine
 10
5.316138976377952
 20
-3.272046535433071
 11
5.315908149606299
 21
-3.272142165354331
  0
LINE
  5
536
100
AcDbEntity
  8
User.1
  6
CONTINUOUS
 62
  256
370
   -1
100
AcDbLine
 10
5.315908149606299
 20
-3.272142165354331
 11
5.314642283464567
 21
-3.273408031496063
  0
LINE
  5
537
100
AcDbEntity
  8
User.1
  6
CONTINUOUS
 62
  256
370
   -1
100
AcDbLine
 10
5.314642283464567
 20
-3.273408031496063
 11
5.313957204724409
 21
-3.275061968503937
  0
LINE
  5
538
100
AcDbEntity
  8
User.1
  6
CONTINUOUS
 62
  256
370
   -1
100
AcDbLine
 10
5.313957204724409
 20
-3.275061968503937
 11
5.313957204724409
 21
-3.276852125984252
  0
LINE
  5
539
100
AcDbEntity
  8
User.1
  6
CONTINUOUS
 62
  256
370
   -1
100
AcDbLine
 10
4.607905275590551
 20
-3.238241732283464
 11
4.608590354330708
 21
-3.239895669291339
  0
LINE
  5
53A
100
AcDbEntity
  8
User.1
  6
CONTINUOUS
 62
  256
370
   -1
100
AcDbLine
 10
4.608590354330708
 20
-3.239895669291339
 11
4.609856220472441
 21
-3.241161535433071
  0
LINE
  5
53B
100
AcDbEntity
  8
User.1
  6
CONTINUOUS
 62
  256
370
   -1
100
AcDbLine
 10
4.609856220472441
 20
-3.241161535433071
 11
4.610797086614173
 21
-3.24155125984252
  0
LINE
  5
53C
100
AcDbEntity
  8
User.1
  6
CONTINUOUS
 62
  256
370
   -1
100
AcDbLine
 10
4.610797086614173
 20
-3.24155125984252
 11
4.610087086614173
 21
-3.233436023622047
  0
LINE
  5
53D
100
AcDbEntity
  8
User.1
  6
CONTINUOUS
 62
  256
370
   -1
100
AcDbLine
 10
4.610087086614173
 20
-3.233436023622047
 11
4.609856220472441
 21
-3.233531692913386
  0
LINE
  5
53E
100
AcDbEntity
  8
User.1
  6
CONTINUOUS
 62
  256
370
   -1
100
AcDbLine
 10
4.609856220472441
 20
-3.233531692913386
 11
4.608590354330708
 21
-3.234797559055118
  0
LINE
  5
53F
100
AcDbEntity
  8
User.1
  6
CONTINUOUS
 62
  256
370
   -1
100
AcDbLine
 10
4.608590354330708
 20
-3.234797559055118
 11
4.607905275590551
 21
-3.236451496062992
  0
LINE
  5
540
100
AcDbEntity
  8
User.1
  6
CONTINUOUS
 62
  256
370
   -1
100
AcDbLine
 10
4.607905275590551
 20
-3.236451496062992
 11
4.607905275590551
 21
-3.238241732283464
  0
LINE
  5
541
100
AcDbEntity
  8
User.1
  6
CONTINUOUS
 62
  256
370
   -1
100
AcDbLine
 10
5.30524157480315
 20
-3.177232716535433
 11
5.305926653543307
 21
-3.178886653543307
  0
LINE
  5
542
100
AcDbEntity
  8
User.1
  6
CONTINUOUS
 62
  256
370
   -1
100
AcDbLine
 10
5.305926653543307
 20
-3.178886653543307
 11
5.30719251968504
 21
-3.180152519685039
  0
LINE
  5
543
100
AcDbEntity
  8
User.1
  6
CONTINUOUS
 62
  256
370
   -1
100
AcDbLine
 10
5.30719251968504
 20
-3.180152519685039
 11
5.308133385826771
 21
-3.180542244094488
  0
LINE
  5
544
100
AcDbEntity
  8
User.1
  6
CONTINUOUS
 62
  256
370
   -1
100
AcDbLine
 10
5.308133385826771
 20
-3.180542244094488
 11
5.307423385826771
 21
-3.172427007874016
  0
LINE
  5
545
100
AcDbEntity
  8
User.1
  6
CONTINUOUS
 62
  256
370
   -1
100
AcDbLine
 10
5.307423385826771
 20
-3.172427007874016
 11
5.30719251968504
 21
-3.172522677165354
  0
LINE
  5
546
100
AcDbEntity
  8
User.1
  6
CONTINUOUS
 62
  256
370
   -1
100
AcDbLine
 10
5.30719251968504
 20
-3.172522677165354
 11
5.305926653543307
 21
-3.173788543307086
  0
LINE
  5
547
100
AcDbEntity
  8
User.1
  6
CONTINUOUS
 62
  256
370
   -1
100
AcDbLine
 10
5.305926653543307
 20
-3.173788543307086
 11
5.30524157480315
 21
-3.175442480314961
  0
LINE
  5
548
100
AcDbEntity
  8
User.1
  6
CONTINUOUS
 62
  256
370
   -1
100
AcDbLine
 10
5.30524157480315
 20
-3.175442480314961
 11
5.30524157480315
 21
-3.177232716535433
  0
LINE
  5
549
100
AcDbEntity
  8
User.1
  6
CONTINUOUS
 62
  256
370
   -1
100
AcDbLine
 10
6.940216141732283
 20
-2.900907834645669
 11
6.941295314960629
 21
-2.901311338582677
  0
LINE
  5
54A
100
AcDbEntity
  8
User.1
  6
CONTINUOUS
 62
  256
370
   -1
100
AcDbLine
 10
6.941295314960629
 20
-2.901311338582677
 11
6.941418070866142
 21
-2.901425826771654
  0
LINE
  5
54B
100
AcDbEntity
  8
User.1
  6
CONTINUOUS
 62
  256
370
   -1
100
AcDbLine
 10
6.941418070866142
 20
-2.901425826771654
 11
6.942137874015748
 21
-2.902097047244094
  0
LINE
  5
54C
100
AcDbEntity
  8
User.1
  6
CONTINUOUS
 62
  256
370
   -1
100
AcDbLine
 10
6.942137874015748
 20
-2.902097047244094
 11
6.942615669291339
 21
-2.903145433070866
  0
LINE
  5
54D
100
AcDbEntity
  8
User.1
  6
CONTINUOUS
 62
  256
370
   -1
100
AcDbLine
 10
6.942615669291339
 20
-2.903145433070866
 11
6.942692440944882
 21
-2.903719173228346
  0
LINE
  5
54E
100
AcDbEntity
  8
User.1
  6
CONTINUOUS
 62
  256
370
   -1
100
AcDbLine
 10
6.942692440944882
 20
-2.903719173228346
 11
6.968798307086614
 21
-3.651294527559055
  0
LINE
  5
54F
100
AcDbEntity
  8
User.1
  6
CONTINUOUS
 62
  256
370
   -1
100
AcDbLine
 10
6.968798307086614
 20
-3.651294527559055
 11
6.968798385826772
 21
-3.651294960629921
  0
LINE
  5
550
100
AcDbEntity
  8
User.1
  6
CONTINUOUS
 62
  256
370
   -1
100
AcDbLine
 10
6.968798385826772
 20
-3.651294960629921
 11
6.994904291338583
 21
-4.398870787401575
  0
LINE
  5
551
100
AcDbEntity
  8
User.1
  6
CONTINUOUS
 62
  256
370
   -1
100
AcDbLine
 10
6.994904291338583
 20
-4.398870787401575
 11
7.021078897637795
 21
-5.148413897637795
  0
LINE
  5
552
100
AcDbEntity
  8
User.1
  6
CONTINUOUS
 62
  256
370
   -1
100
AcDbLine
 10
7.021078897637795
 20
-5.148413897637795
 11
7.021042322834646
 21
-5.14899157480315
  0
LINE
  5
553
100
AcDbEntity
  8
User.1
  6
CONTINUOUS
 62
  256
370
   -1
100
AcDbLine
 10
7.021042322834646
 20
-5.14899157480315
 11
7.020638818897638
 21
-5.150070748031496
  0
LINE
  5
554
100
AcDbEntity
  8
User.1
  6
CONTINUOUS
 62
  256
370
   -1
100
AcDbLine
 10
7.020638818897638
 20
-5.150070748031496
 11
7.01985311023622
 21
-5.150913307086614
  0
LINE
  5
555
100
AcDbEntity
  8
User.1
  6
CONTINUOUS
 62
  256
370
   -1
100
AcDbLine
 10
7.01985311023622
 20
-5.150913307086614
 11
7.018804763779527
 21
-5.151391102362204
  0
LINE
  5
556
100
AcDbEntity
  8
User.1
  6
CONTINUOUS
 62
  256
370
   -1
100
AcDbLine
 10
7.018804763779527
 20
-5.151391102362204
 11
7.018231023622047
 21
-5.151467874015748
  0
LINE
  5
557
100
AcDbEntity
  8
User.1
  6
CONTINUOUS
 62
  256
370
   -1
100
AcDbLine
 10
7.018231023622047
 20
-5.151467874015748
 11
6.273606102362205
 21
-5.177470708661417
  0
LINE
  5
558
100
AcDbEntity
  8
User.1
  6
CONTINUOUS
 62
  256
370
   -1
100
AcDbLine
 10
6.273606102362205
 20
-5.177470708661417
 11
6.280029566929134
 21
-5.361413779527559
  0
LINE
  5
559
100
AcDbEntity
  8
User.1
  6
CONTINUOUS
 62
  256
370
   -1
100
AcDbLine
 10
6.280029566929134
 20
-5.361413779527559
 11
6.279992992125984
 21
-5.361991456692913
  0
LINE
  5
55A
100
AcDbEntity
  8
User.1
  6
CONTINUOUS
 62
  256
370
   -1
100
AcDbLine
 10
6.279992992125984
 20
-5.361991456692913
 11
6.279589488188976
 21
-5.36307062992126
  0
LINE
  5
55B
100
AcDbEntity
  8
User.1
  6
CONTINUOUS
 62
  256
370
   -1
100
AcDbLine
 10
6.279589488188976
 20
-5.36307062992126
 11
6.278803779527559
 21
-5.363913188976378
  0
LINE
  5
55C
100
AcDbEntity
  8
User.1
  6
CONTINUOUS
 62
  256
370
   -1
100
AcDbLine
 10
6.278803779527559
 20
-5.363913188976378
 11
6.277755433070866
 21
-5.364390984251968
  0
LINE
  5
55D
100
AcDbEntity
  8
User.1
  6
CONTINUOUS
 62
  256
370
   -1
100
AcDbLine
 10
6.277755433070866
 20
-5.364390984251968
 11
6.277181692913386
 21
-5.364467755905512
  0
LINE
  5
55E
100
AcDbEntity
  8
User.1
  6
CONTINUOUS
 62
  256
370
   -1
100
AcDbLine
 10
6.277181692913386
 20
-5.364467755905512
 11
5.527638543307087
 21
-5.390642362204725
  0
LINE
  5
55F
100
AcDbEntity
  8
User.1
  6
CONTINUOUS
 62
  256
370
   -1
100
AcDbLine
 10
5.527638543307087
 20
-5.390642362204725
 11
5.527060866141732
 21
-5.390605787401575
  0
LINE
  5
560
100
AcDbEntity
  8
User.1
  6
CONTINUOUS
 62
  256
370
   -1
100
AcDbLine
 10
5.527060866141732
 20
-5.390605787401575
 11
5.525981732283465
 21
-5.390202283464567
  0
LINE
  5
561
100
AcDbEntity
  8
User.1
  6
CONTINUOUS
 62
  256
370
   -1
100
AcDbLine
 10
5.525981732283465
 20
-5.390202283464567
 11
5.525139133858268
 21
-5.38941657480315
  0
LINE
  5
562
100
AcDbEntity
  8
User.1
  6
CONTINUOUS
 62
  256
370
   -1
100
AcDbLine
 10
5.525139133858268
 20
-5.38941657480315
 11
5.524661338582677
 21
-5.388368188976377
  0
LINE
  5
563
100
AcDbEntity
  8
User.1
  6
CONTINUOUS
 62
  256
370
   -1
100
AcDbLine
 10
5.524661338582677
 20
-5.388368188976377
 11
5.524584566929134
 21
-5.387794488188976
  0
LINE
  5
564
100
AcDbEntity
  8
User.1
  6
CONTINUOUS
 62
  256
370
   -1
100
AcDbLine
 10
5.524584566929134
 20
-5.387794488188976
 11
5.498409960629921
 21
-4.638251338582677
  0
LINE
  5
565
100
AcDbEntity
  8
User.1
  6
CONTINUOUS
 62
  256
370
   -1
100
AcDbLine
 10
5.498409960629921
 20
-4.638251338582677
 11
5.498409960629921
 21
-4.638251299212598
  0
LINE
  5
566
100
AcDbEntity
  8
User.1
  6
CONTINUOUS
 62
  256
370
   -1
100
AcDbLine
 10
5.498409960629921
 20
-4.638251299212598
 11
5.472372755905512
 21
-3.892643228346456
  0
LINE
  5
567
100
AcDbEntity
  8
User.1
  6
CONTINUOUS
 62
  256
370
   -1
100
AcDbLine
 10
5.472372755905512
 20
-3.892643228346456
 11
5.472372716535433
 21
-3.892642834645669
  0
LINE
  5
568
100
AcDbEntity
  8
User.1
  6
CONTINUOUS
 62
  256
370
   -1
100
AcDbLine
 10
5.472372716535433
 20
-3.892642834645669
 11
5.44619811023622
 21
-3.14309968503937
  0
LINE
  5
569
100
AcDbEntity
  8
User.1
  6
CONTINUOUS
 62
  256
370
   -1
100
AcDbLine
 10
5.44619811023622
 20
-3.14309968503937
 11
5.44623468503937
 21
-3.142522007874016
  0
LINE
  5
56A
100
AcDbEntity
  8
User.1
  6
CONTINUOUS
 62
  256
370
   -1
100
AcDbLine
 10
5.44623468503937
 20
-3.142522007874016
 11
5.446638188976378
 21
-3.141442874015748
  0
LINE
  5
56B
100
AcDbEntity
  8
User.1
  6
CONTINUOUS
 62
  256
370
   -1
100
AcDbLine
 10
5.446638188976378
 20
-3.141442874015748
 11
5.447423897637795
 21
-3.140600275590551
  0
LINE
  5
56C
100
AcDbEntity
  8
User.1
  6
CONTINUOUS
 62
  256
370
   -1
100
AcDbLine
 10
5.447423897637795
 20
-3.140600275590551
 11
5.448472283464567
 21
-3.140122480314961
  0
LINE
  5
56D
100
AcDbEntity
  8
User.1
  6
CONTINUOUS
 62
  256
370
   -1
100
AcDbLine
 10
5.448472283464567
 20
-3.140122480314961
 11
5.449046023622047
 21
-3.140045708661417
  0
LINE
  5
56E
100
AcDbEntity
  8
User.1
  6
CONTINUOUS
 62
  256
370
   -1
100
AcDbLine
 10
5.449046023622047
 20
-3.140045708661417
 11
6.193670866141733
 21
-3.114042834645669
  0
LINE
  5
56F
100
AcDbEntity
  8
User.1
  6
CONTINUOUS
 62
  256
370
   -1
100
AcDbLine
 10
6.193670866141733
 20
-3.114042834645669
 11
6.187247440944882
 21
-2.930099842519685
  0
LINE
  5
570
100
AcDbEntity
  8
User.1
  6
CONTINUOUS
 62
  256
370
   -1
100
AcDbLine
 10
6.187247440944882
 20
-2.930099842519685
 11
6.187284015748031
 21
-2.929522165354331
  0
LINE
  5
571
100
AcDbEntity
  8
User.1
  6
CONTINUOUS
 62
  256
370
   -1
100
AcDbLine
 10
6.187284015748031
 20
-2.929522165354331
 11
6.187687519685039
 21
-2.928443031496063
  0
LINE
  5
572
100
AcDbEntity
  8
User.1
  6
CONTINUOUS
 62
  256
370
   -1
100
AcDbLine
 10
6.187687519685039
 20
-2.928443031496063
 11
6.188473228346457
 21
-2.927600433070866
  0
LINE
  5
573
100
AcDbEntity
  8
User.1
  6
CONTINUOUS
 62
  256
370
   -1
100
AcDbLine
 10
6.188473228346457
 20
-2.927600433070866
 11
6.189521614173228
 21
-2.927122637795275
  0
LINE
  5
574
100
AcDbEntity
  8
User.1
  6
CONTINUOUS
 62
  256
370
   -1
100
AcDbLine
 10
6.189521614173228
 20
-2.927122637795275
 11
6.190095354330708
 21
-2.927045866141732
  0
LINE
  5
575
100
AcDbEntity
  8
User.1
  6
CONTINUOUS
 62
  256
370
   -1
100
AcDbLine
 10
6.190095354330708
 20
-2.927045866141732
 11
6.939638464566929
 21
-2.900871259842519
  0
LINE
  5
576
100
AcDbEntity
  8
User.1
  6
CONTINUOUS
 62
  256
370
   -1
100
AcDbLine
 10
6.939638464566929
 20
-2.900871259842519
 11
6.940216141732283
 21
-2.900907834645669
  0
LINE
  5
577
100
AcDbEntity
  8
User.1
  6
CONTINUOUS
 62
  256
370
   -1
100
AcDbLine
 10
5.504483582677166
 20
-4.642963464566929
 11
5.530383385826772
 21
-5.384637401574803
  0
LINE
  5
578
100
AcDbEntity
  8
User.1
  6
CONTINUOUS
 62
  256
370
   -1
100
AcDbLine
 10
5.530383385826772
 20
-5.384637401574803
 11
6.274024606299212
 21
-5.358668897637795
  0
LINE
  5
579
100
AcDbEntity
  8
User.1
  6
CONTINUOUS
 62
  256
370
   -1
100
AcDbLine
 10
6.274024606299212
 20
-5.358668897637795
 11
6.267696338582677
 21
-5.177451141732283
  0
LINE
  5
57A
100
AcDbEntity
  8
User.1
  6
CONTINUOUS
 62
  256
370
   -1
100
AcDbLine
 10
6.267696338582677
 20
-5.177451141732283
 11
6.267031062992126
 21
-5.177202401574803
  0
LINE
  5
57B
100
AcDbEntity
  8
User.1
  6
CONTINUOUS
 62
  256
370
   -1
100
AcDbLine
 10
6.267031062992126
 20
-5.177202401574803
 11
6.266188464566929
 21
-5.176416692913386
  0
LINE
  5
57C
100
AcDbEntity
  8
User.1
  6
CONTINUOUS
 62
  256
370
   -1
100
AcDbLine
 10
6.266188464566929
 20
-5.176416692913386
 11
6.265954724409449
 21
-5.175903818897638
  0
LINE
  5
57D
100
AcDbEntity
  8
User.1
  6
CONTINUOUS
 62
  256
370
   -1
100
AcDbLine
 10
6.265954724409449
 20
-5.175903818897638
 11
6.265710669291338
 21
-5.175368346456692
  0
LINE
  5
57E
100
AcDbEntity
  8
User.1
  6
CONTINUOUS
 62
  256
370
   -1
100
AcDbLine
 10
6.265710669291338
 20
-5.175368346456692
 11
6.265633897637795
 21
-5.174794606299212
  0
LINE
  5
57F
100
AcDbEntity
  8
User.1
  6
CONTINUOUS
 62
  256
370
   -1
100
AcDbLine
 10
6.265633897637795
 20
-5.174794606299212
 11
6.24615748031496
 21
-4.617063661417323
  0
LINE
  5
580
100
AcDbEntity
  8
User.1
  6
CONTINUOUS
 62
  256
370
   -1
100
AcDbLine
 10
6.24615748031496
 20
-4.617063661417323
 11
5.504483582677166
 21
-4.642963464566929
  0
LINE
  5
581
100
AcDbEntity
  8
User.1
  6
CONTINUOUS
 62
  256
370
   -1
100
AcDbLine
 10
6.247500196850393
 20
-4.429894881889764
 11
6.253854960629921
 21
-4.611870669291338
  0
LINE
  5
582
100
AcDbEntity
  8
User.1
  6
CONTINUOUS
 62
  256
370
   -1
100
AcDbLine
 10
6.253854960629921
 20
-4.611870669291338
 11
6.273400039370078
 21
-5.171568818897637
  0
LINE
  5
583
100
AcDbEntity
  8
User.1
  6
CONTINUOUS
 62
  256
370
   -1
100
AcDbLine
 10
6.273400039370078
 20
-5.171568818897637
 11
7.015073937007874
 21
-5.145669015748031
  0
LINE
  5
584
100
AcDbEntity
  8
User.1
  6
CONTINUOUS
 62
  256
370
   -1
100
AcDbLine
 10
7.015073937007874
 20
-5.145669015748031
 11
6.989174133858268
 21
-4.403995078740158
  0
LINE
  5
585
100
AcDbEntity
  8
User.1
  6
CONTINUOUS
 62
  256
370
   -1
100
AcDbLine
 10
6.989174133858268
 20
-4.403995078740158
 11
6.247500196850393
 21
-4.429894881889764
  0
LINE
  5
586
100
AcDbEntity
  8
User.1
  6
CONTINUOUS
 62
  256
370
   -1
100
AcDbLine
 10
5.478377677165354
 20
-3.895387637795276
 11
5.504208779527559
 21
-4.635094291338582
  0
LINE
  5
587
100
AcDbEntity
  8
User.1
  6
CONTINUOUS
 62
  256
370
   -1
100
AcDbLine
 10
5.504208779527559
 20
-4.635094291338582
 11
6.245882716535433
 21
-4.609194488188976
  0
LINE
  5
588
100
AcDbEntity
  8
User.1
  6
CONTINUOUS
 62
  256
370
   -1
100
AcDbLine
 10
6.245882716535433
 20
-4.609194488188976
 11
6.239459291338583
 21
-4.425251456692913
  0
LINE
  5
589
100
AcDbEntity
  8
User.1
  6
CONTINUOUS
 62
  256
370
   -1
100
AcDbLine
 10
6.239459291338583
 20
-4.425251456692913
 11
6.239459291338583
 21
-4.425251417322834
  0
LINE
  5
58A
100
AcDbEntity
  8
User.1
  6
CONTINUOUS
 62
  256
370
   -1
100
AcDbLine
 10
6.239459291338583
 20
-4.425251417322834
 11
6.22005157480315
 21
-3.869487834645669
  0
LINE
  5
58B
100
AcDbEntity
  8
User.1
  6
CONTINUOUS
 62
  256
370
   -1
100
AcDbLine
 10
6.22005157480315
 20
-3.869487834645669
 11
5.478377677165354
 21
-3.895387637795276
  0
LINE
  5
58C
100
AcDbEntity
  8
User.1
  6
CONTINUOUS
 62
  256
370
   -1
100
AcDbLine
 10
6.221394251968504
 20
-3.682319094488189
 11
6.227748976377953
 21
-3.864294448818898
  0
LINE
  5
58D
100
AcDbEntity
  8
User.1
  6
CONTINUOUS
 62
  256
370
   -1
100
AcDbLine
 10
6.227748976377953
 20
-3.864294448818898
 11
6.22774905511811
 21
-3.864294842519685
  0
LINE
  5
58E
100
AcDbEntity
  8
User.1
  6
CONTINUOUS
 62
  256
370
   -1
100
AcDbLine
 10
6.22774905511811
 20
-3.864294842519685
 11
6.247225433070866
 21
-4.422025708661417
  0
LINE
  5
58F
100
AcDbEntity
  8
User.1
  6
CONTINUOUS
 62
  256
370
   -1
100
AcDbLine
 10
6.247225433070866
 20
-4.422025708661417
 11
6.988899330708661
 21
-4.396125905511811
  0
LINE
  5
590
100
AcDbEntity
  8
User.1
  6
CONTINUOUS
 62
  256
370
   -1
100
AcDbLine
 10
6.988899330708661
 20
-4.396125905511811
 11
6.963068228346456
 21
-3.656419291338583
  0
LINE
  5
591
100
AcDbEntity
  8
User.1
  6
CONTINUOUS
 62
  256
370
   -1
100
AcDbLine
 10
6.963068228346456
 20
-3.656419291338583
 11
6.221394251968504
 21
-3.682319094488189
  0
LINE
  5
592
100
AcDbEntity
  8
User.1
  6
CONTINUOUS
 62
  256
370
   -1
100
AcDbLine
 10
5.452203031496063
 20
-3.145844527559055
 11
5.478102834645669
 21
-3.887518464566929
  0
LINE
  5
593
100
AcDbEntity
  8
User.1
  6
CONTINUOUS
 62
  256
370
   -1
100
AcDbLine
 10
5.478102834645669
 20
-3.887518464566929
 11
6.219776811023622
 21
-3.861618661417323
  0
LINE
  5
594
100
AcDbEntity
  8
User.1
  6
CONTINUOUS
 62
  256
370
   -1
100
AcDbLine
 10
6.219776811023622
 20
-3.861618661417323
 11
6.213422086614173
 21
-3.679643385826771
  0
LINE
  5
595
100
AcDbEntity
  8
User.1
  6
CONTINUOUS
 62
  256
370
   -1
100
AcDbLine
 10
6.213422086614173
 20
-3.679643385826771
 11
6.213422047244094
 21
-3.679642992125984
  0
LINE
  5
596
100
AcDbEntity
  8
User.1
  6
CONTINUOUS
 62
  256
370
   -1
100
AcDbLine
 10
6.213422047244094
 20
-3.679642992125984
 11
6.193876929133858
 21
-3.119944724409449
  0
LINE
  5
597
100
AcDbEntity
  8
User.1
  6
CONTINUOUS
 62
  256
370
   -1
100
AcDbLine
 10
6.193876929133858
 20
-3.119944724409449
 11
5.452203031496063
 21
-3.145844527559055
  0
LINE
  5
598
100
AcDbEntity
  8
User.1
  6
CONTINUOUS
 62
  256
370
   -1
100
AcDbLine
 10
6.193252362204724
 20
-2.93284468503937
 11
6.19958062992126
 21
-3.114062401574803
  0
LINE
  5
599
100
AcDbEntity
  8
User.1
  6
CONTINUOUS
 62
  256
370
   -1
100
AcDbLine
 10
6.19958062992126
 20
-3.114062401574803
 11
6.200245984251969
 21
-3.114311181102362
  0
LINE
  5
59A
100
AcDbEntity
  8
User.1
  6
CONTINUOUS
 62
  256
370
   -1
100
AcDbLine
 10
6.200245984251969
 20
-3.114311181102362
 11
6.201088543307087
 21
-3.115096889763779
  0
LINE
  5
59B
100
AcDbEntity
  8
User.1
  6
CONTINUOUS
 62
  256
370
   -1
100
AcDbLine
 10
6.201088543307087
 20
-3.115096889763779
 11
6.201566338582677
 21
-3.116145275590551
  0
LINE
  5
59C
100
AcDbEntity
  8
User.1
  6
CONTINUOUS
 62
  256
370
   -1
100
AcDbLine
 10
6.201566338582677
 20
-3.116145275590551
 11
6.20164311023622
 21
-3.116719015748032
  0
LINE
  5
59D
100
AcDbEntity
  8
User.1
  6
CONTINUOUS
 62
  256
370
   -1
100
AcDbLine
 10
6.20164311023622
 20
-3.116719015748032
 11
6.221119488188976
 21
-3.674449881889764
  0
LINE
  5
59E
100
AcDbEntity
  8
User.1
  6
CONTINUOUS
 62
  256
370
   -1
100
AcDbLine
 10
6.221119488188976
 20
-3.674449881889764
 11
6.962793385826772
 21
-3.648550078740157
  0
LINE
  5
59F
100
AcDbEntity
  8
User.1
  6
CONTINUOUS
 62
  256
370
   -1
100
AcDbLine
 10
6.962793385826772
 20
-3.648550078740157
 11
6.936893582677166
 21
-2.906876181102362
  0
LINE
  5
5A0
100
AcDbEntity
  8
User.1
  6
CONTINUOUS
 62
  256
370
   -1
100
AcDbLine
 10
6.936893582677166
 20
-2.906876181102362
 11
6.193252362204724
 21
-2.93284468503937
  0
LINE
  5
5A1
100
AcDbEntity
  8
User.1
  6
CONTINUOUS
 62
  256
370
   -1
100
AcDbLine
 10
7.810709724409449
 20
-3.079782362204724
 11
7.810709960629922
 21
-3.079782362204724
  0
LINE
  5
5A2
100
AcDbEntity
  8
User.1
  6
CONTINUOUS
 62
  256
370
   -1
100
AcDbLine
 10
7.810709960629922
 20
-3.079782362204724
 11
8.558627322834646
 21
-3.092837322834646
  0
LINE
  5
5A3
100
AcDbEntity
  8
User.1
  6
CONTINUOUS
 62
  256
370
   -1
100
AcDbLine
 10
8.558627322834646
 20
-3.092837322834646
 11
8.559202244094488
 21
-3.092904094488189
  0
LINE
  5
5A4
100
AcDbEntity
  8
User.1
  6
CONTINUOUS
 62
  256
370
   -1
100
AcDbLine
 10
8.559202244094488
 20
-3.092904094488189
 11
8.559202322834645
 21
-3.092904133858267
  0
LINE
  5
5A5
100
AcDbEntity
  8
User.1
  6
CONTINUOUS
 62
  256
370
   -1
100
AcDbLine
 10
8.559202322834645
 20
-3.092904133858267
 11
8.560258858267716
 21
-3.093363543307087
  0
LINE
  5
5A6
100
AcDbEntity
  8
User.1
  6
CONTINUOUS
 62
  256
370
   -1
100
AcDbLine
 10
8.560258858267716
 20
-3.093363543307087
 11
8.561059173228346
 21
-3.094192283464567
  0
LINE
  5
5A7
100
AcDbEntity
  8
User.1
  6
CONTINUOUS
 62
  256
370
   -1
100
AcDbLine
 10
8.561059173228346
 20
-3.094192283464567
 11
8.561481417322835
 21
-3.095264212598425
  0
LINE
  5
5A8
100
AcDbEntity
  8
User.1
  6
CONTINUOUS
 62
  256
370
   -1
100
AcDbLine
 10
8.561481417322835
 20
-3.095264212598425
 11
8.561528110236221
 21
-3.095841181102362
  0
LINE
  5
5A9
100
AcDbEntity
  8
User.1
  6
CONTINUOUS
 62
  256
370
   -1
100
AcDbLine
 10
8.561528110236221
 20
-3.095841181102362
 11
8.548438818897637
 21
-3.845726929133858
  0
LINE
  5
5AA
100
AcDbEntity
  8
User.1
  6
CONTINUOUS
 62
  256
370
   -1
100
AcDbLine
 10
8.548438818897637
 20
-3.845726929133858
 11
8.548438779527558
 21
-3.845727165354331
  0
LINE
  5
5AB
100
AcDbEntity
  8
User.1
  6
CONTINUOUS
 62
  256
370
   -1
100
AcDbLine
 10
8.548438779527558
 20
-3.845727165354331
 11
8.535383858267716
 21
-4.593644488188977
  0
LINE
  5
5AC
100
AcDbEntity
  8
User.1
  6
CONTINUOUS
 62
  256
370
   -1
100
AcDbLine
 10
8.535383858267716
 20
-4.593644488188977
 11
8.535383818897637
 21
-4.593644724409449
  0
LINE
  5
5AD
100
AcDbEntity
  8
User.1
  6
CONTINUOUS
 62
  256
370
   -1
100
AcDbLine
 10
8.535383818897637
 20
-4.593644724409449
 11
8.522328897637795
 21
-5.341562047244095
  0
LINE
  5
5AE
100
AcDbEntity
  8
User.1
  6
CONTINUOUS
 62
  256
370
   -1
100
AcDbLine
 10
8.522328897637795
 20
-5.341562047244095
 11
8.522262086614173
 21
-5.342137047244094
  0
LINE
  5
5AF
100
AcDbEntity
  8
User.1
  6
CONTINUOUS
 62
  256
370
   -1
100
AcDbLine
 10
8.522262086614173
 20
-5.342137047244094
 11
8.521802677165354
 21
-5.343193582677165
  0
LINE
  5
5B0
100
AcDbEntity
  8
User.1
  6
CONTINUOUS
 62
  256
370
   -1
100
AcDbLine
 10
8.521802677165354
 20
-5.343193582677165
 11
8.520973937007874
 21
-5.343993897637795
  0
LINE
  5
5B1
100
AcDbEntity
  8
User.1
  6
CONTINUOUS
 62
  256
370
   -1
100
AcDbLine
 10
8.520973937007874
 20
-5.343993897637795
 11
8.519902007874016
 21
-5.344416141732284
  0
LINE
  5
5B2
100
AcDbEntity
  8
User.1
  6
CONTINUOUS
 62
  256
370
   -1
100
AcDbLine
 10
8.519902007874016
 20
-5.344416141732284
 11
8.519325039370079
 21
-5.344462834645669
  0
LINE
  5
5B3
100
AcDbEntity
  8
User.1
  6
CONTINUOUS
 62
  256
370
   -1
100
AcDbLine
 10
8.519325039370079
 20
-5.344462834645669
 11
7.771407598425196
 21
-5.331407874015748
  0
LINE
  5
5B4
100
AcDbEntity
  8
User.1
  6
CONTINUOUS
 62
  256
370
   -1
100
AcDbLine
 10
7.771407598425196
 20
-5.331407874015748
 11
7.77140748031496
 21
-5.331407913385827
  0
LINE
  5
5B5
100
AcDbEntity
  8
User.1
  6
CONTINUOUS
 62
  256
370
   -1
100
AcDbLine
 10
7.77140748031496
 20
-5.331407913385827
 11
7.021521732283464
 21
-5.318318622047244
  0
LINE
  5
5B6
100
AcDbEntity
  8
User.1
  6
CONTINUOUS
 62
  256
370
   -1
100
AcDbLine
 10
7.021521732283464
 20
-5.318318622047244
 11
7.020946732283464
 21
-5.318251811023622
  0
LINE
  5
5B7
100
AcDbEntity
  8
User.1
  6
CONTINUOUS
 62
  256
370
   -1
100
AcDbLine
 10
7.020946732283464
 20
-5.318251811023622
 11
7.019890196850394
 21
-5.317792401574803
  0
LINE
  5
5B8
100
AcDbEntity
  8
User.1
  6
CONTINUOUS
 62
  256
370
   -1
100
AcDbLine
 10
7.019890196850394
 20
-5.317792401574803
 11
7.019089881889764
 21
-5.316963661417323
  0
LINE
  5
5B9
100
AcDbEntity
  8
User.1
  6
CONTINUOUS
 62
  256
370
   -1
100
AcDbLine
 10
7.019089881889764
 20
-5.316963661417323
 11
7.018667637795275
 21
-5.315891732283465
  0
LINE
  5
5BA
100
AcDbEntity
  8
User.1
  6
CONTINUOUS
 62
  256
370
   -1
100
AcDbLine
 10
7.018667637795275
 20
-5.315891732283465
 11
7.018620944881889
 21
-5.315314763779527
  0
LINE
  5
5BB
100
AcDbEntity
  8
User.1
  6
CONTINUOUS
 62
  256
370
   -1
100
AcDbLine
 10
7.018620944881889
 20
-5.315314763779527
 11
7.031710236220472
 21
-4.565429015748031
  0
LINE
  5
5BC
100
AcDbEntity
  8
User.1
  6
CONTINUOUS
 62
  256
370
   -1
100
AcDbLine
 10
7.031710236220472
 20
-4.565429015748031
 11
7.031710236220472
 21
-4.56542874015748
  0
LINE
  5
5BD
100
AcDbEntity
  8
User.1
  6
CONTINUOUS
 62
  256
370
   -1
100
AcDbLine
 10
7.031710236220472
 20
-4.56542874015748
 11
7.044759330708661
 21
-3.817848070866142
  0
LINE
  5
5BE
100
AcDbEntity
  8
User.1
  6
CONTINUOUS
 62
  256
370
   -1
100
AcDbLine
 10
7.044759330708661
 20
-3.817848070866142
 11
7.057820118110236
 21
-3.069593858267716
  0
LINE
  5
5BF
100
AcDbEntity
  8
User.1
  6
CONTINUOUS
 62
  256
370
   -1
100
AcDbLine
 10
7.057820118110236
 20
-3.069593858267716
 11
7.057886929133858
 21
-3.069018897637795
  0
LINE
  5
5C0
100
AcDbEntity
  8
User.1
  6
CONTINUOUS
 62
  256
370
   -1
100
AcDbLine
 10
7.057886929133858
 20
-3.069018897637795
 11
7.057977598425197
 21
-3.068810393700787
  0
LINE
  5
5C1
100
AcDbEntity
  8
User.1
  6
CONTINUOUS
 62
  256
370
   -1
100
AcDbLine
 10
7.057977598425197
 20
-3.068810393700787
 11
7.058346338582677
 21
-3.067962322834646
  0
LINE
  5
5C2
100
AcDbEntity
  8
User.1
  6
CONTINUOUS
 62
  256
370
   -1
100
AcDbLine
 10
7.058346338582677
 20
-3.067962322834646
 11
7.059175078740157
 21
-3.067162007874016
  0
LINE
  5
5C3
100
AcDbEntity
  8
User.1
  6
CONTINUOUS
 62
  256
370
   -1
100
AcDbLine
 10
7.059175078740157
 20
-3.067162007874016
 11
7.060247007874016
 21
-3.066739763779527
  0
LINE
  5
5C4
100
AcDbEntity
  8
User.1
  6
CONTINUOUS
 62
  256
370
   -1
100
AcDbLine
 10
7.060247007874016
 20
-3.066739763779527
 11
7.060823976377953
 21
-3.066693070866142
  0
LINE
  5
5C5
100
AcDbEntity
  8
User.1
  6
CONTINUOUS
 62
  256
370
   -1
100
AcDbLine
 10
7.060823976377953
 20
-3.066693070866142
 11
7.810709724409449
 21
-3.079782362204724
  0
LINE
  5
5C6
100
AcDbEntity
  8
User.1
  6
CONTINUOUS
 62
  256
370
   -1
100
AcDbLine
 10
7.774462834645669
 20
-5.325554763779527
 11
8.516475748031496
 21
-5.338506653543307
  0
LINE
  5
5C7
100
AcDbEntity
  8
User.1
  6
CONTINUOUS
 62
  256
370
   -1
100
AcDbLine
 10
8.516475748031496
 20
-5.338506653543307
 11
8.529427637795276
 21
-4.59649374015748
  0
LINE
  5
5C8
100
AcDbEntity
  8
User.1
  6
CONTINUOUS
 62
  256
370
   -1
100
AcDbLine
 10
8.529427637795276
 20
-4.59649374015748
 11
7.787414724409449
 21
-4.583541850393701
  0
LINE
  5
5C9
100
AcDbEntity
  8
User.1
  6
CONTINUOUS
 62
  256
370
   -1
100
AcDbLine
 10
7.787414724409449
 20
-4.583541850393701
 11
7.774462834645669
 21
-5.325554763779527
  0
LINE
  5
5CA
100
AcDbEntity
  8
User.1
  6
CONTINUOUS
 62
  256
370
   -1
100
AcDbLine
 10
7.024577086614173
 20
-5.312465472440945
 11
7.76659
 21
-5.325417362204725
  0
LINE
  5
5CB
100
AcDbEntity
  8
User.1
  6
CONTINUOUS
 62
  256
370
   -1
100
AcDbLine
 10
7.76659
 20
-5.325417362204725
 11
7.779541889763779
 21
-4.583404448818897
  0
LINE
  5
5CC
100
AcDbEntity
  8
User.1
  6
CONTINUOUS
 62
  256
370
   -1
100
AcDbLine
 10
7.779541889763779
 20
-4.583404448818897
 11
7.037528976377953
 21
-4.570452559055118
  0
LINE
  5
5CD
100
AcDbEntity
  8
User.1
  6
CONTINUOUS
 62
  256
370
   -1
100
AcDbLine
 10
7.037528976377953
 20
-4.570452559055118
 11
7.024577086614173
 21
-5.312465472440945
  0
LINE
  5
5CE
100
AcDbEntity
  8
User.1
  6
CONTINUOUS
 62
  256
370
   -1
100
AcDbLine
 10
7.787552165354331
 20
-4.575669015748032
 11
8.529565078740157
 21
-4.588620905511811
  0
LINE
  5
5CF
100
AcDbEntity
  8
User.1
  6
CONTINUOUS
 62
  256
370
   -1
100
AcDbLine
 10
8.529565078740157
 20
-4.588620905511811
 11
8.542482598425197
 21
-3.848576181102362
  0
LINE
  5
5D0
100
AcDbEntity
  8
User.1
  6
CONTINUOUS
 62
  256
370
   -1
100
AcDbLine
 10
8.542482598425197
 20
-3.848576181102362
 11
7.80046968503937
 21
-3.835624291338583
  0
LINE
  5
5D1
100
AcDbEntity
  8
User.1
  6
CONTINUOUS
 62
  256
370
   -1
100
AcDbLine
 10
7.80046968503937
 20
-3.835624291338583
 11
7.787552165354331
 21
-4.575669015748032
  0
LINE
  5
5D2
100
AcDbEntity
  8
User.1
  6
CONTINUOUS
 62
  256
370
   -1
100
AcDbLine
 10
7.037666417322835
 20
-4.562579724409448
 11
7.779679330708661
 21
-4.575531614173229
  0
LINE
  5
5D3
100
AcDbEntity
  8
User.1
  6
CONTINUOUS
 62
  256
370
   -1
100
AcDbLine
 10
7.779679330708661
 20
-4.575531614173229
 11
7.792596850393701
 21
-3.835486850393701
  0
LINE
  5
5D4
100
AcDbEntity
  8
User.1
  6
CONTINUOUS
 62
  256
370
   -1
100
AcDbLine
 10
7.792596850393701
 20
-3.835486850393701
 11
7.050583937007874
 21
-3.822534960629921
  0
LINE
  5
5D5
100
AcDbEntity
  8
User.1
  6
CONTINUOUS
 62
  256
370
   -1
100
AcDbLine
 10
7.050583937007874
 20
-3.822534960629921
 11
7.037666417322835
 21
-4.562579724409448
  0
LINE
  5
5D6
100
AcDbEntity
  8
User.1
  6
CONTINUOUS
 62
  256
370
   -1
100
AcDbLine
 10
7.800607086614173
 20
-3.827751456692913
 11
8.542620039370078
 21
-3.840703346456693
  0
LINE
  5
5D7
100
AcDbEntity
  8
User.1
  6
CONTINUOUS
 62
  256
370
   -1
100
AcDbLine
 10
8.542620039370078
 20
-3.840703346456693
 11
8.555571929133858
 21
-3.098690433070866
  0
LINE
  5
5D8
100
AcDbEntity
  8
User.1
  6
CONTINUOUS
 62
  256
370
   -1
100
AcDbLine
 10
8.555571929133858
 20
-3.098690433070866
 11
7.813558976377952
 21
-3.085738543307087
  0
LINE
  5
5D9
100
AcDbEntity
  8
User.1
  6
CONTINUOUS
 62
  256
370
   -1
100
AcDbLine
 10
7.813558976377952
 20
-3.085738543307087
 11
7.800607086614173
 21
-3.827751456692913
  0
LINE
  5
5DA
100
AcDbEntity
  8
User.1
  6
CONTINUOUS
 62
  256
370
   -1
100
AcDbLine
 10
7.050721338582677
 20
-3.81466216535433
 11
7.792734291338583
 21
-3.82761405511811
  0
LINE
  5
5DB
100
AcDbEntity
  8
User.1
  6
CONTINUOUS
 62
  256
370
   -1
100
AcDbLine
 10
7.792734291338583
 20
-3.82761405511811
 11
7.805686181102362
 21
-3.085601102362205
  0
LINE
  5
5DC
100
AcDbEntity
  8
User.1
  6
CONTINUOUS
 62
  256
370
   -1
100
AcDbLine
 10
7.805686181102362
 20
-3.085601102362205
 11
7.063673228346457
 21
-3.072649212598425
  0
LINE
  5
5DD
100
AcDbEntity
  8
User.1
  6
CONTINUOUS
 62
  256
370
   -1
100
AcDbLine
 10
7.063673228346457
 20
-3.072649212598425
 11
7.050721338582677
 21
-3.81466216535433
  0
LINE
  5
5DE
100
AcDbEntity
  8
User.1
  6
CONTINUOUS
 62
  256
370
   -1
100
AcDbLine
 10
5.316975748031496
 20
-3.059038149606299
 11
5.321461732283464
 21
-3.06162811023622
  0
LINE
  5
5DF
100
AcDbEntity
  8
User.1
  6
CONTINUOUS
 62
  256
370
   -1
100
AcDbLine
 10
5.321461732283464
 20
-3.06162811023622
 11
5.325124488188976
 21
-3.065290866141732
  0
LINE
  5
5E0
100
AcDbEntity
  8
User.1
  6
CONTINUOUS
 62
  256
370
   -1
100
AcDbLine
 10
5.325124488188976
 20
-3.065290866141732
 11
5.327714448818898
 21
-3.069776850393701
  0
LINE
  5
5E1
100
AcDbEntity
  8
User.1
  6
CONTINUOUS
 62
  256
370
   -1
100
AcDbLine
 10
5.327714448818898
 20
-3.069776850393701
 11
5.329055118110236
 21
-3.074780275590551
  0
LINE
  5
5E2
100
AcDbEntity
  8
User.1
  6
CONTINUOUS
 62
  256
370
   -1
100
AcDbLine
 10
5.329055118110236
 20
-3.074780275590551
 11
5.329055118110236
 21
-3.079960196850394
  0
LINE
  5
5E3
100
AcDbEntity
  8
User.1
  6
CONTINUOUS
 62
  256
370
   -1
100
AcDbLine
 10
5.329055118110236
 20
-3.079960196850394
 11
5.327714448818898
 21
-3.084963622047244
  0
LINE
  5
5E4
100
AcDbEntity
  8
User.1
  6
CONTINUOUS
 62
  256
370
   -1
100
AcDbLine
 10
5.327714448818898
 20
-3.084963622047244
 11
5.325124488188976
 21
-3.089449606299213
  0
LINE
  5
5E5
100
AcDbEntity
  8
User.1
  6
CONTINUOUS
 62
  256
370
   -1
100
AcDbLine
 10
5.325124488188976
 20
-3.089449606299213
 11
5.321461732283464
 21
-3.093112362204725
  0
LINE
  5
5E6
100
AcDbEntity
  8
User.1
  6
CONTINUOUS
 62
  256
370
   -1
100
AcDbLine
 10
5.321461732283464
 20
-3.093112362204725
 11
5.316975748031496
 21
-3.095702322834645
  0
LINE
  5
5E7
100
AcDbEntity
  8
User.1
  6
CONTINUOUS
 62
  256
370
   -1
100
AcDbLine
 10
5.316975748031496
 20
-3.095702322834645
 11
5.311972322834645
 21
-3.097042992125984
  0
LINE
  5
5E8
100
AcDbEntity
  8
User.1
  6
CONTINUOUS
 62
  256
370
   -1
100
AcDbLine
 10
5.311972322834645
 20
-3.097042992125984
 11
5.306792401574803
 21
-3.097042992125984
  0
LINE
  5
5E9
100
AcDbEntity
  8
User.1
  6
CONTINUOUS
 62
  256
370
   -1
100
AcDbLine
 10
5.306792401574803
 20
-3.097042992125984
 11
5.301788976377953
 21
-3.095702322834645
  0
LINE
  5
5EA
100
AcDbEntity
  8
User.1
  6
CONTINUOUS
 62
  256
370
   -1
100
AcDbLine
 10
5.301788976377953
 20
-3.095702322834645
 11
5.297302992125984
 21
-3.093112362204725
  0
LINE
  5
5EB
100
AcDbEntity
  8
User.1
  6
CONTINUOUS
 62
  256
370
   -1
100
AcDbLine
 10
5.297302992125984
 20
-3.093112362204725
 11
5.293640236220472
 21
-3.089449606299213
  0
LINE
  5
5EC
100
AcDbEntity
  8
User.1
  6
CONTINUOUS
 62
  256
370
   -1
100
AcDbLine
 10
5.293640236220472
 20
-3.089449606299213
 11
5.291050275590551
 21
-3.084963622047244
  0
LINE
  5
5ED
100
AcDbEntity
  8
User.1
  6
CONTINUOUS
 62
  256
370
   -1
100
AcDbLine
 10
5.291050275590551
 20
-3.084963622047244
 11
5.289709606299213
 21
-3.079960196850394
  0
LINE
  5
5EE
100
AcDbEntity
  8
User.1
  6
CONTINUOUS
 62
  256
370
   -1
100
AcDbLine
 10
5.289709606299213
 20
-3.079960196850394
 11
5.289709606299213
 21
-3.074780275590551
  0
LINE
  5
5EF
100
AcDbEntity
  8
User.1
  6
CONTINUOUS
 62
  256
370
   -1
100
AcDbLine
 10
5.289709606299213
 20
-3.074780275590551
 11
5.291050275590551
 21
-3.069776850393701
  0
LINE
  5
5F0
100
AcDbEntity
  8
User.1
  6
CONTINUOUS
 62
  256
370
   -1
100
AcDbLine
 10
5.291050275590551
 20
-3.069776850393701
 11
5.293640236220472
 21
-3.065290866141732
  0
LINE
  5
5F1
100
AcDbEntity
  8
User.1
  6
CONTINUOUS
 62
  256
370
   -1
100
AcDbLine
 10
5.293640236220472
 20
-3.065290866141732
 11
5.297302992125984
 21
-3.06162811023622
  0
LINE
  5
5F2
100
AcDbEntity
  8
User.1
  6
CONTINUOUS
 62
  256
370
   -1
100
AcDbLine
 10
5.297302992125984
 20
-3.06162811023622
 11
5.301788976377953
 21
-3.059038149606299
  0
LINE
  5
5F3
100
AcDbEntity
  8
User.1
  6
CONTINUOUS
 62
  256
370
   -1
100
AcDbLine
 10
5.301788976377953
 20
-3.059038149606299
 11
5.306792401574803
 21
-3.05769748031496
  0
LINE
  5
5F4
100
AcDbEntity
  8
User.1
  6
CONTINUOUS
 62
  256
370
   -1
100
AcDbLine
 10
5.306792401574803
 20
-3.05769748031496
 11
5.311972322834645
 21
-3.05769748031496
  0
LINE
  5
5F5
100
AcDbEntity
  8
User.1
  6
CONTINUOUS
 62
  256
370
   -1
100
AcDbLine
 10
5.311972322834645
 20
-3.05769748031496
 11
5.316975748031496
 21
-3.059038149606299
  0
ENDSEC
  0
SECTION
  2
OBJECTS
  0
DICTIONARY
  5
C
330
0
100
AcDbDictionary
281
    1
  3
ACAD_GROUP
350
D
  0
DICTIONARY
  5
D
330
C
100
AcDbDictionary
281
    1
  0
PLOTSETTINGS
  5
5F6
100
AcDbPlotSettings
  6
1x1
 40
0
 41
0
 42
0
 43
0
  0
ENDSEC
  0
EOF
