  0
SECTION
  2
HEADER
  9
$ACADVER
  1
AC1018
  9
$HANDSEED
  5
FFFFFFFF
  9
$ANGBASE
  50
0.0
  9
$ANGDIR
  70
1
  9
$MEASUREMENT
  70
0
  9
$INSUNITS
  70
1
  0
ENDSEC
  0
SECTION
  2
TABLES
  0
TABLE
  2
APPID
  5
1
330
0
100
AcDbSymbolTable
 70
1
  0
APPID
  5
2
330
1
100
AcDbSymbolTableRecord
100
AcDbRegAppTableRecord
  2
ACAD
 70
0
  0
ENDTAB
  0
TABLE
  2
LTYPE
  5
3
330
0
100
AcDbSymbolTable
 70
6
  0
LTYPE
  5
4
330
3
100
AcDbSymbolTableRecord
100
AcDbLinetypeTableRecord
  2
ByBlock
 70
0
  3

 72
65
 73
0
 40
0
  0
LTYPE
  5
5
330
3
100
AcDbSymbolTableRecord
100
AcDbLinetypeTableRecord
  2
ByLayer
 70
0
  3

 72
65
 73
0
 40
0
  0
LTYPE
  5
6
330
3
100
AcDbSymbolTableRecord
100
AcDbLinetypeTableRecord
  2
CONTINUOUS
 70
0
  3
Solid line
 72
65
 73
0
 40
0
  0
LTYPE
  5
7
330
3
100
AcDbSymbolTableRecord
100
AcDbLinetypeTableRecord
  2
DASHDOT
 70
0
  3
Dash Dot ____ _ ____ _
 72
65
 73
4
 40
2
 49
1.25
 74
0
 49
-0.25
 74
0
 49
0.25
 74
0
 49
-0.25
 74
0
  0
LTYPE
  5
8
330
3
100
AcDbSymbolTableRecord
100
AcDbLinetypeTableRecord
  2
DASHED
 70
0
  3
Dashed __ __ __ __ __
 72
65
 73
2
 40
0.75
 49
0.5
 74
0
 49
-0.25
 74
0
  0
LTYPE
  5
9
330
3
100
AcDbSymbolTableRecord
100
AcDbLinetypeTableRecord
  2
DOTTED
 70
0
  3
Dotted .  .  .  .
 72
65
 73
2
 40
0.2
 49
0.0
 74
0
 49
-0.2
 74
0
  0
ENDTAB
  0
TABLE
  2
STYLE
  5
A
330
0
100
AcDbSymbolTable
 70
4
  0
STYLE
  5
B
330
A
100
AcDbSymbolTableRecord
100
AcDbTextStyleTableRecord
  2
KICAD
 70
0
 40
0
 41
1
 42
1
 50
0
 71
0
  3
isocp.shx
  0
STYLE
  5
C
330
A
100
AcDbSymbolTableRecord
100
AcDbTextStyleTableRecord
  2
KICADB
 70
0
 40
0
 41
1
 42
1
 50
0
 71
0
  3
isocp.shx
  0
STYLE
  5
D
330
A
100
AcDbSymbolTableRecord
100
AcDbTextStyleTableRecord
  2
KICADI
 70
0
 40
0
 41
1
 42
1
 50
15
 71
0
  3
isocp.shx
  0
STYLE
  5
E
330
A
100
AcDbSymbolTableRecord
100
AcDbTextStyleTableRecord
  2
KICADBI
 70
0
 40
0
 41
1
 42
1
 50
15
 71
0
  3
isocp.shx
  0
ENDTAB
  0
TABLE
  2
LAYER
  5
F
330
0
100
AcDbSymbolTable
 70
2
  0
LAYER
  5
12
330
F
100
AcDbSymbolTableRecord
100
AcDbLayerTableRecord
  2
0
 70
0
 62
7
  6
CONTINUOUS
390
10
  0
LAYER
  5
13
330
F
100
AcDbSymbolTableRecord
100
AcDbLayerTableRecord
  2
User.1
 70
0
 62
9
420
12763842
  6
CONTINUOUS
390
10
  0
ENDTAB
  0
TABLE
  2
VPORT
  5
14
330
0
100
AcDbSymbolTable
 70
0
  0
ENDTAB
  0
TABLE
  2
VIEW
  5
15
330
0
100
AcDbSymbolTable
 70
0
  0
ENDTAB
  0
TABLE
  2
UCS
  5
16
330
0
100
AcDbSymbolTable
 70
0
  0
ENDTAB
  0
TABLE
  2
DIMSTYLE
  5
17
330
0
100
AcDbSymbolTable
 70
1
100
AcDbDimStyleTable
 71
0
  0
DIMSTYLE
105
18
330
17
100
AcDbSymbolTableRecord
100
AcDbDimStyleTableRecord
  2
Standard
 70
0
  0
ENDTAB
  0
TABLE
  2
BLOCK_RECORD
  5
19
330
0
100
AcDbSymbolTable
 70
3
  0
BLOCK_RECORD
  5
1A
330
19
100
AcDbSymbolTableRecord
100
AcDbBlockTableRecord
  2
*Model_Space
340
1D
 70
0
280
1
281
0
  0
BLOCK_RECORD
  5
1B
330
19
100
AcDbSymbolTableRecord
100
AcDbBlockTableRecord
  2
*Paper_Space
340
1E
 70
0
280
1
281
0
  0
BLOCK_RECORD
  5
1C
330
19
100
AcDbSymbolTableRecord
100
AcDbBlockTableRecord
  2
*Paper_Space0
340
1F
 70
0
280
1
281
0
  0
ENDTAB
  0
ENDSEC
  0
SECTION
  2
BLOCKS
  0
BLOCK
  5
23
330
1A
100
AcDbEntity
  8
0
100
AcDbBlockBegin
  2
*Model_Space
 70
0
 10
0.0
 20
0.0
 30
0.0
  3
*Model_Space
  1

  0
ENDBLK
  5
22
330
1A
100
AcDbEntity
  8
0
100
AcDbBlockEnd
  0
BLOCK
  5
25
330
1B
100
AcDbEntity
 67
1
  8
0
100
AcDbBlockBegin
  2
*Paper_Space
 70
0
 10
0.0
 20
0.0
 30
0.0
  3
*Paper_Space
  1

  0
ENDBLK
  5
24
330
1B
100
AcDbEntity
 67
1
  8
0
100
AcDbBlockEnd
  0
BLOCK
  5
27
330
1C
100
AcDbEntity
 67
1
  8
0
100
AcDbBlockBegin
  2
*Paper_Space0
 70
0
 10
0.0
 20
0.0
 30
0.0
  3
*Paper_Space0
  1

  0
ENDBLK
  5
26
330
1C
100
AcDbEntity
 67
1
  8
0
100
AcDbBlockEnd
  0
ENDSEC
  0
SECTION
  2
ENTITIES
  0
LINE
  5
28
330
1A
100
AcDbEntity
  8
User.1
  6
CONTINUOUS
100
AcDbLine
 10
7.71043748031496
 20
-5.4405966535433068
 30
0
 11
7.7110124015748029
 21
-5.44066342519685
 31
0
  0
LINE
  5
29
330
1A
100
AcDbEntity
  8
User.1
  6
CONTINUOUS
100
AcDbLine
 10
7.7110124015748029
 20
-5.44066342519685
 30
0
 11
7.7110124803149604
 21
-5.4406634645669287
 31
0
  0
LINE
  5
2A
330
1A
100
AcDbEntity
  8
User.1
  6
CONTINUOUS
100
AcDbLine
 10
7.7110124803149604
 20
-5.4406634645669287
 30
0
 11
7.7120690157480309
 21
-5.4411228740157478
 31
0
  0
LINE
  5
2B
330
1A
100
AcDbEntity
  8
User.1
  6
CONTINUOUS
100
AcDbLine
 10
7.7120690157480309
 20
-5.4411228740157478
 30
0
 11
7.7128693307086609
 21
-5.4419516141732283
 31
0
  0
LINE
  5
2C
330
1A
100
AcDbEntity
  8
User.1
  6
CONTINUOUS
100
AcDbLine
 10
7.7128693307086609
 20
-5.4419516141732283
 30
0
 11
7.7132915748031499
 21
-5.4430235433070866
 31
0
  0
LINE
  5
2D
330
1A
100
AcDbEntity
  8
User.1
  6
CONTINUOUS
100
AcDbLine
 10
7.7132915748031499
 20
-5.4430235433070866
 30
0
 11
7.7133382677165354
 21
-5.4436005118110238
 31
0
  0
LINE
  5
2E
330
1A
100
AcDbEntity
  8
User.1
  6
CONTINUOUS
100
AcDbLine
 10
7.7133382677165354
 20
-5.4436005118110238
 30
0
 11
7.7003387401574805
 21
-6.188342755905512
 31
0
  0
LINE
  5
2F
330
1A
100
AcDbEntity
  8
User.1
  6
CONTINUOUS
100
AcDbLine
 10
7.7003387401574805
 20
-6.188342755905512
 30
0
 11
7.8365814173228348
 21
-5.4532429921259844
 31
0
  0
LINE
  5
30
330
1A
100
AcDbEntity
  8
User.1
  6
CONTINUOUS
100
AcDbLine
 10
7.8365814173228348
 20
-5.4532429921259844
 30
0
 11
7.8367421653543303
 21
-5.4526869291338578
 31
0
  0
LINE
  5
31
330
1A
100
AcDbEntity
  8
User.1
  6
CONTINUOUS
100
AcDbLine
 10
7.8367421653543303
 20
-5.4526869291338578
 30
0
 11
7.8373696850393699
 21
-5.4517206692913387
 31
0
  0
LINE
  5
32
330
1A
100
AcDbEntity
  8
User.1
  6
CONTINUOUS
100
AcDbLine
 10
7.8373696850393699
 20
-5.4517206692913387
 30
0
 11
7.8383191338582678
 21
-5.4510681496062992
 31
0
  0
LINE
  5
33
330
1A
100
AcDbEntity
  8
User.1
  6
CONTINUOUS
100
AcDbLine
 10
7.8383191338582678
 20
-5.4510681496062992
 30
0
 11
7.8394460629921259
 21
-5.4508285826771656
 31
0
  0
LINE
  5
34
330
1A
100
AcDbEntity
  8
User.1
  6
CONTINUOUS
100
AcDbLine
 10
7.8394460629921259
 20
-5.4508285826771656
 30
0
 11
7.8400228346456693
 21
-5.4508777952755905
 31
0
  0
LINE
  5
35
330
1A
100
AcDbEntity
  8
User.1
  6
CONTINUOUS
100
AcDbLine
 10
7.8400228346456693
 20
-5.4508777952755905
 30
0
 11
8.5774640157480313
 21
-5.5875544094488188
 31
0
  0
LINE
  5
36
330
1A
100
AcDbEntity
  8
User.1
  6
CONTINUOUS
100
AcDbLine
 10
8.5774640157480313
 20
-5.5875544094488188
 30
0
 11
8.5780200787401579
 21
-5.5877151574803152
 31
0
  0
LINE
  5
37
330
1A
100
AcDbEntity
  8
User.1
  6
CONTINUOUS
100
AcDbLine
 10
8.5780200787401579
 20
-5.5877151574803152
 30
0
 11
8.5789862992125983
 21
-5.5883426377952752
 31
0
  0
LINE
  5
38
330
1A
100
AcDbEntity
  8
User.1
  6
CONTINUOUS
100
AcDbLine
 10
8.5789862992125983
 20
-5.5883426377952752
 30
0
 11
8.5796388582677157
 21
-5.5892921259842518
 31
0
  0
LINE
  5
39
330
1A
100
AcDbEntity
  8
User.1
  6
CONTINUOUS
100
AcDbLine
 10
8.5796388582677157
 20
-5.5892921259842518
 30
0
 11
8.579878425196851
 21
-5.5904190551181099
 31
0
  0
LINE
  5
3A
330
1A
100
AcDbEntity
  8
User.1
  6
CONTINUOUS
100
AcDbLine
 10
8.579878425196851
 20
-5.5904190551181099
 30
0
 11
8.5798292125984243
 21
-5.5909958267716533
 31
0
  0
LINE
  5
3B
330
1A
100
AcDbEntity
  8
User.1
  6
CONTINUOUS
100
AcDbLine
 10
8.5798292125984243
 20
-5.5909958267716533
 30
0
 11
8.4441306692913383
 21
-6.3231597637795272
 31
0
  0
LINE
  5
3C
330
1A
100
AcDbEntity
  8
User.1
  6
CONTINUOUS
100
AcDbLine
 10
8.4441306692913383
 20
-6.3231597637795272
 30
0
 11
8.7522014960629928
 21
-5.6471600393700783
 31
0
  0
LINE
  5
3D
330
1A
100
AcDbEntity
  8
User.1
  6
CONTINUOUS
100
AcDbLine
 10
8.7522014960629928
 20
-5.6471600393700783
 30
0
 11
8.7524920078740163
 21
-5.6466593700787397
 31
0
  0
LINE
  5
3E
330
1A
100
AcDbEntity
  8
User.1
  6
CONTINUOUS
100
AcDbLine
 10
8.7524920078740163
 20
-5.6466593700787397
 30
0
 11
8.7533346062992123
 21
-5.6458736220472439
 31
0
  0
LINE
  5
3F
330
1A
100
AcDbEntity
  8
User.1
  6
CONTINUOUS
100
AcDbLine
 10
8.7533346062992123
 20
-5.6458736220472439
 30
0
 11
8.7544137401574798
 21
-5.6454701574803146
 31
0
  0
LINE
  5
40
330
1A
100
AcDbEntity
  8
User.1
  6
CONTINUOUS
100
AcDbLine
 10
8.7544137401574798
 20
-5.6454701574803146
 30
0
 11
8.7555651574803139
 21
-5.6455103543307086
 31
0
  0
LINE
  5
41
330
1A
100
AcDbEntity
  8
User.1
  6
CONTINUOUS
100
AcDbLine
 10
8.7555651574803139
 20
-5.6455103543307086
 30
0
 11
8.7561128740157486
 21
-5.6456976377952754
 31
0
  0
LINE
  5
42
330
1A
100
AcDbEntity
  8
User.1
  6
CONTINUOUS
100
AcDbLine
 10
8.7561128740157486
 20
-5.6456976377952754
 30
0
 11
9.4385838188976372
 21
-5.956717559055118
 31
0
  0
LINE
  5
43
330
1A
100
AcDbEntity
  8
User.1
  6
CONTINUOUS
100
AcDbLine
 10
9.4385838188976372
 20
-5.956717559055118
 30
0
 11
9.4390844881889766
 21
-5.9570080708661415
 31
0
  0
LINE
  5
44
330
1A
100
AcDbEntity
  8
User.1
  6
CONTINUOUS
100
AcDbLine
 10
9.4390844881889766
 20
-5.9570080708661415
 30
0
 11
9.4398702362204716
 21
-5.9578506692913384
 31
0
  0
LINE
  5
45
330
1A
100
AcDbEntity
  8
User.1
  6
CONTINUOUS
100
AcDbLine
 10
9.4398702362204716
 20
-5.9578506692913384
 30
0
 11
9.4402737007874009
 21
-5.9589298031496059
 31
0
  0
LINE
  5
46
330
1A
100
AcDbEntity
  8
User.1
  6
CONTINUOUS
100
AcDbLine
 10
9.4402737007874009
 20
-5.9589298031496059
 30
0
 11
9.4402335039370069
 21
-5.9600812204724409
 31
0
  0
LINE
  5
47
330
1A
100
AcDbEntity
  8
User.1
  6
CONTINUOUS
100
AcDbLine
 10
9.4402335039370069
 20
-5.9600812204724409
 30
0
 11
9.4400462204724409
 21
-5.9606289370078738
 31
0
  0
LINE
  5
48
330
1A
100
AcDbEntity
  8
User.1
  6
CONTINUOUS
100
AcDbLine
 10
9.4400462204724409
 20
-5.9606289370078738
 30
0
 11
9.1290262992125975
 21
-6.6430998818897633
 31
0
  0
LINE
  5
49
330
1A
100
AcDbEntity
  8
User.1
  6
CONTINUOUS
100
AcDbLine
 10
9.1290262992125975
 20
-6.6430998818897633
 30
0
 11
9.128735787401574
 21
-6.6436005511811018
 31
0
  0
LINE
  5
4A
330
1A
100
AcDbEntity
  8
User.1
  6
CONTINUOUS
100
AcDbLine
 10
9.128735787401574
 20
-6.6436005511811018
 30
0
 11
9.1278931889763779
 21
-6.6443862992125986
 31
0
  0
LINE
  5
4B
330
1A
100
AcDbEntity
  8
User.1
  6
CONTINUOUS
100
AcDbLine
 10
9.1278931889763779
 20
-6.6443862992125986
 30
0
 11
9.1268140551181105
 21
-6.644789763779527
 31
0
  0
LINE
  5
4C
330
1A
100
AcDbEntity
  8
User.1
  6
CONTINUOUS
100
AcDbLine
 10
9.1268140551181105
 20
-6.644789763779527
 30
0
 11
9.1256626377952745
 21
-6.6447495669291339
 31
0
  0
LINE
  5
4D
330
1A
100
AcDbEntity
  8
User.1
  6
CONTINUOUS
100
AcDbLine
 10
9.1256626377952745
 20
-6.6447495669291339
 30
0
 11
9.1251149212598417
 21
-6.644562283464567
 31
0
  0
LINE
  5
4E
330
1A
100
AcDbEntity
  8
User.1
  6
CONTINUOUS
100
AcDbLine
 10
9.1251149212598417
 20
-6.644562283464567
 30
0
 11
8.4426439763779531
 21
-6.3335423622047244
 31
0
  0
LINE
  5
4F
330
1A
100
AcDbEntity
  8
User.1
  6
CONTINUOUS
100
AcDbLine
 10
8.4426439763779531
 20
-6.3335423622047244
 30
0
 11
8.4421433070866136
 21
-6.333251850393701
 31
0
  0
LINE
  5
50
330
1A
100
AcDbEntity
  8
User.1
  6
CONTINUOUS
100
AcDbLine
 10
8.4421433070866136
 20
-6.333251850393701
 30
0
 11
8.4413575590551186
 21
-6.332409251968504
 31
0
  0
LINE
  5
51
330
1A
100
AcDbEntity
  8
User.1
  6
CONTINUOUS
100
AcDbLine
 10
8.4413575590551186
 20
-6.332409251968504
 30
0
 11
8.4409540944881893
 21
-6.3313301181102357
 31
0
  0
LINE
  5
52
330
1A
100
AcDbEntity
  8
User.1
  6
CONTINUOUS
100
AcDbLine
 10
8.4409540944881893
 20
-6.3313301181102357
 30
0
 11
8.4409759055118112
 21
-6.330705157480315
 31
0
  0
LINE
  5
53
330
1A
100
AcDbEntity
  8
User.1
  6
CONTINUOUS
100
AcDbLine
 10
8.4409759055118112
 20
-6.330705157480315
 30
0
 11
8.4402879527559058
 21
-6.3308514173228341
 31
0
  0
LINE
  5
54
330
1A
100
AcDbEntity
  8
User.1
  6
CONTINUOUS
100
AcDbLine
 10
8.4402879527559058
 20
-6.3308514173228341
 30
0
 11
8.4397111811023624
 21
-6.3308022047244092
 31
0
  0
LINE
  5
55
330
1A
100
AcDbEntity
  8
User.1
  6
CONTINUOUS
100
AcDbLine
 10
8.4397111811023624
 20
-6.3308022047244092
 30
0
 11
7.7022699999999995
 21
-6.1941255905511809
 31
0
  0
LINE
  5
56
330
1A
100
AcDbEntity
  8
User.1
  6
CONTINUOUS
100
AcDbLine
 10
7.7022699999999995
 20
-6.1941255905511809
 30
0
 11
7.7017139370078738
 21
-6.1939648425196845
 31
0
  0
LINE
  5
57
330
1A
100
AcDbEntity
  8
User.1
  6
CONTINUOUS
100
AcDbLine
 10
7.7017139370078738
 20
-6.1939648425196845
 30
0
 11
7.7007477165354326
 21
-6.1933373228346458
 31
0
  0
LINE
  5
58
330
1A
100
AcDbEntity
  8
User.1
  6
CONTINUOUS
100
AcDbLine
 10
7.7007477165354326
 20
-6.1933373228346458
 30
0
 11
7.7002638582677161
 21
-6.1926333070866137
 31
0
  0
LINE
  5
59
330
1A
100
AcDbEntity
  8
User.1
  6
CONTINUOUS
100
AcDbLine
 10
7.7002638582677161
 20
-6.1926333070866137
 30
0
 11
7.7002489763779529
 21
-6.1934862598425191
 31
0
  0
LINE
  5
5A
330
1A
100
AcDbEntity
  8
User.1
  6
CONTINUOUS
100
AcDbLine
 10
7.7002489763779529
 20
-6.1934862598425191
 30
0
 11
7.700182165354331
 21
-6.1940612598425195
 31
0
  0
LINE
  5
5B
330
1A
100
AcDbEntity
  8
User.1
  6
CONTINUOUS
100
AcDbLine
 10
7.700182165354331
 20
-6.1940612598425195
 30
0
 11
7.6997227559055119
 21
-6.19511779527559
 31
0
  0
LINE
  5
5C
330
1A
100
AcDbEntity
  8
User.1
  6
CONTINUOUS
100
AcDbLine
 10
7.6997227559055119
 20
-6.19511779527559
 30
0
 11
7.6988940157480314
 21
-6.19591811023622
 31
0
  0
LINE
  5
5D
330
1A
100
AcDbEntity
  8
User.1
  6
CONTINUOUS
100
AcDbLine
 10
7.6988940157480314
 20
-6.19591811023622
 30
0
 11
7.6978220866141731
 21
-6.196340354330709
 31
0
  0
LINE
  5
5E
330
1A
100
AcDbEntity
  8
User.1
  6
CONTINUOUS
100
AcDbLine
 10
7.6978220866141731
 20
-6.196340354330709
 30
0
 11
7.6972451181102359
 21
-6.1963870472440945
 31
0
  0
LINE
  5
5F
330
1A
100
AcDbEntity
  8
User.1
  6
CONTINUOUS
100
AcDbLine
 10
7.6972451181102359
 20
-6.1963870472440945
 30
0
 11
6.9473593700787397
 21
-6.183297755905512
 31
0
  0
LINE
  5
60
330
1A
100
AcDbEntity
  8
User.1
  6
CONTINUOUS
100
AcDbLine
 10
6.9473593700787397
 20
-6.183297755905512
 30
0
 11
6.9467843700787402
 21
-6.1832309448818892
 31
0
  0
LINE
  5
61
330
1A
100
AcDbEntity
  8
User.1
  6
CONTINUOUS
100
AcDbLine
 10
6.9467843700787402
 20
-6.1832309448818892
 30
0
 11
6.9457278346456688
 21
-6.182771535433071
 31
0
  0
LINE
  5
62
330
1A
100
AcDbEntity
  8
User.1
  6
CONTINUOUS
100
AcDbLine
 10
6.9457278346456688
 20
-6.182771535433071
 30
0
 11
6.9449275196850389
 21
-6.1819427952755905
 31
0
  0
LINE
  5
63
330
1A
100
AcDbEntity
  8
User.1
  6
CONTINUOUS
100
AcDbLine
 10
6.9449275196850389
 20
-6.1819427952755905
 30
0
 11
6.9445052755905508
 21
-6.1808708661417322
 31
0
  0
LINE
  5
64
330
1A
100
AcDbEntity
  8
User.1
  6
CONTINUOUS
100
AcDbLine
 10
6.9445052755905508
 20
-6.1808708661417322
 30
0
 11
6.9444585826771652
 21
-6.180293897637795
 31
0
  0
LINE
  5
65
330
1A
100
AcDbEntity
  8
User.1
  6
CONTINUOUS
100
AcDbLine
 10
6.9444585826771652
 20
-6.180293897637795
 30
0
 11
6.9575478740157477
 21
-5.4304081496062988
 31
0
  0
LINE
  5
66
330
1A
100
AcDbEntity
  8
User.1
  6
CONTINUOUS
100
AcDbLine
 10
6.9575478740157477
 20
-5.4304081496062988
 30
0
 11
6.9576146850393696
 21
-5.429833188976378
 31
0
  0
LINE
  5
67
330
1A
100
AcDbEntity
  8
User.1
  6
CONTINUOUS
100
AcDbLine
 10
6.9576146850393696
 20
-5.429833188976378
 30
0
 11
6.9580740944881887
 21
-5.4287766141732279
 31
0
  0
LINE
  5
68
330
1A
100
AcDbEntity
  8
User.1
  6
CONTINUOUS
100
AcDbLine
 10
6.9580740944881887
 20
-5.4287766141732279
 30
0
 11
6.9589028346456692
 21
-5.4279762992125979
 31
0
  0
LINE
  5
69
330
1A
100
AcDbEntity
  8
User.1
  6
CONTINUOUS
100
AcDbLine
 10
6.9589028346456692
 20
-5.4279762992125979
 30
0
 11
6.9599747637795275
 21
-5.4275540551181098
 31
0
  0
LINE
  5
6A
330
1A
100
AcDbEntity
  8
User.1
  6
CONTINUOUS
100
AcDbLine
 10
6.9599747637795275
 20
-5.4275540551181098
 30
0
 11
6.9605517322834647
 21
-5.4275073622047243
 31
0
  0
LINE
  5
6B
330
1A
100
AcDbEntity
  8
User.1
  6
CONTINUOUS
100
AcDbLine
 10
6.9605517322834647
 20
-5.4275073622047243
 30
0
 11
7.71043748031496
 21
-5.4405966535433068
 31
0
  0
LINE
  5
6C
330
1A
100
AcDbEntity
  8
User.1
  6
CONTINUOUS
100
AcDbLine
 10
8.4477798031496061
 20
-6.3293930314960631
 30
0
 11
9.124876968503937
 21
-6.6379640157480315
 31
0
  0
LINE
  5
6D
330
1A
100
AcDbEntity
  8
User.1
  6
CONTINUOUS
100
AcDbLine
 10
9.124876968503937
 20
-6.6379640157480315
 30
0
 11
9.4334479527559054
 21
-5.9608668503937006
 31
0
  0
LINE
  5
6E
330
1A
100
AcDbEntity
  8
User.1
  6
CONTINUOUS
100
AcDbLine
 10
9.4334479527559054
 20
-5.9608668503937006
 30
0
 11
8.7563507874015745
 21
-5.6522958661417322
 31
0
  0
LINE
  5
6F
330
1A
100
AcDbEntity
  8
User.1
  6
CONTINUOUS
100
AcDbLine
 10
8.7563507874015745
 20
-5.6522958661417322
 30
0
 11
8.4477798031496061
 21
-6.3293930314960631
 31
0
  0
LINE
  5
70
330
1A
100
AcDbEntity
  8
User.1
  6
CONTINUOUS
100
AcDbLine
 10
7.706249488188976
 20
-6.1888570472440945
 30
0
 11
8.4378840551181096
 21
-6.3244574803149609
 31
0
  0
LINE
  5
71
330
1A
100
AcDbEntity
  8
User.1
  6
CONTINUOUS
100
AcDbLine
 10
8.4378840551181096
 20
-6.3244574803149609
 30
0
 11
8.573484488188976
 21
-5.5928229133858265
 31
0
  0
LINE
  5
72
330
1A
100
AcDbEntity
  8
User.1
  6
CONTINUOUS
100
AcDbLine
 10
8.573484488188976
 20
-5.5928229133858265
 30
0
 11
7.8418499212598425
 21
-5.4572224803149609
 31
0
  0
LINE
  5
73
330
1A
100
AcDbEntity
  8
User.1
  6
CONTINUOUS
100
AcDbLine
 10
7.8418499212598425
 20
-5.4572224803149609
 30
0
 11
7.706249488188976
 21
-6.1888570472440945
 31
0
  0
LINE
  5
74
330
1A
100
AcDbEntity
  8
User.1
  6
CONTINUOUS
100
AcDbLine
 10
6.9504147244094483
 20
-6.1774446062992121
 30
0
 11
7.694395826771653
 21
-6.1904308661417318
 31
0
  0
LINE
  5
75
330
1A
100
AcDbEntity
  8
User.1
  6
CONTINUOUS
100
AcDbLine
 10
7.694395826771653
 20
-6.1904308661417318
 30
0
 11
7.7073820866141727
 21
-5.4464497637795271
 31
0
  0
LINE
  5
76
330
1A
100
AcDbEntity
  8
User.1
  6
CONTINUOUS
100
AcDbLine
 10
7.7073820866141727
 20
-5.4464497637795271
 30
0
 11
6.963400984251968
 21
-5.4334635039370074
 31
0
  0
LINE
  5
77
330
1A
100
AcDbEntity
  8
User.1
  6
CONTINUOUS
100
AcDbLine
 10
6.963400984251968
 20
-5.4334635039370074
 30
0
 11
6.9504147244094483
 21
-6.1774446062992121
 31
0
  0
LINE
  5
78
330
1A
100
AcDbEntity
  8
User.1
  6
CONTINUOUS
100
AcDbLine
 10
4.7175640944881891
 20
-3.8261325984251968
 30
0
 11
4.7190814960629917
 21
-3.8276499999999998
 31
0
  0
LINE
  5
79
330
1A
100
AcDbEntity
  8
User.1
  6
CONTINUOUS
100
AcDbLine
 10
4.7190814960629917
 20
-3.8276499999999998
 30
0
 11
4.7199027559055118
 21
-3.8296326377952754
 31
0
  0
LINE
  5
7A
330
1A
100
AcDbEntity
  8
User.1
  6
CONTINUOUS
100
AcDbLine
 10
4.7199027559055118
 20
-3.8296326377952754
 30
0
 11
4.7199027559055118
 21
-3.8317786220472438
 31
0
  0
LINE
  5
7B
330
1A
100
AcDbEntity
  8
User.1
  6
CONTINUOUS
100
AcDbLine
 10
4.7199027559055118
 20
-3.8317786220472438
 30
0
 11
4.7190814960629917
 21
-3.8337612598425195
 31
0
  0
LINE
  5
7C
330
1A
100
AcDbEntity
  8
User.1
  6
CONTINUOUS
100
AcDbLine
 10
4.7190814960629917
 20
-3.8337612598425195
 30
0
 11
4.7175640944881891
 21
-3.8352786614173229
 31
0
  0
LINE
  5
7D
330
1A
100
AcDbEntity
  8
User.1
  6
CONTINUOUS
100
AcDbLine
 10
4.7175640944881891
 20
-3.8352786614173229
 30
0
 11
4.7155814566929131
 21
-3.8360999212598426
 31
0
  0
LINE
  5
7E
330
1A
100
AcDbEntity
  8
User.1
  6
CONTINUOUS
100
AcDbLine
 10
4.7155814566929131
 20
-3.8360999212598426
 30
0
 11
4.7134354724409446
 21
-3.8360999212598426
 31
0
  0
LINE
  5
7F
330
1A
100
AcDbEntity
  8
User.1
  6
CONTINUOUS
100
AcDbLine
 10
4.7134354724409446
 20
-3.8360999212598426
 30
0
 11
4.7114528346456694
 21
-3.8352786614173229
 31
0
  0
LINE
  5
80
330
1A
100
AcDbEntity
  8
User.1
  6
CONTINUOUS
100
AcDbLine
 10
4.7114528346456694
 20
-3.8352786614173229
 30
0
 11
4.709935433070866
 21
-3.8337612598425195
 31
0
  0
LINE
  5
81
330
1A
100
AcDbEntity
  8
User.1
  6
CONTINUOUS
100
AcDbLine
 10
4.709935433070866
 20
-3.8337612598425195
 30
0
 11
4.7091141732283459
 21
-3.8317786220472438
 31
0
  0
LINE
  5
82
330
1A
100
AcDbEntity
  8
User.1
  6
CONTINUOUS
100
AcDbLine
 10
4.7091141732283459
 20
-3.8317786220472438
 30
0
 11
4.7091141732283459
 21
-3.8298105511811023
 31
0
  0
LINE
  5
83
330
1A
100
AcDbEntity
  8
User.1
  6
CONTINUOUS
100
AcDbLine
 10
4.7091141732283459
 20
-3.8298105511811023
 30
0
 11
4.7091141732283459
 21
-3.8296326377952754
 31
0
  0
LINE
  5
84
330
1A
100
AcDbEntity
  8
User.1
  6
CONTINUOUS
100
AcDbLine
 10
4.7091141732283459
 20
-3.8296326377952754
 30
0
 11
4.709935433070866
 21
-3.8276499999999998
 31
0
  0
LINE
  5
85
330
1A
100
AcDbEntity
  8
User.1
  6
CONTINUOUS
100
AcDbLine
 10
4.709935433070866
 20
-3.8276499999999998
 30
0
 11
4.7114528346456694
 21
-3.8261325984251968
 31
0
  0
LINE
  5
86
330
1A
100
AcDbEntity
  8
User.1
  6
CONTINUOUS
100
AcDbLine
 10
4.7114528346456694
 20
-3.8261325984251968
 30
0
 11
4.7134354724409446
 21
-3.8253113385826771
 31
0
  0
LINE
  5
87
330
1A
100
AcDbEntity
  8
User.1
  6
CONTINUOUS
100
AcDbLine
 10
4.7134354724409446
 20
-3.8253113385826771
 30
0
 11
4.7155814566929131
 21
-3.8253113385826771
 31
0
  0
LINE
  5
88
330
1A
100
AcDbEntity
  8
User.1
  6
CONTINUOUS
100
AcDbLine
 10
4.7155814566929131
 20
-3.8253113385826771
 30
0
 11
4.7175640944881891
 21
-3.8261325984251968
 31
0
  0
LINE
  5
89
330
1A
100
AcDbEntity
  8
User.1
  6
CONTINUOUS
100
AcDbLine
 10
4.7100085039370079
 20
-3.8316007086614174
 30
0
 11
4.7106935826771652
 21
-3.8332546456692911
 31
0
  0
LINE
  5
8A
330
1A
100
AcDbEntity
  8
User.1
  6
CONTINUOUS
100
AcDbLine
 10
4.7106935826771652
 20
-3.8332546456692911
 30
0
 11
4.7119594488188978
 21
-3.8345205118110237
 31
0
  0
LINE
  5
8B
330
1A
100
AcDbEntity
  8
User.1
  6
CONTINUOUS
100
AcDbLine
 10
4.7119594488188978
 20
-3.8345205118110237
 30
0
 11
4.7136133858267719
 21
-3.835205590551181
 31
0
  0
LINE
  5
8C
330
1A
100
AcDbEntity
  8
User.1
  6
CONTINUOUS
100
AcDbLine
 10
4.7136133858267719
 20
-3.835205590551181
 30
0
 11
4.7154035433070867
 21
-3.835205590551181
 31
0
  0
LINE
  5
8D
330
1A
100
AcDbEntity
  8
User.1
  6
CONTINUOUS
100
AcDbLine
 10
4.7154035433070867
 20
-3.835205590551181
 30
0
 11
4.7170574803149607
 21
-3.8345205118110237
 31
0
  0
LINE
  5
8E
330
1A
100
AcDbEntity
  8
User.1
  6
CONTINUOUS
100
AcDbLine
 10
4.7170574803149607
 20
-3.8345205118110237
 30
0
 11
4.7183233464566925
 21
-3.8332546456692911
 31
0
  0
LINE
  5
8F
330
1A
100
AcDbEntity
  8
User.1
  6
CONTINUOUS
100
AcDbLine
 10
4.7183233464566925
 20
-3.8332546456692911
 30
0
 11
4.7190084251968507
 21
-3.8316007086614174
 31
0
  0
LINE
  5
90
330
1A
100
AcDbEntity
  8
User.1
  6
CONTINUOUS
100
AcDbLine
 10
4.7190084251968507
 20
-3.8316007086614174
 30
0
 11
4.7190084251968507
 21
-3.8298105511811023
 31
0
  0
LINE
  5
91
330
1A
100
AcDbEntity
  8
User.1
  6
CONTINUOUS
100
AcDbLine
 10
4.7190084251968507
 20
-3.8298105511811023
 30
0
 11
4.7183233464566925
 21
-3.8281566141732282
 31
0
  0
LINE
  5
92
330
1A
100
AcDbEntity
  8
User.1
  6
CONTINUOUS
100
AcDbLine
 10
4.7183233464566925
 20
-3.8281566141732282
 30
0
 11
4.7170574803149607
 21
-3.826890748031496
 31
0
  0
LINE
  5
93
330
1A
100
AcDbEntity
  8
User.1
  6
CONTINUOUS
100
AcDbLine
 10
4.7170574803149607
 20
-3.826890748031496
 30
0
 11
4.7154035433070867
 21
-3.8262056692913387
 31
0
  0
LINE
  5
94
330
1A
100
AcDbEntity
  8
User.1
  6
CONTINUOUS
100
AcDbLine
 10
4.7154035433070867
 20
-3.8262056692913387
 30
0
 11
4.7136133858267719
 21
-3.8262056692913387
 31
0
  0
LINE
  5
95
330
1A
100
AcDbEntity
  8
User.1
  6
CONTINUOUS
100
AcDbLine
 10
4.7136133858267719
 20
-3.8262056692913387
 30
0
 11
4.7119594488188978
 21
-3.826890748031496
 31
0
  0
LINE
  5
96
330
1A
100
AcDbEntity
  8
User.1
  6
CONTINUOUS
100
AcDbLine
 10
4.7119594488188978
 20
-3.826890748031496
 30
0
 11
4.7106935826771652
 21
-3.8281566141732282
 31
0
  0
LINE
  5
97
330
1A
100
AcDbEntity
  8
User.1
  6
CONTINUOUS
100
AcDbLine
 10
4.7106935826771652
 20
-3.8281566141732282
 30
0
 11
4.7100085039370079
 21
-3.8298105511811023
 31
0
  0
LINE
  5
98
330
1A
100
AcDbEntity
  8
User.1
  6
CONTINUOUS
100
AcDbLine
 10
4.7100085039370079
 20
-3.8298105511811023
 30
0
 11
4.7100085039370079
 21
-3.8316007086614174
 31
0
  0
LINE
  5
99
330
1A
100
AcDbEntity
  8
User.1
  6
CONTINUOUS
100
AcDbLine
 10
5.3152809055118109
 20
-3.7738391338582677
 30
0
 11
5.316798346456693
 21
-3.7753565748031495
 31
0
  0
LINE
  5
9A
330
1A
100
AcDbEntity
  8
User.1
  6
CONTINUOUS
100
AcDbLine
 10
5.316798346456693
 20
-3.7753565748031495
 30
0
 11
5.3176196062992123
 21
-3.7773392125984251
 31
0
  0
LINE
  5
9B
330
1A
100
AcDbEntity
  8
User.1
  6
CONTINUOUS
100
AcDbLine
 10
5.3176196062992123
 20
-3.7773392125984251
 30
0
 11
5.3176196062992123
 21
-3.7794851968503935
 31
0
  0
LINE
  5
9C
330
1A
100
AcDbEntity
  8
User.1
  6
CONTINUOUS
100
AcDbLine
 10
5.3176196062992123
 20
-3.7794851968503935
 30
0
 11
5.316798346456693
 21
-3.7814678346456692
 31
0
  0
LINE
  5
9D
330
1A
100
AcDbEntity
  8
User.1
  6
CONTINUOUS
100
AcDbLine
 10
5.316798346456693
 20
-3.7814678346456692
 30
0
 11
5.3152809055118109
 21
-3.7829852755905513
 31
0
  0
LINE
  5
9E
330
1A
100
AcDbEntity
  8
User.1
  6
CONTINUOUS
100
AcDbLine
 10
5.3152809055118109
 20
-3.7829852755905513
 30
0
 11
5.3132982677165357
 21
-3.783806535433071
 31
0
  0
LINE
  5
9F
330
1A
100
AcDbEntity
  8
User.1
  6
CONTINUOUS
100
AcDbLine
 10
5.3132982677165357
 20
-3.783806535433071
 30
0
 11
5.3111522834645672
 21
-3.783806535433071
 31
0
  0
LINE
  5
A0
330
1A
100
AcDbEntity
  8
User.1
  6
CONTINUOUS
100
AcDbLine
 10
5.3111522834645672
 20
-3.783806535433071
 30
0
 11
5.3091696456692912
 21
-3.7829852755905513
 31
0
  0
LINE
  5
A1
330
1A
100
AcDbEntity
  8
User.1
  6
CONTINUOUS
100
AcDbLine
 10
5.3091696456692912
 20
-3.7829852755905513
 30
0
 11
5.307652204724409
 21
-3.7814678346456692
 31
0
  0
LINE
  5
A2
330
1A
100
AcDbEntity
  8
User.1
  6
CONTINUOUS
100
AcDbLine
 10
5.307652204724409
 20
-3.7814678346456692
 30
0
 11
5.3068309448818898
 21
-3.7794851968503935
 31
0
  0
LINE
  5
A3
330
1A
100
AcDbEntity
  8
User.1
  6
CONTINUOUS
100
AcDbLine
 10
5.3068309448818898
 20
-3.7794851968503935
 30
0
 11
5.3068309448818898
 21
-3.7775170866141732
 31
0
  0
LINE
  5
A4
330
1A
100
AcDbEntity
  8
User.1
  6
CONTINUOUS
100
AcDbLine
 10
5.3068309448818898
 20
-3.7775170866141732
 30
0
 11
5.3068309448818898
 21
-3.7773392125984251
 31
0
  0
LINE
  5
A5
330
1A
100
AcDbEntity
  8
User.1
  6
CONTINUOUS
100
AcDbLine
 10
5.3068309448818898
 20
-3.7773392125984251
 30
0
 11
5.307652204724409
 21
-3.7753565748031495
 31
0
  0
LINE
  5
A6
330
1A
100
AcDbEntity
  8
User.1
  6
CONTINUOUS
100
AcDbLine
 10
5.307652204724409
 20
-3.7753565748031495
 30
0
 11
5.3091696456692912
 21
-3.7738391338582677
 31
0
  0
LINE
  5
A7
330
1A
100
AcDbEntity
  8
User.1
  6
CONTINUOUS
100
AcDbLine
 10
5.3091696456692912
 20
-3.7738391338582677
 30
0
 11
5.3111522834645672
 21
-3.7730178740157481
 31
0
  0
LINE
  5
A8
330
1A
100
AcDbEntity
  8
User.1
  6
CONTINUOUS
100
AcDbLine
 10
5.3111522834645672
 20
-3.7730178740157481
 30
0
 11
5.3132982677165357
 21
-3.7730178740157481
 31
0
  0
LINE
  5
A9
330
1A
100
AcDbEntity
  8
User.1
  6
CONTINUOUS
100
AcDbLine
 10
5.3132982677165357
 20
-3.7730178740157481
 30
0
 11
5.3152809055118109
 21
-3.7738391338582677
 31
0
  0
LINE
  5
AA
330
1A
100
AcDbEntity
  8
User.1
  6
CONTINUOUS
100
AcDbLine
 10
5.3077252755905509
 20
-3.7793073228346454
 30
0
 11
5.3084103543307082
 21
-3.7809612598425195
 31
0
  0
LINE
  5
AB
330
1A
100
AcDbEntity
  8
User.1
  6
CONTINUOUS
100
AcDbLine
 10
5.3084103543307082
 20
-3.7809612598425195
 30
0
 11
5.3096762204724408
 21
-3.7822271259842517
 31
0
  0
LINE
  5
AC
330
1A
100
AcDbEntity
  8
User.1
  6
CONTINUOUS
100
AcDbLine
 10
5.3096762204724408
 20
-3.7822271259842517
 30
0
 11
5.3113301574803149
 21
-3.7829122047244095
 31
0
  0
LINE
  5
AD
330
1A
100
AcDbEntity
  8
User.1
  6
CONTINUOUS
100
AcDbLine
 10
5.3113301574803149
 20
-3.7829122047244095
 30
0
 11
5.3131203937007871
 21
-3.7829122047244095
 31
0
  0
LINE
  5
AE
330
1A
100
AcDbEntity
  8
User.1
  6
CONTINUOUS
100
AcDbLine
 10
5.3131203937007871
 20
-3.7829122047244095
 30
0
 11
5.3147743307086612
 21
-3.7822271259842517
 31
0
  0
LINE
  5
AF
330
1A
100
AcDbEntity
  8
User.1
  6
CONTINUOUS
100
AcDbLine
 10
5.3147743307086612
 20
-3.7822271259842517
 30
0
 11
5.3160401968503939
 21
-3.7809612598425195
 31
0
  0
LINE
  5
B0
330
1A
100
AcDbEntity
  8
User.1
  6
CONTINUOUS
100
AcDbLine
 10
5.3160401968503939
 20
-3.7809612598425195
 30
0
 11
5.3167252755905512
 21
-3.7793073228346454
 31
0
  0
LINE
  5
B1
330
1A
100
AcDbEntity
  8
User.1
  6
CONTINUOUS
100
AcDbLine
 10
5.3167252755905512
 20
-3.7793073228346454
 30
0
 11
5.3167252755905512
 21
-3.7775170866141732
 31
0
  0
LINE
  5
B2
330
1A
100
AcDbEntity
  8
User.1
  6
CONTINUOUS
100
AcDbLine
 10
5.3167252755905512
 20
-3.7775170866141732
 30
0
 11
5.3160401968503939
 21
-3.7758631496062991
 31
0
  0
LINE
  5
B3
330
1A
100
AcDbEntity
  8
User.1
  6
CONTINUOUS
100
AcDbLine
 10
5.3160401968503939
 20
-3.7758631496062991
 30
0
 11
5.3147743307086612
 21
-3.7745972834645669
 31
0
  0
LINE
  5
B4
330
1A
100
AcDbEntity
  8
User.1
  6
CONTINUOUS
100
AcDbLine
 10
5.3147743307086612
 20
-3.7745972834645669
 30
0
 11
5.3131203937007871
 21
-3.7739122047244096
 31
0
  0
LINE
  5
B5
330
1A
100
AcDbEntity
  8
User.1
  6
CONTINUOUS
100
AcDbLine
 10
5.3131203937007871
 20
-3.7739122047244096
 30
0
 11
5.3113301574803149
 21
-3.7739122047244096
 31
0
  0
LINE
  5
B6
330
1A
100
AcDbEntity
  8
User.1
  6
CONTINUOUS
100
AcDbLine
 10
5.3113301574803149
 20
-3.7739122047244096
 30
0
 11
5.3096762204724408
 21
-3.7745972834645669
 31
0
  0
LINE
  5
B7
330
1A
100
AcDbEntity
  8
User.1
  6
CONTINUOUS
100
AcDbLine
 10
5.3096762204724408
 20
-3.7745972834645669
 30
0
 11
5.3084103543307082
 21
-3.7758631496062991
 31
0
  0
LINE
  5
B8
330
1A
100
AcDbEntity
  8
User.1
  6
CONTINUOUS
100
AcDbLine
 10
5.3084103543307082
 20
-3.7758631496062991
 30
0
 11
5.3077252755905509
 21
-3.7775170866141732
 31
0
  0
LINE
  5
B9
330
1A
100
AcDbEntity
  8
User.1
  6
CONTINUOUS
100
AcDbLine
 10
5.3077252755905509
 20
-3.7775170866141732
 30
0
 11
5.3077252755905509
 21
-3.7793073228346454
 31
0
  0
LINE
  5
BA
330
1A
100
AcDbEntity
  8
User.1
  6
CONTINUOUS
100
AcDbLine
 10
4.7088485433070861
 20
-3.7265131102362203
 30
0
 11
4.7103659842519683
 21
-3.7280305511811025
 31
0
  0
LINE
  5
BB
330
1A
100
AcDbEntity
  8
User.1
  6
CONTINUOUS
100
AcDbLine
 10
4.7103659842519683
 20
-3.7280305511811025
 30
0
 11
4.7111872440944884
 21
-3.7300131889763777
 31
0
  0
LINE
  5
BC
330
1A
100
AcDbEntity
  8
User.1
  6
CONTINUOUS
100
AcDbLine
 10
4.7111872440944884
 20
-3.7300131889763777
 30
0
 11
4.7111872440944884
 21
-3.7321591732283466
 31
0
  0
LINE
  5
BD
330
1A
100
AcDbEntity
  8
User.1
  6
CONTINUOUS
100
AcDbLine
 10
4.7111872440944884
 20
-3.7321591732283466
 30
0
 11
4.7103659842519683
 21
-3.7341418110236217
 31
0
  0
LINE
  5
BE
330
1A
100
AcDbEntity
  8
User.1
  6
CONTINUOUS
100
AcDbLine
 10
4.7103659842519683
 20
-3.7341418110236217
 30
0
 11
4.7088485433070861
 21
-3.7356592519685039
 31
0
  0
LINE
  5
BF
330
1A
100
AcDbEntity
  8
User.1
  6
CONTINUOUS
100
AcDbLine
 10
4.7088485433070861
 20
-3.7356592519685039
 30
0
 11
4.7068659055118109
 21
-3.7364805118110236
 31
0
  0
LINE
  5
C0
330
1A
100
AcDbEntity
  8
User.1
  6
CONTINUOUS
100
AcDbLine
 10
4.7068659055118109
 20
-3.7364805118110236
 30
0
 11
4.7047199212598425
 21
-3.7364805118110236
 31
0
  0
LINE
  5
C1
330
1A
100
AcDbEntity
  8
User.1
  6
CONTINUOUS
100
AcDbLine
 10
4.7047199212598425
 20
-3.7364805118110236
 30
0
 11
4.7027372834645664
 21
-3.7356592519685039
 31
0
  0
LINE
  5
C2
330
1A
100
AcDbEntity
  8
User.1
  6
CONTINUOUS
100
AcDbLine
 10
4.7027372834645664
 20
-3.7356592519685039
 30
0
 11
4.7012198425196852
 21
-3.7341418110236217
 31
0
  0
LINE
  5
C3
330
1A
100
AcDbEntity
  8
User.1
  6
CONTINUOUS
100
AcDbLine
 10
4.7012198425196852
 20
-3.7341418110236217
 30
0
 11
4.700398582677165
 21
-3.7321591732283466
 31
0
  0
LINE
  5
C4
330
1A
100
AcDbEntity
  8
User.1
  6
CONTINUOUS
100
AcDbLine
 10
4.700398582677165
 20
-3.7321591732283466
 30
0
 11
4.700398582677165
 21
-3.7301910629921258
 31
0
  0
LINE
  5
C5
330
1A
100
AcDbEntity
  8
User.1
  6
CONTINUOUS
100
AcDbLine
 10
4.700398582677165
 20
-3.7301910629921258
 30
0
 11
4.700398582677165
 21
-3.7300131889763777
 31
0
  0
LINE
  5
C6
330
1A
100
AcDbEntity
  8
User.1
  6
CONTINUOUS
100
AcDbLine
 10
4.700398582677165
 20
-3.7300131889763777
 30
0
 11
4.7012198425196852
 21
-3.7280305511811025
 31
0
  0
LINE
  5
C7
330
1A
100
AcDbEntity
  8
User.1
  6
CONTINUOUS
100
AcDbLine
 10
4.7012198425196852
 20
-3.7280305511811025
 30
0
 11
4.7027372834645664
 21
-3.7265131102362203
 31
0
  0
LINE
  5
C8
330
1A
100
AcDbEntity
  8
User.1
  6
CONTINUOUS
100
AcDbLine
 10
4.7027372834645664
 20
-3.7265131102362203
 30
0
 11
4.7047199212598425
 21
-3.7256918503937007
 31
0
  0
LINE
  5
C9
330
1A
100
AcDbEntity
  8
User.1
  6
CONTINUOUS
100
AcDbLine
 10
4.7047199212598425
 20
-3.7256918503937007
 30
0
 11
4.7068659055118109
 21
-3.7256918503937007
 31
0
  0
LINE
  5
CA
330
1A
100
AcDbEntity
  8
User.1
  6
CONTINUOUS
100
AcDbLine
 10
4.7068659055118109
 20
-3.7256918503937007
 30
0
 11
4.7088485433070861
 21
-3.7265131102362203
 31
0
  0
LINE
  5
CB
330
1A
100
AcDbEntity
  8
User.1
  6
CONTINUOUS
100
AcDbLine
 10
4.701292913385827
 20
-3.7319812992125985
 30
0
 11
4.7019779921259843
 21
-3.7336352362204726
 31
0
  0
LINE
  5
CC
330
1A
100
AcDbEntity
  8
User.1
  6
CONTINUOUS
100
AcDbLine
 10
4.7019779921259843
 20
-3.7336352362204726
 30
0
 11
4.7032438582677161
 21
-3.7349011023622047
 31
0
  0
LINE
  5
CD
330
1A
100
AcDbEntity
  8
User.1
  6
CONTINUOUS
100
AcDbLine
 10
4.7032438582677161
 20
-3.7349011023622047
 30
0
 11
4.7048977952755902
 21
-3.7355861811023621
 31
0
  0
LINE
  5
CE
330
1A
100
AcDbEntity
  8
User.1
  6
CONTINUOUS
100
AcDbLine
 10
4.7048977952755902
 20
-3.7355861811023621
 30
0
 11
4.7066880314960633
 21
-3.7355861811023621
 31
0
  0
LINE
  5
CF
330
1A
100
AcDbEntity
  8
User.1
  6
CONTINUOUS
100
AcDbLine
 10
4.7066880314960633
 20
-3.7355861811023621
 30
0
 11
4.7083419685039365
 21
-3.7349011023622047
 31
0
  0
LINE
  5
D0
330
1A
100
AcDbEntity
  8
User.1
  6
CONTINUOUS
100
AcDbLine
 10
4.7083419685039365
 20
-3.7349011023622047
 30
0
 11
4.7096078346456691
 21
-3.7336352362204726
 31
0
  0
LINE
  5
D1
330
1A
100
AcDbEntity
  8
User.1
  6
CONTINUOUS
100
AcDbLine
 10
4.7096078346456691
 20
-3.7336352362204726
 30
0
 11
4.7102929133858265
 21
-3.7319812992125985
 31
0
  0
LINE
  5
D2
330
1A
100
AcDbEntity
  8
User.1
  6
CONTINUOUS
100
AcDbLine
 10
4.7102929133858265
 20
-3.7319812992125985
 30
0
 11
4.7102929133858265
 21
-3.7301910629921258
 31
0
  0
LINE
  5
D3
330
1A
100
AcDbEntity
  8
User.1
  6
CONTINUOUS
100
AcDbLine
 10
4.7102929133858265
 20
-3.7301910629921258
 30
0
 11
4.7096078346456691
 21
-3.7285371259842517
 31
0
  0
LINE
  5
D4
330
1A
100
AcDbEntity
  8
User.1
  6
CONTINUOUS
100
AcDbLine
 10
4.7096078346456691
 20
-3.7285371259842517
 30
0
 11
4.7083419685039365
 21
-3.7272712598425195
 31
0
  0
LINE
  5
D5
330
1A
100
AcDbEntity
  8
User.1
  6
CONTINUOUS
100
AcDbLine
 10
4.7083419685039365
 20
-3.7272712598425195
 30
0
 11
4.7066880314960633
 21
-3.7265861811023622
 31
0
  0
LINE
  5
D6
330
1A
100
AcDbEntity
  8
User.1
  6
CONTINUOUS
100
AcDbLine
 10
4.7066880314960633
 20
-3.7265861811023622
 30
0
 11
4.7048977952755902
 21
-3.7265861811023622
 31
0
  0
LINE
  5
D7
330
1A
100
AcDbEntity
  8
User.1
  6
CONTINUOUS
100
AcDbLine
 10
4.7048977952755902
 20
-3.7265861811023622
 30
0
 11
4.7032438582677161
 21
-3.7272712598425195
 31
0
  0
LINE
  5
D8
330
1A
100
AcDbEntity
  8
User.1
  6
CONTINUOUS
100
AcDbLine
 10
4.7032438582677161
 20
-3.7272712598425195
 30
0
 11
4.7019779921259843
 21
-3.7285371259842517
 31
0
  0
LINE
  5
D9
330
1A
100
AcDbEntity
  8
User.1
  6
CONTINUOUS
100
AcDbLine
 10
4.7019779921259843
 20
-3.7285371259842517
 30
0
 11
4.701292913385827
 21
-3.7301910629921258
 31
0
  0
LINE
  5
DA
330
1A
100
AcDbEntity
  8
User.1
  6
CONTINUOUS
100
AcDbLine
 10
4.701292913385827
 20
-3.7301910629921258
 30
0
 11
4.701292913385827
 21
-3.7319812992125985
 31
0
  0
LINE
  5
DB
330
1A
100
AcDbEntity
  8
User.1
  6
CONTINUOUS
100
AcDbLine
 10
5.3065653543307088
 20
-3.67421968503937
 30
0
 11
5.3080827559055113
 21
-3.675737086614173
 31
0
  0
LINE
  5
DC
330
1A
100
AcDbEntity
  8
User.1
  6
CONTINUOUS
100
AcDbLine
 10
5.3080827559055113
 20
-3.675737086614173
 30
0
 11
5.3089040157480314
 21
-3.6777197244094486
 31
0
  0
LINE
  5
DD
330
1A
100
AcDbEntity
  8
User.1
  6
CONTINUOUS
100
AcDbLine
 10
5.3089040157480314
 20
-3.6777197244094486
 30
0
 11
5.3089040157480314
 21
-3.679865708661417
 31
0
  0
LINE
  5
DE
330
1A
100
AcDbEntity
  8
User.1
  6
CONTINUOUS
100
AcDbLine
 10
5.3089040157480314
 20
-3.679865708661417
 30
0
 11
5.3080827559055113
 21
-3.6818483464566927
 31
0
  0
LINE
  5
DF
330
1A
100
AcDbEntity
  8
User.1
  6
CONTINUOUS
100
AcDbLine
 10
5.3080827559055113
 20
-3.6818483464566927
 30
0
 11
5.3065653543307088
 21
-3.6833657480314961
 31
0
  0
LINE
  5
E0
330
1A
100
AcDbEntity
  8
User.1
  6
CONTINUOUS
100
AcDbLine
 10
5.3065653543307088
 20
-3.6833657480314961
 30
0
 11
5.3045827165354327
 21
-3.6841870078740158
 31
0
  0
LINE
  5
E1
330
1A
100
AcDbEntity
  8
User.1
  6
CONTINUOUS
100
AcDbLine
 10
5.3045827165354327
 20
-3.6841870078740158
 30
0
 11
5.3024367322834642
 21
-3.6841870078740158
 31
0
  0
LINE
  5
E2
330
1A
100
AcDbEntity
  8
User.1
  6
CONTINUOUS
100
AcDbLine
 10
5.3024367322834642
 20
-3.6841870078740158
 30
0
 11
5.300454094488189
 21
-3.6833657480314961
 31
0
  0
LINE
  5
E3
330
1A
100
AcDbEntity
  8
User.1
  6
CONTINUOUS
100
AcDbLine
 10
5.300454094488189
 20
-3.6833657480314961
 30
0
 11
5.2989366929133856
 21
-3.6818483464566927
 31
0
  0
LINE
  5
E4
330
1A
100
AcDbEntity
  8
User.1
  6
CONTINUOUS
100
AcDbLine
 10
5.2989366929133856
 20
-3.6818483464566927
 30
0
 11
5.2981154330708664
 21
-3.679865708661417
 31
0
  0
LINE
  5
E5
330
1A
100
AcDbEntity
  8
User.1
  6
CONTINUOUS
100
AcDbLine
 10
5.2981154330708664
 20
-3.679865708661417
 30
0
 11
5.2981154330708664
 21
-3.6778976377952755
 31
0
  0
LINE
  5
E6
330
1A
100
AcDbEntity
  8
User.1
  6
CONTINUOUS
100
AcDbLine
 10
5.2981154330708664
 20
-3.6778976377952755
 30
0
 11
5.2981154330708664
 21
-3.6777197244094486
 31
0
  0
LINE
  5
E7
330
1A
100
AcDbEntity
  8
User.1
  6
CONTINUOUS
100
AcDbLine
 10
5.2981154330708664
 20
-3.6777197244094486
 30
0
 11
5.2989366929133856
 21
-3.675737086614173
 31
0
  0
LINE
  5
E8
330
1A
100
AcDbEntity
  8
User.1
  6
CONTINUOUS
100
AcDbLine
 10
5.2989366929133856
 20
-3.675737086614173
 30
0
 11
5.300454094488189
 21
-3.67421968503937
 31
0
  0
LINE
  5
E9
330
1A
100
AcDbEntity
  8
User.1
  6
CONTINUOUS
100
AcDbLine
 10
5.300454094488189
 20
-3.67421968503937
 30
0
 11
5.3024367322834642
 21
-3.6733984251968503
 31
0
  0
LINE
  5
EA
330
1A
100
AcDbEntity
  8
User.1
  6
CONTINUOUS
100
AcDbLine
 10
5.3024367322834642
 20
-3.6733984251968503
 30
0
 11
5.3045827165354327
 21
-3.6733984251968503
 31
0
  0
LINE
  5
EB
330
1A
100
AcDbEntity
  8
User.1
  6
CONTINUOUS
100
AcDbLine
 10
5.3045827165354327
 20
-3.6733984251968503
 30
0
 11
5.3065653543307088
 21
-3.67421968503937
 31
0
  0
LINE
  5
EC
330
1A
100
AcDbEntity
  8
User.1
  6
CONTINUOUS
100
AcDbLine
 10
5.2990097637795275
 20
-3.6796877952755906
 30
0
 11
5.2996948425196848
 21
-3.6813417322834643
 31
0
  0
LINE
  5
ED
330
1A
100
AcDbEntity
  8
User.1
  6
CONTINUOUS
100
AcDbLine
 10
5.2996948425196848
 20
-3.6813417322834643
 30
0
 11
5.3009607086614174
 21
-3.6826075984251969
 31
0
  0
LINE
  5
EE
330
1A
100
AcDbEntity
  8
User.1
  6
CONTINUOUS
100
AcDbLine
 10
5.3009607086614174
 20
-3.6826075984251969
 30
0
 11
5.3026146456692915
 21
-3.6832926771653542
 31
0
  0
LINE
  5
EF
330
1A
100
AcDbEntity
  8
User.1
  6
CONTINUOUS
100
AcDbLine
 10
5.3026146456692915
 20
-3.6832926771653542
 30
0
 11
5.3044048031496063
 21
-3.6832926771653542
 31
0
  0
LINE
  5
F0
330
1A
100
AcDbEntity
  8
User.1
  6
CONTINUOUS
100
AcDbLine
 10
5.3044048031496063
 20
-3.6832926771653542
 30
0
 11
5.3060587401574804
 21
-3.6826075984251969
 31
0
  0
LINE
  5
F1
330
1A
100
AcDbEntity
  8
User.1
  6
CONTINUOUS
100
AcDbLine
 10
5.3060587401574804
 20
-3.6826075984251969
 30
0
 11
5.3073246062992121
 21
-3.6813417322834643
 31
0
  0
LINE
  5
F2
330
1A
100
AcDbEntity
  8
User.1
  6
CONTINUOUS
100
AcDbLine
 10
5.3073246062992121
 20
-3.6813417322834643
 30
0
 11
5.3080096850393703
 21
-3.6796877952755906
 31
0
  0
LINE
  5
F3
330
1A
100
AcDbEntity
  8
User.1
  6
CONTINUOUS
100
AcDbLine
 10
5.3080096850393703
 20
-3.6796877952755906
 30
0
 11
5.3080096850393703
 21
-3.6778976377952755
 31
0
  0
LINE
  5
F4
330
1A
100
AcDbEntity
  8
User.1
  6
CONTINUOUS
100
AcDbLine
 10
5.3080096850393703
 20
-3.6778976377952755
 30
0
 11
5.3073246062992121
 21
-3.6762437007874014
 31
0
  0
LINE
  5
F5
330
1A
100
AcDbEntity
  8
User.1
  6
CONTINUOUS
100
AcDbLine
 10
5.3073246062992121
 20
-3.6762437007874014
 30
0
 11
5.3060587401574804
 21
-3.6749778346456692
 31
0
  0
LINE
  5
F6
330
1A
100
AcDbEntity
  8
User.1
  6
CONTINUOUS
100
AcDbLine
 10
5.3060587401574804
 20
-3.6749778346456692
 30
0
 11
5.3044048031496063
 21
-3.6742927559055119
 31
0
  0
LINE
  5
F7
330
1A
100
AcDbEntity
  8
User.1
  6
CONTINUOUS
100
AcDbLine
 10
5.3044048031496063
 20
-3.6742927559055119
 30
0
 11
5.3026146456692915
 21
-3.6742927559055119
 31
0
  0
LINE
  5
F8
330
1A
100
AcDbEntity
  8
User.1
  6
CONTINUOUS
100
AcDbLine
 10
5.3026146456692915
 20
-3.6742927559055119
 30
0
 11
5.3009607086614174
 21
-3.6749778346456692
 31
0
  0
LINE
  5
F9
330
1A
100
AcDbEntity
  8
User.1
  6
CONTINUOUS
100
AcDbLine
 10
5.3009607086614174
 20
-3.6749778346456692
 30
0
 11
5.2996948425196848
 21
-3.6762437007874014
 31
0
  0
LINE
  5
FA
330
1A
100
AcDbEntity
  8
User.1
  6
CONTINUOUS
100
AcDbLine
 10
5.2996948425196848
 20
-3.6762437007874014
 30
0
 11
5.2990097637795275
 21
-3.6778976377952755
 31
0
  0
LINE
  5
FB
330
1A
100
AcDbEntity
  8
User.1
  6
CONTINUOUS
100
AcDbLine
 10
5.2990097637795275
 20
-3.6778976377952755
 30
0
 11
5.2990097637795275
 21
-3.6796877952755906
 31
0
  0
LINE
  5
FC
330
1A
100
AcDbEntity
  8
User.1
  6
CONTINUOUS
100
AcDbLine
 10
4.7001329527559053
 20
-3.6268936614173226
 30
0
 11
4.7016503543307087
 21
-3.628411062992126
 31
0
  0
LINE
  5
FD
330
1A
100
AcDbEntity
  8
User.1
  6
CONTINUOUS
100
AcDbLine
 10
4.7016503543307087
 20
-3.628411062992126
 30
0
 11
4.7024716141732279
 21
-3.6303937007874016
 31
0
  0
LINE
  5
FE
330
1A
100
AcDbEntity
  8
User.1
  6
CONTINUOUS
100
AcDbLine
 10
4.7024716141732279
 20
-3.6303937007874016
 30
0
 11
4.7024716141732279
 21
-3.6325396850393701
 31
0
  0
LINE
  5
FF
330
1A
100
AcDbEntity
  8
User.1
  6
CONTINUOUS
100
AcDbLine
 10
4.7024716141732279
 20
-3.6325396850393701
 30
0
 11
4.7016503543307087
 21
-3.6345223228346457
 31
0
  0
LINE
  5
100
330
1A
100
AcDbEntity
  8
User.1
  6
CONTINUOUS
100
AcDbLine
 10
4.7016503543307087
 20
-3.6345223228346457
 30
0
 11
4.7001329527559053
 21
-3.6360397244094487
 31
0
  0
LINE
  5
101
330
1A
100
AcDbEntity
  8
User.1
  6
CONTINUOUS
100
AcDbLine
 10
4.7001329527559053
 20
-3.6360397244094487
 30
0
 11
4.6981503149606301
 21
-3.6368609842519684
 31
0
  0
LINE
  5
102
330
1A
100
AcDbEntity
  8
User.1
  6
CONTINUOUS
100
AcDbLine
 10
4.6981503149606301
 20
-3.6368609842519684
 30
0
 11
4.6960043307086616
 21
-3.6368609842519684
 31
0
  0
LINE
  5
103
330
1A
100
AcDbEntity
  8
User.1
  6
CONTINUOUS
100
AcDbLine
 10
4.6960043307086616
 20
-3.6368609842519684
 30
0
 11
4.6940216929133856
 21
-3.6360397244094487
 31
0
  0
LINE
  5
104
330
1A
100
AcDbEntity
  8
User.1
  6
CONTINUOUS
100
AcDbLine
 10
4.6940216929133856
 20
-3.6360397244094487
 30
0
 11
4.6925042913385822
 21
-3.6345223228346457
 31
0
  0
LINE
  5
105
330
1A
100
AcDbEntity
  8
User.1
  6
CONTINUOUS
100
AcDbLine
 10
4.6925042913385822
 20
-3.6345223228346457
 30
0
 11
4.6916830314960629
 21
-3.6325396850393701
 31
0
  0
LINE
  5
106
330
1A
100
AcDbEntity
  8
User.1
  6
CONTINUOUS
100
AcDbLine
 10
4.6916830314960629
 20
-3.6325396850393701
 30
0
 11
4.6916830314960629
 21
-3.630571614173228
 31
0
  0
LINE
  5
107
330
1A
100
AcDbEntity
  8
User.1
  6
CONTINUOUS
100
AcDbLine
 10
4.6916830314960629
 20
-3.630571614173228
 30
0
 11
4.6916830314960629
 21
-3.6303937007874016
 31
0
  0
LINE
  5
108
330
1A
100
AcDbEntity
  8
User.1
  6
CONTINUOUS
100
AcDbLine
 10
4.6916830314960629
 20
-3.6303937007874016
 30
0
 11
4.6925042913385822
 21
-3.628411062992126
 31
0
  0
LINE
  5
109
330
1A
100
AcDbEntity
  8
User.1
  6
CONTINUOUS
100
AcDbLine
 10
4.6925042913385822
 20
-3.628411062992126
 30
0
 11
4.6940216929133856
 21
-3.6268936614173226
 31
0
  0
LINE
  5
10A
330
1A
100
AcDbEntity
  8
User.1
  6
CONTINUOUS
100
AcDbLine
 10
4.6940216929133856
 20
-3.6268936614173226
 30
0
 11
4.6960043307086616
 21
-3.6260724015748029
 31
0
  0
LINE
  5
10B
330
1A
100
AcDbEntity
  8
User.1
  6
CONTINUOUS
100
AcDbLine
 10
4.6960043307086616
 20
-3.6260724015748029
 30
0
 11
4.6981503149606301
 21
-3.6260724015748029
 31
0
  0
LINE
  5
10C
330
1A
100
AcDbEntity
  8
User.1
  6
CONTINUOUS
100
AcDbLine
 10
4.6981503149606301
 20
-3.6260724015748029
 30
0
 11
4.7001329527559053
 21
-3.6268936614173226
 31
0
  0
LINE
  5
10D
330
1A
100
AcDbEntity
  8
User.1
  6
CONTINUOUS
100
AcDbLine
 10
4.692577362204724
 20
-3.6323617716535432
 30
0
 11
4.6932624409448822
 21
-3.6340157086614173
 31
0
  0
LINE
  5
10E
330
1A
100
AcDbEntity
  8
User.1
  6
CONTINUOUS
100
AcDbLine
 10
4.6932624409448822
 20
-3.6340157086614173
 30
0
 11
4.6945283070866139
 21
-3.6352815748031495
 31
0
  0
LINE
  5
10F
330
1A
100
AcDbEntity
  8
User.1
  6
CONTINUOUS
100
AcDbLine
 10
4.6945283070866139
 20
-3.6352815748031495
 30
0
 11
4.696182244094488
 21
-3.6359666535433068
 31
0
  0
LINE
  5
110
330
1A
100
AcDbEntity
  8
User.1
  6
CONTINUOUS
100
AcDbLine
 10
4.696182244094488
 20
-3.6359666535433068
 30
0
 11
4.6979724015748028
 21
-3.6359666535433068
 31
0
  0
LINE
  5
111
330
1A
100
AcDbEntity
  8
User.1
  6
CONTINUOUS
100
AcDbLine
 10
4.6979724015748028
 20
-3.6359666535433068
 30
0
 11
4.6996263385826769
 21
-3.6352815748031495
 31
0
  0
LINE
  5
112
330
1A
100
AcDbEntity
  8
User.1
  6
CONTINUOUS
100
AcDbLine
 10
4.6996263385826769
 20
-3.6352815748031495
 30
0
 11
4.7008922047244095
 21
-3.6340157086614173
 31
0
  0
LINE
  5
113
330
1A
100
AcDbEntity
  8
User.1
  6
CONTINUOUS
100
AcDbLine
 10
4.7008922047244095
 20
-3.6340157086614173
 30
0
 11
4.7015772834645668
 21
-3.6323617716535432
 31
0
  0
LINE
  5
114
330
1A
100
AcDbEntity
  8
User.1
  6
CONTINUOUS
100
AcDbLine
 10
4.7015772834645668
 20
-3.6323617716535432
 30
0
 11
4.7015772834645668
 21
-3.630571614173228
 31
0
  0
LINE
  5
115
330
1A
100
AcDbEntity
  8
User.1
  6
CONTINUOUS
100
AcDbLine
 10
4.7015772834645668
 20
-3.630571614173228
 30
0
 11
4.7008922047244095
 21
-3.6289176771653544
 31
0
  0
LINE
  5
116
330
1A
100
AcDbEntity
  8
User.1
  6
CONTINUOUS
100
AcDbLine
 10
4.7008922047244095
 20
-3.6289176771653544
 30
0
 11
4.6996263385826769
 21
-3.6276518110236218
 31
0
  0
LINE
  5
117
330
1A
100
AcDbEntity
  8
User.1
  6
CONTINUOUS
100
AcDbLine
 10
4.6996263385826769
 20
-3.6276518110236218
 30
0
 11
4.6979724015748028
 21
-3.6269667322834644
 31
0
  0
LINE
  5
118
330
1A
100
AcDbEntity
  8
User.1
  6
CONTINUOUS
100
AcDbLine
 10
4.6979724015748028
 20
-3.6269667322834644
 30
0
 11
4.696182244094488
 21
-3.6269667322834644
 31
0
  0
LINE
  5
119
330
1A
100
AcDbEntity
  8
User.1
  6
CONTINUOUS
100
AcDbLine
 10
4.696182244094488
 20
-3.6269667322834644
 30
0
 11
4.6945283070866139
 21
-3.6276518110236218
 31
0
  0
LINE
  5
11A
330
1A
100
AcDbEntity
  8
User.1
  6
CONTINUOUS
100
AcDbLine
 10
4.6945283070866139
 20
-3.6276518110236218
 30
0
 11
4.6932624409448822
 21
-3.6289176771653544
 31
0
  0
LINE
  5
11B
330
1A
100
AcDbEntity
  8
User.1
  6
CONTINUOUS
100
AcDbLine
 10
4.6932624409448822
 20
-3.6289176771653544
 30
0
 11
4.692577362204724
 21
-3.630571614173228
 31
0
  0
LINE
  5
11C
330
1A
100
AcDbEntity
  8
User.1
  6
CONTINUOUS
100
AcDbLine
 10
4.692577362204724
 20
-3.630571614173228
 30
0
 11
4.692577362204724
 21
-3.6323617716535432
 31
0
  0
LINE
  5
11D
330
1A
100
AcDbEntity
  8
User.1
  6
CONTINUOUS
100
AcDbLine
 10
5.2978497637795279
 20
-3.5746001968503935
 30
0
 11
5.2993672047244091
 21
-3.5761176377952757
 31
0
  0
LINE
  5
11E
330
1A
100
AcDbEntity
  8
User.1
  6
CONTINUOUS
100
AcDbLine
 10
5.2993672047244091
 20
-3.5761176377952757
 30
0
 11
5.3001884645669293
 21
-3.5781002755905509
 31
0
  0
LINE
  5
11F
330
1A
100
AcDbEntity
  8
User.1
  6
CONTINUOUS
100
AcDbLine
 10
5.3001884645669293
 20
-3.5781002755905509
 30
0
 11
5.3001884645669293
 21
-3.5802462598425198
 31
0
  0
LINE
  5
120
330
1A
100
AcDbEntity
  8
User.1
  6
CONTINUOUS
100
AcDbLine
 10
5.3001884645669293
 20
-3.5802462598425198
 30
0
 11
5.2993672047244091
 21
-3.5822288976377954
 31
0
  0
LINE
  5
121
330
1A
100
AcDbEntity
  8
User.1
  6
CONTINUOUS
100
AcDbLine
 10
5.2993672047244091
 20
-3.5822288976377954
 30
0
 11
5.2978497637795279
 21
-3.5837463385826771
 31
0
  0
LINE
  5
122
330
1A
100
AcDbEntity
  8
User.1
  6
CONTINUOUS
100
AcDbLine
 10
5.2978497637795279
 20
-3.5837463385826771
 30
0
 11
5.2958671259842518
 21
-3.5845675984251968
 31
0
  0
LINE
  5
123
330
1A
100
AcDbEntity
  8
User.1
  6
CONTINUOUS
100
AcDbLine
 10
5.2958671259842518
 20
-3.5845675984251968
 30
0
 11
5.2937211417322834
 21
-3.5845675984251968
 31
0
  0
LINE
  5
124
330
1A
100
AcDbEntity
  8
User.1
  6
CONTINUOUS
100
AcDbLine
 10
5.2937211417322834
 20
-3.5845675984251968
 30
0
 11
5.2917385039370082
 21
-3.5837463385826771
 31
0
  0
LINE
  5
125
330
1A
100
AcDbEntity
  8
User.1
  6
CONTINUOUS
100
AcDbLine
 10
5.2917385039370082
 20
-3.5837463385826771
 30
0
 11
5.290221062992126
 21
-3.5822288976377954
 31
0
  0
LINE
  5
126
330
1A
100
AcDbEntity
  8
User.1
  6
CONTINUOUS
100
AcDbLine
 10
5.290221062992126
 20
-3.5822288976377954
 30
0
 11
5.2893998031496059
 21
-3.5802462598425198
 31
0
  0
LINE
  5
127
330
1A
100
AcDbEntity
  8
User.1
  6
CONTINUOUS
100
AcDbLine
 10
5.2893998031496059
 20
-3.5802462598425198
 30
0
 11
5.2893998031496059
 21
-3.578278149606299
 31
0
  0
LINE
  5
128
330
1A
100
AcDbEntity
  8
User.1
  6
CONTINUOUS
100
AcDbLine
 10
5.2893998031496059
 20
-3.578278149606299
 30
0
 11
5.2893998031496059
 21
-3.5781002755905509
 31
0
  0
LINE
  5
129
330
1A
100
AcDbEntity
  8
User.1
  6
CONTINUOUS
100
AcDbLine
 10
5.2893998031496059
 20
-3.5781002755905509
 30
0
 11
5.290221062992126
 21
-3.5761176377952757
 31
0
  0
LINE
  5
12A
330
1A
100
AcDbEntity
  8
User.1
  6
CONTINUOUS
100
AcDbLine
 10
5.290221062992126
 20
-3.5761176377952757
 30
0
 11
5.2917385039370082
 21
-3.5746001968503935
 31
0
  0
LINE
  5
12B
330
1A
100
AcDbEntity
  8
User.1
  6
CONTINUOUS
100
AcDbLine
 10
5.2917385039370082
 20
-3.5746001968503935
 30
0
 11
5.2937211417322834
 21
-3.5737789370078739
 31
0
  0
LINE
  5
12C
330
1A
100
AcDbEntity
  8
User.1
  6
CONTINUOUS
100
AcDbLine
 10
5.2937211417322834
 20
-3.5737789370078739
 30
0
 11
5.2958671259842518
 21
-3.5737789370078739
 31
0
  0
LINE
  5
12D
330
1A
100
AcDbEntity
  8
User.1
  6
CONTINUOUS
100
AcDbLine
 10
5.2958671259842518
 20
-3.5737789370078739
 30
0
 11
5.2978497637795279
 21
-3.5746001968503935
 31
0
  0
LINE
  5
12E
330
1A
100
AcDbEntity
  8
User.1
  6
CONTINUOUS
100
AcDbLine
 10
5.2902941338582679
 20
-3.5800683858267717
 30
0
 11
5.2909792125984252
 21
-3.5817223228346458
 31
0
  0
LINE
  5
12F
330
1A
100
AcDbEntity
  8
User.1
  6
CONTINUOUS
100
AcDbLine
 10
5.2909792125984252
 20
-3.5817223228346458
 30
0
 11
5.2922450787401569
 21
-3.5829881889763779
 31
0
  0
LINE
  5
130
330
1A
100
AcDbEntity
  8
User.1
  6
CONTINUOUS
100
AcDbLine
 10
5.2922450787401569
 20
-3.5829881889763779
 30
0
 11
5.293899015748031
 21
-3.5836732677165353
 31
0
  0
LINE
  5
131
330
1A
100
AcDbEntity
  8
User.1
  6
CONTINUOUS
100
AcDbLine
 10
5.293899015748031
 20
-3.5836732677165353
 30
0
 11
5.2956892519685042
 21
-3.5836732677165353
 31
0
  0
LINE
  5
132
330
1A
100
AcDbEntity
  8
User.1
  6
CONTINUOUS
100
AcDbLine
 10
5.2956892519685042
 20
-3.5836732677165353
 30
0
 11
5.2973431889763782
 21
-3.5829881889763779
 31
0
  0
LINE
  5
133
330
1A
100
AcDbEntity
  8
User.1
  6
CONTINUOUS
100
AcDbLine
 10
5.2973431889763782
 20
-3.5829881889763779
 30
0
 11
5.29860905511811
 21
-3.5817223228346458
 31
0
  0
LINE
  5
134
330
1A
100
AcDbEntity
  8
User.1
  6
CONTINUOUS
100
AcDbLine
 10
5.29860905511811
 20
-3.5817223228346458
 30
0
 11
5.2992941338582673
 21
-3.5800683858267717
 31
0
  0
LINE
  5
135
330
1A
100
AcDbEntity
  8
User.1
  6
CONTINUOUS
100
AcDbLine
 10
5.2992941338582673
 20
-3.5800683858267717
 30
0
 11
5.2992941338582673
 21
-3.578278149606299
 31
0
  0
LINE
  5
136
330
1A
100
AcDbEntity
  8
User.1
  6
CONTINUOUS
100
AcDbLine
 10
5.2992941338582673
 20
-3.578278149606299
 30
0
 11
5.29860905511811
 21
-3.5766242125984253
 31
0
  0
LINE
  5
137
330
1A
100
AcDbEntity
  8
User.1
  6
CONTINUOUS
100
AcDbLine
 10
5.29860905511811
 20
-3.5766242125984253
 30
0
 11
5.2973431889763782
 21
-3.5753583464566927
 31
0
  0
LINE
  5
138
330
1A
100
AcDbEntity
  8
User.1
  6
CONTINUOUS
100
AcDbLine
 10
5.2973431889763782
 20
-3.5753583464566927
 30
0
 11
5.2956892519685042
 21
-3.5746732677165354
 31
0
  0
LINE
  5
139
330
1A
100
AcDbEntity
  8
User.1
  6
CONTINUOUS
100
AcDbLine
 10
5.2956892519685042
 20
-3.5746732677165354
 30
0
 11
5.293899015748031
 21
-3.5746732677165354
 31
0
  0
LINE
  5
13A
330
1A
100
AcDbEntity
  8
User.1
  6
CONTINUOUS
100
AcDbLine
 10
5.293899015748031
 20
-3.5746732677165354
 30
0
 11
5.2922450787401569
 21
-3.5753583464566927
 31
0
  0
LINE
  5
13B
330
1A
100
AcDbEntity
  8
User.1
  6
CONTINUOUS
100
AcDbLine
 10
5.2922450787401569
 20
-3.5753583464566927
 30
0
 11
5.2909792125984252
 21
-3.5766242125984253
 31
0
  0
LINE
  5
13C
330
1A
100
AcDbEntity
  8
User.1
  6
CONTINUOUS
100
AcDbLine
 10
5.2909792125984252
 20
-3.5766242125984253
 30
0
 11
5.2902941338582679
 21
-3.578278149606299
 31
0
  0
LINE
  5
13D
330
1A
100
AcDbEntity
  8
User.1
  6
CONTINUOUS
100
AcDbLine
 10
5.2902941338582679
 20
-3.578278149606299
 30
0
 11
5.2902941338582679
 21
-3.5800683858267717
 31
0
  0
LINE
  5
13E
330
1A
100
AcDbEntity
  8
User.1
  6
CONTINUOUS
100
AcDbLine
 10
4.6914173622047244
 20
-3.5272741732283466
 30
0
 11
4.6929348031496065
 21
-3.5287916141732283
 31
0
  0
LINE
  5
13F
330
1A
100
AcDbEntity
  8
User.1
  6
CONTINUOUS
100
AcDbLine
 10
4.6929348031496065
 20
-3.5287916141732283
 30
0
 11
4.6937560629921258
 21
-3.5307742519685039
 31
0
  0
LINE
  5
140
330
1A
100
AcDbEntity
  8
User.1
  6
CONTINUOUS
100
AcDbLine
 10
4.6937560629921258
 20
-3.5307742519685039
 30
0
 11
4.6937560629921258
 21
-3.5329202362204724
 31
0
  0
LINE
  5
141
330
1A
100
AcDbEntity
  8
User.1
  6
CONTINUOUS
100
AcDbLine
 10
4.6937560629921258
 20
-3.5329202362204724
 30
0
 11
4.6929348031496065
 21
-3.534902874015748
 31
0
  0
LINE
  5
142
330
1A
100
AcDbEntity
  8
User.1
  6
CONTINUOUS
100
AcDbLine
 10
4.6929348031496065
 20
-3.534902874015748
 30
0
 11
4.6914173622047244
 21
-3.5364203149606297
 31
0
  0
LINE
  5
143
330
1A
100
AcDbEntity
  8
User.1
  6
CONTINUOUS
100
AcDbLine
 10
4.6914173622047244
 20
-3.5364203149606297
 30
0
 11
4.6894347244094483
 21
-3.5372415748031494
 31
0
  0
LINE
  5
144
330
1A
100
AcDbEntity
  8
User.1
  6
CONTINUOUS
100
AcDbLine
 10
4.6894347244094483
 20
-3.5372415748031494
 30
0
 11
4.6872887401574799
 21
-3.5372415748031494
 31
0
  0
LINE
  5
145
330
1A
100
AcDbEntity
  8
User.1
  6
CONTINUOUS
100
AcDbLine
 10
4.6872887401574799
 20
-3.5372415748031494
 30
0
 11
4.6853061023622047
 21
-3.5364203149606297
 31
0
  0
LINE
  5
146
330
1A
100
AcDbEntity
  8
User.1
  6
CONTINUOUS
100
AcDbLine
 10
4.6853061023622047
 20
-3.5364203149606297
 30
0
 11
4.6837886614173225
 21
-3.534902874015748
 31
0
  0
LINE
  5
147
330
1A
100
AcDbEntity
  8
User.1
  6
CONTINUOUS
100
AcDbLine
 10
4.6837886614173225
 20
-3.534902874015748
 30
0
 11
4.6829674015748033
 21
-3.5329202362204724
 31
0
  0
LINE
  5
148
330
1A
100
AcDbEntity
  8
User.1
  6
CONTINUOUS
100
AcDbLine
 10
4.6829674015748033
 20
-3.5329202362204724
 30
0
 11
4.6829674015748033
 21
-3.530952125984252
 31
0
  0
LINE
  5
149
330
1A
100
AcDbEntity
  8
User.1
  6
CONTINUOUS
100
AcDbLine
 10
4.6829674015748033
 20
-3.530952125984252
 30
0
 11
4.6829674015748033
 21
-3.5307742519685039
 31
0
  0
LINE
  5
14A
330
1A
100
AcDbEntity
  8
User.1
  6
CONTINUOUS
100
AcDbLine
 10
4.6829674015748033
 20
-3.5307742519685039
 30
0
 11
4.6837886614173225
 21
-3.5287916141732283
 31
0
  0
LINE
  5
14B
330
1A
100
AcDbEntity
  8
User.1
  6
CONTINUOUS
100
AcDbLine
 10
4.6837886614173225
 20
-3.5287916141732283
 30
0
 11
4.6853061023622047
 21
-3.5272741732283466
 31
0
  0
LINE
  5
14C
330
1A
100
AcDbEntity
  8
User.1
  6
CONTINUOUS
100
AcDbLine
 10
4.6853061023622047
 20
-3.5272741732283466
 30
0
 11
4.6872887401574799
 21
-3.5264529133858269
 31
0
  0
LINE
  5
14D
330
1A
100
AcDbEntity
  8
User.1
  6
CONTINUOUS
100
AcDbLine
 10
4.6872887401574799
 20
-3.5264529133858269
 30
0
 11
4.6894347244094483
 21
-3.5264529133858269
 31
0
  0
LINE
  5
14E
330
1A
100
AcDbEntity
  8
User.1
  6
CONTINUOUS
100
AcDbLine
 10
4.6894347244094483
 20
-3.5264529133858269
 30
0
 11
4.6914173622047244
 21
-3.5272741732283466
 31
0
  0
LINE
  5
14F
330
1A
100
AcDbEntity
  8
User.1
  6
CONTINUOUS
100
AcDbLine
 10
4.6838617322834644
 20
-3.5327423622047243
 30
0
 11
4.6845468110236217
 21
-3.5343962992125983
 31
0
  0
LINE
  5
150
330
1A
100
AcDbEntity
  8
User.1
  6
CONTINUOUS
100
AcDbLine
 10
4.6845468110236217
 20
-3.5343962992125983
 30
0
 11
4.6858126771653543
 21
-3.5356621653543305
 31
0
  0
LINE
  5
151
330
1A
100
AcDbEntity
  8
User.1
  6
CONTINUOUS
100
AcDbLine
 10
4.6858126771653543
 20
-3.5356621653543305
 30
0
 11
4.6874666141732284
 21
-3.5363472440944883
 31
0
  0
LINE
  5
152
330
1A
100
AcDbEntity
  8
User.1
  6
CONTINUOUS
100
AcDbLine
 10
4.6874666141732284
 20
-3.5363472440944883
 30
0
 11
4.6892568503937007
 21
-3.5363472440944883
 31
0
  0
LINE
  5
153
330
1A
100
AcDbEntity
  8
User.1
  6
CONTINUOUS
100
AcDbLine
 10
4.6892568503937007
 20
-3.5363472440944883
 30
0
 11
4.6909107874015747
 21
-3.5356621653543305
 31
0
  0
LINE
  5
154
330
1A
100
AcDbEntity
  8
User.1
  6
CONTINUOUS
100
AcDbLine
 10
4.6909107874015747
 20
-3.5356621653543305
 30
0
 11
4.6921766535433074
 21
-3.5343962992125983
 31
0
  0
LINE
  5
155
330
1A
100
AcDbEntity
  8
User.1
  6
CONTINUOUS
100
AcDbLine
 10
4.6921766535433074
 20
-3.5343962992125983
 30
0
 11
4.6928617322834647
 21
-3.5327423622047243
 31
0
  0
LINE
  5
156
330
1A
100
AcDbEntity
  8
User.1
  6
CONTINUOUS
100
AcDbLine
 10
4.6928617322834647
 20
-3.5327423622047243
 30
0
 11
4.6928617322834647
 21
-3.530952125984252
 31
0
  0
LINE
  5
157
330
1A
100
AcDbEntity
  8
User.1
  6
CONTINUOUS
100
AcDbLine
 10
4.6928617322834647
 20
-3.530952125984252
 30
0
 11
4.6921766535433074
 21
-3.5292981889763779
 31
0
  0
LINE
  5
158
330
1A
100
AcDbEntity
  8
User.1
  6
CONTINUOUS
100
AcDbLine
 10
4.6921766535433074
 20
-3.5292981889763779
 30
0
 11
4.6909107874015747
 21
-3.5280323228346457
 31
0
  0
LINE
  5
159
330
1A
100
AcDbEntity
  8
User.1
  6
CONTINUOUS
100
AcDbLine
 10
4.6909107874015747
 20
-3.5280323228346457
 30
0
 11
4.6892568503937007
 21
-3.527347244094488
 31
0
  0
LINE
  5
15A
330
1A
100
AcDbEntity
  8
User.1
  6
CONTINUOUS
100
AcDbLine
 10
4.6892568503937007
 20
-3.527347244094488
 30
0
 11
4.6874666141732284
 21
-3.527347244094488
 31
0
  0
LINE
  5
15B
330
1A
100
AcDbEntity
  8
User.1
  6
CONTINUOUS
100
AcDbLine
 10
4.6874666141732284
 20
-3.527347244094488
 30
0
 11
4.6858126771653543
 21
-3.5280323228346457
 31
0
  0
LINE
  5
15C
330
1A
100
AcDbEntity
  8
User.1
  6
CONTINUOUS
100
AcDbLine
 10
4.6858126771653543
 20
-3.5280323228346457
 30
0
 11
4.6845468110236217
 21
-3.5292981889763779
 31
0
  0
LINE
  5
15D
330
1A
100
AcDbEntity
  8
User.1
  6
CONTINUOUS
100
AcDbLine
 10
4.6845468110236217
 20
-3.5292981889763779
 30
0
 11
4.6838617322834644
 21
-3.530952125984252
 31
0
  0
LINE
  5
15E
330
1A
100
AcDbEntity
  8
User.1
  6
CONTINUOUS
100
AcDbLine
 10
4.6838617322834644
 20
-3.530952125984252
 30
0
 11
4.6838617322834644
 21
-3.5327423622047243
 31
0
  0
LINE
  5
15F
330
1A
100
AcDbEntity
  8
User.1
  6
CONTINUOUS
100
AcDbLine
 10
5.2891341732283461
 20
-3.4749807480314958
 30
0
 11
5.2906516141732283
 21
-3.476498188976378
 31
0
  0
LINE
  5
160
330
1A
100
AcDbEntity
  8
User.1
  6
CONTINUOUS
100
AcDbLine
 10
5.2906516141732283
 20
-3.476498188976378
 30
0
 11
5.2914728346456688
 21
-3.4784807874015748
 31
0
  0
LINE
  5
161
330
1A
100
AcDbEntity
  8
User.1
  6
CONTINUOUS
100
AcDbLine
 10
5.2914728346456688
 20
-3.4784807874015748
 30
0
 11
5.2914728346456688
 21
-3.4806267716535433
 31
0
  0
LINE
  5
162
330
1A
100
AcDbEntity
  8
User.1
  6
CONTINUOUS
100
AcDbLine
 10
5.2914728346456688
 20
-3.4806267716535433
 30
0
 11
5.2906516141732283
 21
-3.4826093700787402
 31
0
  0
LINE
  5
163
330
1A
100
AcDbEntity
  8
User.1
  6
CONTINUOUS
100
AcDbLine
 10
5.2906516141732283
 20
-3.4826093700787402
 30
0
 11
5.2891341732283461
 21
-3.4841268110236219
 31
0
  0
LINE
  5
164
330
1A
100
AcDbEntity
  8
User.1
  6
CONTINUOUS
100
AcDbLine
 10
5.2891341732283461
 20
-3.4841268110236219
 30
0
 11
5.2871515748031497
 21
-3.4849480314960628
 31
0
  0
LINE
  5
165
330
1A
100
AcDbEntity
  8
User.1
  6
CONTINUOUS
100
AcDbLine
 10
5.2871515748031497
 20
-3.4849480314960628
 30
0
 11
5.2850055905511812
 21
-3.4849480314960628
 31
0
  0
LINE
  5
166
330
1A
100
AcDbEntity
  8
User.1
  6
CONTINUOUS
100
AcDbLine
 10
5.2850055905511812
 20
-3.4849480314960628
 30
0
 11
5.2830229921259839
 21
-3.4841268110236219
 31
0
  0
LINE
  5
167
330
1A
100
AcDbEntity
  8
User.1
  6
CONTINUOUS
100
AcDbLine
 10
5.2830229921259839
 20
-3.4841268110236219
 30
0
 11
5.2815055511811027
 21
-3.4826093700787402
 31
0
  0
LINE
  5
168
330
1A
100
AcDbEntity
  8
User.1
  6
CONTINUOUS
100
AcDbLine
 10
5.2815055511811027
 20
-3.4826093700787402
 30
0
 11
5.2806843307086613
 21
-3.4806267716535433
 31
0
  0
LINE
  5
169
330
1A
100
AcDbEntity
  8
User.1
  6
CONTINUOUS
100
AcDbLine
 10
5.2806843307086613
 20
-3.4806267716535433
 30
0
 11
5.2806843307086613
 21
-3.4786587007874017
 31
0
  0
LINE
  5
16A
330
1A
100
AcDbEntity
  8
User.1
  6
CONTINUOUS
100
AcDbLine
 10
5.2806843307086613
 20
-3.4786587007874017
 30
0
 11
5.2806843307086613
 21
-3.4784807874015748
 31
0
  0
LINE
  5
16B
330
1A
100
AcDbEntity
  8
User.1
  6
CONTINUOUS
100
AcDbLine
 10
5.2806843307086613
 20
-3.4784807874015748
 30
0
 11
5.2815055511811027
 21
-3.476498188976378
 31
0
  0
LINE
  5
16C
330
1A
100
AcDbEntity
  8
User.1
  6
CONTINUOUS
100
AcDbLine
 10
5.2815055511811027
 20
-3.476498188976378
 30
0
 11
5.2830229921259839
 21
-3.4749807480314958
 31
0
  0
LINE
  5
16D
330
1A
100
AcDbEntity
  8
User.1
  6
CONTINUOUS
100
AcDbLine
 10
5.2830229921259839
 20
-3.4749807480314958
 30
0
 11
5.2850055905511812
 21
-3.4741595275590549
 31
0
  0
LINE
  5
16E
330
1A
100
AcDbEntity
  8
User.1
  6
CONTINUOUS
100
AcDbLine
 10
5.2850055905511812
 20
-3.4741595275590549
 30
0
 11
5.2871515748031497
 21
-3.4741595275590549
 31
0
  0
LINE
  5
16F
330
1A
100
AcDbEntity
  8
User.1
  6
CONTINUOUS
100
AcDbLine
 10
5.2871515748031497
 20
-3.4741595275590549
 30
0
 11
5.2891341732283461
 21
-3.4749807480314958
 31
0
  0
LINE
  5
170
330
1A
100
AcDbEntity
  8
User.1
  6
CONTINUOUS
100
AcDbLine
 10
5.2815786614173224
 20
-3.4804488582677164
 30
0
 11
5.2822637401574806
 21
-3.4821027559055118
 31
0
  0
LINE
  5
171
330
1A
100
AcDbEntity
  8
User.1
  6
CONTINUOUS
100
AcDbLine
 10
5.2822637401574806
 20
-3.4821027559055118
 30
0
 11
5.2835296062992123
 21
-3.483368622047244
 31
0
  0
LINE
  5
172
330
1A
100
AcDbEntity
  8
User.1
  6
CONTINUOUS
100
AcDbLine
 10
5.2835296062992123
 20
-3.483368622047244
 30
0
 11
5.2851835039370076
 21
-3.4840537007874013
 31
0
  0
LINE
  5
173
330
1A
100
AcDbEntity
  8
User.1
  6
CONTINUOUS
100
AcDbLine
 10
5.2851835039370076
 20
-3.4840537007874013
 30
0
 11
5.2869736614173224
 21
-3.4840537007874013
 31
0
  0
LINE
  5
174
330
1A
100
AcDbEntity
  8
User.1
  6
CONTINUOUS
100
AcDbLine
 10
5.2869736614173224
 20
-3.4840537007874013
 30
0
 11
5.2886275590551177
 21
-3.483368622047244
 31
0
  0
LINE
  5
175
330
1A
100
AcDbEntity
  8
User.1
  6
CONTINUOUS
100
AcDbLine
 10
5.2886275590551177
 20
-3.483368622047244
 30
0
 11
5.2898934251968504
 21
-3.4821027559055118
 31
0
  0
LINE
  5
176
330
1A
100
AcDbEntity
  8
User.1
  6
CONTINUOUS
100
AcDbLine
 10
5.2898934251968504
 20
-3.4821027559055118
 30
0
 11
5.2905785039370077
 21
-3.4804488582677164
 31
0
  0
LINE
  5
177
330
1A
100
AcDbEntity
  8
User.1
  6
CONTINUOUS
100
AcDbLine
 10
5.2905785039370077
 20
-3.4804488582677164
 30
0
 11
5.2905785039370077
 21
-3.4786587007874017
 31
0
  0
LINE
  5
178
330
1A
100
AcDbEntity
  8
User.1
  6
CONTINUOUS
100
AcDbLine
 10
5.2905785039370077
 20
-3.4786587007874017
 30
0
 11
5.2898934251968504
 21
-3.4770048031496064
 31
0
  0
LINE
  5
179
330
1A
100
AcDbEntity
  8
User.1
  6
CONTINUOUS
100
AcDbLine
 10
5.2898934251968504
 20
-3.4770048031496064
 30
0
 11
5.2886275590551177
 21
-3.4757389370078737
 31
0
  0
LINE
  5
17A
330
1A
100
AcDbEntity
  8
User.1
  6
CONTINUOUS
100
AcDbLine
 10
5.2886275590551177
 20
-3.4757389370078737
 30
0
 11
5.2869736614173224
 21
-3.4750538582677164
 31
0
  0
LINE
  5
17B
330
1A
100
AcDbEntity
  8
User.1
  6
CONTINUOUS
100
AcDbLine
 10
5.2869736614173224
 20
-3.4750538582677164
 30
0
 11
5.2851835039370076
 21
-3.4750538582677164
 31
0
  0
LINE
  5
17C
330
1A
100
AcDbEntity
  8
User.1
  6
CONTINUOUS
100
AcDbLine
 10
5.2851835039370076
 20
-3.4750538582677164
 30
0
 11
5.2835296062992123
 21
-3.4757389370078737
 31
0
  0
LINE
  5
17D
330
1A
100
AcDbEntity
  8
User.1
  6
CONTINUOUS
100
AcDbLine
 10
5.2835296062992123
 20
-3.4757389370078737
 30
0
 11
5.2822637401574806
 21
-3.4770048031496064
 31
0
  0
LINE
  5
17E
330
1A
100
AcDbEntity
  8
User.1
  6
CONTINUOUS
100
AcDbLine
 10
5.2822637401574806
 20
-3.4770048031496064
 30
0
 11
5.2815786614173224
 21
-3.4786587007874017
 31
0
  0
LINE
  5
17F
330
1A
100
AcDbEntity
  8
User.1
  6
CONTINUOUS
100
AcDbLine
 10
5.2815786614173224
 20
-3.4786587007874017
 30
0
 11
5.2815786614173224
 21
-3.4804488582677164
 31
0
  0
LINE
  5
180
330
1A
100
AcDbEntity
  8
User.1
  6
CONTINUOUS
100
AcDbLine
 10
4.6827018110236223
 20
-3.4276546850393701
 30
0
 11
4.6842192519685035
 21
-3.4291721259842518
 31
0
  0
LINE
  5
181
330
1A
100
AcDbEntity
  8
User.1
  6
CONTINUOUS
100
AcDbLine
 10
4.6842192519685035
 20
-3.4291721259842518
 30
0
 11
4.6850405118110237
 21
-3.4311547637795274
 31
0
  0
LINE
  5
182
330
1A
100
AcDbEntity
  8
User.1
  6
CONTINUOUS
100
AcDbLine
 10
4.6850405118110237
 20
-3.4311547637795274
 30
0
 11
4.6850405118110237
 21
-3.4333007480314959
 31
0
  0
LINE
  5
183
330
1A
100
AcDbEntity
  8
User.1
  6
CONTINUOUS
100
AcDbLine
 10
4.6850405118110237
 20
-3.4333007480314959
 30
0
 11
4.6842192519685035
 21
-3.4352833858267715
 31
0
  0
LINE
  5
184
330
1A
100
AcDbEntity
  8
User.1
  6
CONTINUOUS
100
AcDbLine
 10
4.6842192519685035
 20
-3.4352833858267715
 30
0
 11
4.6827018110236223
 21
-3.4368008267716537
 31
0
  0
LINE
  5
185
330
1A
100
AcDbEntity
  8
User.1
  6
CONTINUOUS
100
AcDbLine
 10
4.6827018110236223
 20
-3.4368008267716537
 30
0
 11
4.6807191732283462
 21
-3.4376220866141733
 31
0
  0
LINE
  5
186
330
1A
100
AcDbEntity
  8
User.1
  6
CONTINUOUS
100
AcDbLine
 10
4.6807191732283462
 20
-3.4376220866141733
 30
0
 11
4.6785731889763778
 21
-3.4376220866141733
 31
0
  0
LINE
  5
187
330
1A
100
AcDbEntity
  8
User.1
  6
CONTINUOUS
100
AcDbLine
 10
4.6785731889763778
 20
-3.4376220866141733
 30
0
 11
4.6765905511811026
 21
-3.4368008267716537
 31
0
  0
LINE
  5
188
330
1A
100
AcDbEntity
  8
User.1
  6
CONTINUOUS
100
AcDbLine
 10
4.6765905511811026
 20
-3.4368008267716537
 30
0
 11
4.6750731102362204
 21
-3.4352833858267715
 31
0
  0
LINE
  5
189
330
1A
100
AcDbEntity
  8
User.1
  6
CONTINUOUS
100
AcDbLine
 10
4.6750731102362204
 20
-3.4352833858267715
 30
0
 11
4.6742518503937003
 21
-3.4333007480314959
 31
0
  0
LINE
  5
18A
330
1A
100
AcDbEntity
  8
User.1
  6
CONTINUOUS
100
AcDbLine
 10
4.6742518503937003
 20
-3.4333007480314959
 30
0
 11
4.6742518503937003
 21
-3.4313326377952755
 31
0
  0
LINE
  5
18B
330
1A
100
AcDbEntity
  8
User.1
  6
CONTINUOUS
100
AcDbLine
 10
4.6742518503937003
 20
-3.4313326377952755
 30
0
 11
4.6742518503937003
 21
-3.4311547637795274
 31
0
  0
LINE
  5
18C
330
1A
100
AcDbEntity
  8
User.1
  6
CONTINUOUS
100
AcDbLine
 10
4.6742518503937003
 20
-3.4311547637795274
 30
0
 11
4.6750731102362204
 21
-3.4291721259842518
 31
0
  0
LINE
  5
18D
330
1A
100
AcDbEntity
  8
User.1
  6
CONTINUOUS
100
AcDbLine
 10
4.6750731102362204
 20
-3.4291721259842518
 30
0
 11
4.6765905511811026
 21
-3.4276546850393701
 31
0
  0
LINE
  5
18E
330
1A
100
AcDbEntity
  8
User.1
  6
CONTINUOUS
100
AcDbLine
 10
4.6765905511811026
 20
-3.4276546850393701
 30
0
 11
4.6785731889763778
 21
-3.4268334251968504
 31
0
  0
LINE
  5
18F
330
1A
100
AcDbEntity
  8
User.1
  6
CONTINUOUS
100
AcDbLine
 10
4.6785731889763778
 20
-3.4268334251968504
 30
0
 11
4.6807191732283462
 21
-3.4268334251968504
 31
0
  0
LINE
  5
190
330
1A
100
AcDbEntity
  8
User.1
  6
CONTINUOUS
100
AcDbLine
 10
4.6807191732283462
 20
-3.4268334251968504
 30
0
 11
4.6827018110236223
 21
-3.4276546850393701
 31
0
  0
LINE
  5
191
330
1A
100
AcDbEntity
  8
User.1
  6
CONTINUOUS
100
AcDbLine
 10
4.6751461811023622
 20
-3.4331228740157478
 30
0
 11
4.6758312598425196
 21
-3.4347768110236219
 31
0
  0
LINE
  5
192
330
1A
100
AcDbEntity
  8
User.1
  6
CONTINUOUS
100
AcDbLine
 10
4.6758312598425196
 20
-3.4347768110236219
 30
0
 11
4.6770971259842522
 21
-3.4360426771653541
 31
0
  0
LINE
  5
193
330
1A
100
AcDbEntity
  8
User.1
  6
CONTINUOUS
100
AcDbLine
 10
4.6770971259842522
 20
-3.4360426771653541
 30
0
 11
4.6787510629921263
 21
-3.4367277559055118
 31
0
  0
LINE
  5
194
330
1A
100
AcDbEntity
  8
User.1
  6
CONTINUOUS
100
AcDbLine
 10
4.6787510629921263
 20
-3.4367277559055118
 30
0
 11
4.6805412992125985
 21
-3.4367277559055118
 31
0
  0
LINE
  5
195
330
1A
100
AcDbEntity
  8
User.1
  6
CONTINUOUS
100
AcDbLine
 10
4.6805412992125985
 20
-3.4367277559055118
 30
0
 11
4.6821952362204726
 21
-3.4360426771653541
 31
0
  0
LINE
  5
196
330
1A
100
AcDbEntity
  8
User.1
  6
CONTINUOUS
100
AcDbLine
 10
4.6821952362204726
 20
-3.4360426771653541
 30
0
 11
4.6834611023622044
 21
-3.4347768110236219
 31
0
  0
LINE
  5
197
330
1A
100
AcDbEntity
  8
User.1
  6
CONTINUOUS
100
AcDbLine
 10
4.6834611023622044
 20
-3.4347768110236219
 30
0
 11
4.6841461811023617
 21
-3.4331228740157478
 31
0
  0
LINE
  5
198
330
1A
100
AcDbEntity
  8
User.1
  6
CONTINUOUS
100
AcDbLine
 10
4.6841461811023617
 20
-3.4331228740157478
 30
0
 11
4.6841461811023617
 21
-3.4313326377952755
 31
0
  0
LINE
  5
199
330
1A
100
AcDbEntity
  8
User.1
  6
CONTINUOUS
100
AcDbLine
 10
4.6841461811023617
 20
-3.4313326377952755
 30
0
 11
4.6834611023622044
 21
-3.4296787007874014
 31
0
  0
LINE
  5
19A
330
1A
100
AcDbEntity
  8
User.1
  6
CONTINUOUS
100
AcDbLine
 10
4.6834611023622044
 20
-3.4296787007874014
 30
0
 11
4.6821952362204726
 21
-3.4284128346456693
 31
0
  0
LINE
  5
19B
330
1A
100
AcDbEntity
  8
User.1
  6
CONTINUOUS
100
AcDbLine
 10
4.6821952362204726
 20
-3.4284128346456693
 30
0
 11
4.6805412992125985
 21
-3.4277277559055119
 31
0
  0
LINE
  5
19C
330
1A
100
AcDbEntity
  8
User.1
  6
CONTINUOUS
100
AcDbLine
 10
4.6805412992125985
 20
-3.4277277559055119
 30
0
 11
4.6787510629921263
 21
-3.4277277559055119
 31
0
  0
LINE
  5
19D
330
1A
100
AcDbEntity
  8
User.1
  6
CONTINUOUS
100
AcDbLine
 10
4.6787510629921263
 20
-3.4277277559055119
 30
0
 11
4.6770971259842522
 21
-3.4284128346456693
 31
0
  0
LINE
  5
19E
330
1A
100
AcDbEntity
  8
User.1
  6
CONTINUOUS
100
AcDbLine
 10
4.6770971259842522
 20
-3.4284128346456693
 30
0
 11
4.6758312598425196
 21
-3.4296787007874014
 31
0
  0
LINE
  5
19F
330
1A
100
AcDbEntity
  8
User.1
  6
CONTINUOUS
100
AcDbLine
 10
4.6758312598425196
 20
-3.4296787007874014
 30
0
 11
4.6751461811023622
 21
-3.4313326377952755
 31
0
  0
LINE
  5
1A0
330
1A
100
AcDbEntity
  8
User.1
  6
CONTINUOUS
100
AcDbLine
 10
4.6751461811023622
 20
-3.4313326377952755
 30
0
 11
4.6751461811023622
 21
-3.4331228740157478
 31
0
  0
LINE
  5
1A1
330
1A
100
AcDbEntity
  8
User.1
  6
CONTINUOUS
100
AcDbLine
 10
5.280418622047244
 20
-3.3753612598425198
 30
0
 11
5.2819360629921261
 21
-3.3768787007874015
 31
0
  0
LINE
  5
1A2
330
1A
100
AcDbEntity
  8
User.1
  6
CONTINUOUS
100
AcDbLine
 10
5.2819360629921261
 20
-3.3768787007874015
 30
0
 11
5.2827573228346454
 21
-3.3788613385826771
 31
0
  0
LINE
  5
1A3
330
1A
100
AcDbEntity
  8
User.1
  6
CONTINUOUS
100
AcDbLine
 10
5.2827573228346454
 20
-3.3788613385826771
 30
0
 11
5.2827573228346454
 21
-3.3810073228346456
 31
0
  0
LINE
  5
1A4
330
1A
100
AcDbEntity
  8
User.1
  6
CONTINUOUS
100
AcDbLine
 10
5.2827573228346454
 20
-3.3810073228346456
 30
0
 11
5.2819360629921261
 21
-3.3829899606299212
 31
0
  0
LINE
  5
1A5
330
1A
100
AcDbEntity
  8
User.1
  6
CONTINUOUS
100
AcDbLine
 10
5.2819360629921261
 20
-3.3829899606299212
 30
0
 11
5.280418622047244
 21
-3.3845074015748029
 31
0
  0
LINE
  5
1A6
330
1A
100
AcDbEntity
  8
User.1
  6
CONTINUOUS
100
AcDbLine
 10
5.280418622047244
 20
-3.3845074015748029
 30
0
 11
5.2784359842519688
 21
-3.3853286614173226
 31
0
  0
LINE
  5
1A7
330
1A
100
AcDbEntity
  8
User.1
  6
CONTINUOUS
100
AcDbLine
 10
5.2784359842519688
 20
-3.3853286614173226
 30
0
 11
5.2762899999999995
 21
-3.3853286614173226
 31
0
  0
LINE
  5
1A8
330
1A
100
AcDbEntity
  8
User.1
  6
CONTINUOUS
100
AcDbLine
 10
5.2762899999999995
 20
-3.3853286614173226
 30
0
 11
5.2743073622047243
 21
-3.3845074015748029
 31
0
  0
LINE
  5
1A9
330
1A
100
AcDbEntity
  8
User.1
  6
CONTINUOUS
100
AcDbLine
 10
5.2743073622047243
 20
-3.3845074015748029
 30
0
 11
5.2727899212598421
 21
-3.3829899606299212
 31
0
  0
LINE
  5
1AA
330
1A
100
AcDbEntity
  8
User.1
  6
CONTINUOUS
100
AcDbLine
 10
5.2727899212598421
 20
-3.3829899606299212
 30
0
 11
5.2719686614173229
 21
-3.3810073228346456
 31
0
  0
LINE
  5
1AB
330
1A
100
AcDbEntity
  8
User.1
  6
CONTINUOUS
100
AcDbLine
 10
5.2719686614173229
 20
-3.3810073228346456
 30
0
 11
5.2719686614173229
 21
-3.3790392125984252
 31
0
  0
LINE
  5
1AC
330
1A
100
AcDbEntity
  8
User.1
  6
CONTINUOUS
100
AcDbLine
 10
5.2719686614173229
 20
-3.3790392125984252
 30
0
 11
5.2719686614173229
 21
-3.3788613385826771
 31
0
  0
LINE
  5
1AD
330
1A
100
AcDbEntity
  8
User.1
  6
CONTINUOUS
100
AcDbLine
 10
5.2719686614173229
 20
-3.3788613385826771
 30
0
 11
5.2727899212598421
 21
-3.3768787007874015
 31
0
  0
LINE
  5
1AE
330
1A
100
AcDbEntity
  8
User.1
  6
CONTINUOUS
100
AcDbLine
 10
5.2727899212598421
 20
-3.3768787007874015
 30
0
 11
5.2743073622047243
 21
-3.3753612598425198
 31
0
  0
LINE
  5
1AF
330
1A
100
AcDbEntity
  8
User.1
  6
CONTINUOUS
100
AcDbLine
 10
5.2743073622047243
 20
-3.3753612598425198
 30
0
 11
5.2762899999999995
 21
-3.3745400000000001
 31
0
  0
LINE
  5
1B0
330
1A
100
AcDbEntity
  8
User.1
  6
CONTINUOUS
100
AcDbLine
 10
5.2762899999999995
 20
-3.3745400000000001
 30
0
 11
5.2784359842519688
 21
-3.3745400000000001
 31
0
  0
LINE
  5
1B1
330
1A
100
AcDbEntity
  8
User.1
  6
CONTINUOUS
100
AcDbLine
 10
5.2784359842519688
 20
-3.3745400000000001
 30
0
 11
5.280418622047244
 21
-3.3753612598425198
 31
0
  0
LINE
  5
1B2
330
1A
100
AcDbEntity
  8
User.1
  6
CONTINUOUS
100
AcDbLine
 10
5.272862992125984
 20
-3.3808294488188975
 30
0
 11
5.2735480708661413
 21
-3.3824833858267715
 31
0
  0
LINE
  5
1B3
330
1A
100
AcDbEntity
  8
User.1
  6
CONTINUOUS
100
AcDbLine
 10
5.2735480708661413
 20
-3.3824833858267715
 30
0
 11
5.2748139370078739
 21
-3.3837492519685037
 31
0
  0
LINE
  5
1B4
330
1A
100
AcDbEntity
  8
User.1
  6
CONTINUOUS
100
AcDbLine
 10
5.2748139370078739
 20
-3.3837492519685037
 30
0
 11
5.276467874015748
 21
-3.3844343307086615
 31
0
  0
LINE
  5
1B5
330
1A
100
AcDbEntity
  8
User.1
  6
CONTINUOUS
100
AcDbLine
 10
5.276467874015748
 20
-3.3844343307086615
 30
0
 11
5.2782581102362203
 21
-3.3844343307086615
 31
0
  0
LINE
  5
1B6
330
1A
100
AcDbEntity
  8
User.1
  6
CONTINUOUS
100
AcDbLine
 10
5.2782581102362203
 20
-3.3844343307086615
 30
0
 11
5.2799120472440944
 21
-3.3837492519685037
 31
0
  0
LINE
  5
1B7
330
1A
100
AcDbEntity
  8
User.1
  6
CONTINUOUS
100
AcDbLine
 10
5.2799120472440944
 20
-3.3837492519685037
 30
0
 11
5.281177913385827
 21
-3.3824833858267715
 31
0
  0
LINE
  5
1B8
330
1A
100
AcDbEntity
  8
User.1
  6
CONTINUOUS
100
AcDbLine
 10
5.281177913385827
 20
-3.3824833858267715
 30
0
 11
5.2818629921259843
 21
-3.3808294488188975
 31
0
  0
LINE
  5
1B9
330
1A
100
AcDbEntity
  8
User.1
  6
CONTINUOUS
100
AcDbLine
 10
5.2818629921259843
 20
-3.3808294488188975
 30
0
 11
5.2818629921259843
 21
-3.3790392125984252
 31
0
  0
LINE
  5
1BA
330
1A
100
AcDbEntity
  8
User.1
  6
CONTINUOUS
100
AcDbLine
 10
5.2818629921259843
 20
-3.3790392125984252
 30
0
 11
5.281177913385827
 21
-3.3773852755905511
 31
0
  0
LINE
  5
1BB
330
1A
100
AcDbEntity
  8
User.1
  6
CONTINUOUS
100
AcDbLine
 10
5.281177913385827
 20
-3.3773852755905511
 30
0
 11
5.2799120472440944
 21
-3.3761194094488189
 31
0
  0
LINE
  5
1BC
330
1A
100
AcDbEntity
  8
User.1
  6
CONTINUOUS
100
AcDbLine
 10
5.2799120472440944
 20
-3.3761194094488189
 30
0
 11
5.2782581102362203
 21
-3.3754343307086612
 31
0
  0
LINE
  5
1BD
330
1A
100
AcDbEntity
  8
User.1
  6
CONTINUOUS
100
AcDbLine
 10
5.2782581102362203
 20
-3.3754343307086612
 30
0
 11
5.276467874015748
 21
-3.3754343307086612
 31
0
  0
LINE
  5
1BE
330
1A
100
AcDbEntity
  8
User.1
  6
CONTINUOUS
100
AcDbLine
 10
5.276467874015748
 20
-3.3754343307086612
 30
0
 11
5.2748139370078739
 21
-3.3761194094488189
 31
0
  0
LINE
  5
1BF
330
1A
100
AcDbEntity
  8
User.1
  6
CONTINUOUS
100
AcDbLine
 10
5.2748139370078739
 20
-3.3761194094488189
 30
0
 11
5.2735480708661413
 21
-3.3773852755905511
 31
0
  0
LINE
  5
1C0
330
1A
100
AcDbEntity
  8
User.1
  6
CONTINUOUS
100
AcDbLine
 10
5.2735480708661413
 20
-3.3773852755905511
 30
0
 11
5.272862992125984
 21
-3.3790392125984252
 31
0
  0
LINE
  5
1C1
330
1A
100
AcDbEntity
  8
User.1
  6
CONTINUOUS
100
AcDbLine
 10
5.272862992125984
 20
-3.3790392125984252
 30
0
 11
5.272862992125984
 21
-3.3808294488188975
 31
0
  0
LINE
  5
1C2
330
1A
100
AcDbEntity
  8
User.1
  6
CONTINUOUS
100
AcDbLine
 10
4.6739862204724405
 20
-3.3280352362204724
 30
0
 11
4.6755036614173227
 21
-3.3295526771653541
 31
0
  0
LINE
  5
1C3
330
1A
100
AcDbEntity
  8
User.1
  6
CONTINUOUS
100
AcDbLine
 10
4.6755036614173227
 20
-3.3295526771653541
 30
0
 11
4.6763249212598428
 21
-3.3315353149606297
 31
0
  0
LINE
  5
1C4
330
1A
100
AcDbEntity
  8
User.1
  6
CONTINUOUS
100
AcDbLine
 10
4.6763249212598428
 20
-3.3315353149606297
 30
0
 11
4.6763249212598428
 21
-3.3336812992125981
 31
0
  0
LINE
  5
1C5
330
1A
100
AcDbEntity
  8
User.1
  6
CONTINUOUS
100
AcDbLine
 10
4.6763249212598428
 20
-3.3336812992125981
 30
0
 11
4.6755036614173227
 21
-3.3356639370078738
 31
0
  0
LINE
  5
1C6
330
1A
100
AcDbEntity
  8
User.1
  6
CONTINUOUS
100
AcDbLine
 10
4.6755036614173227
 20
-3.3356639370078738
 30
0
 11
4.6739862204724405
 21
-3.3371813779527559
 31
0
  0
LINE
  5
1C7
330
1A
100
AcDbEntity
  8
User.1
  6
CONTINUOUS
100
AcDbLine
 10
4.6739862204724405
 20
-3.3371813779527559
 30
0
 11
4.6720035826771653
 21
-3.3380026377952756
 31
0
  0
LINE
  5
1C8
330
1A
100
AcDbEntity
  8
User.1
  6
CONTINUOUS
100
AcDbLine
 10
4.6720035826771653
 20
-3.3380026377952756
 30
0
 11
4.6698575984251969
 21
-3.3380026377952756
 31
0
  0
LINE
  5
1C9
330
1A
100
AcDbEntity
  8
User.1
  6
CONTINUOUS
100
AcDbLine
 10
4.6698575984251969
 20
-3.3380026377952756
 30
0
 11
4.6678749606299208
 21
-3.3371813779527559
 31
0
  0
LINE
  5
1CA
330
1A
100
AcDbEntity
  8
User.1
  6
CONTINUOUS
100
AcDbLine
 10
4.6678749606299208
 20
-3.3371813779527559
 30
0
 11
4.6663575196850395
 21
-3.3356639370078738
 31
0
  0
LINE
  5
1CB
330
1A
100
AcDbEntity
  8
User.1
  6
CONTINUOUS
100
AcDbLine
 10
4.6663575196850395
 20
-3.3356639370078738
 30
0
 11
4.6655362598425194
 21
-3.3336812992125981
 31
0
  0
LINE
  5
1CC
330
1A
100
AcDbEntity
  8
User.1
  6
CONTINUOUS
100
AcDbLine
 10
4.6655362598425194
 20
-3.3336812992125981
 30
0
 11
4.6655362598425194
 21
-3.3317131889763778
 31
0
  0
LINE
  5
1CD
330
1A
100
AcDbEntity
  8
User.1
  6
CONTINUOUS
100
AcDbLine
 10
4.6655362598425194
 20
-3.3317131889763778
 30
0
 11
4.6655362598425194
 21
-3.3315353149606297
 31
0
  0
LINE
  5
1CE
330
1A
100
AcDbEntity
  8
User.1
  6
CONTINUOUS
100
AcDbLine
 10
4.6655362598425194
 20
-3.3315353149606297
 30
0
 11
4.6663575196850395
 21
-3.3295526771653541
 31
0
  0
LINE
  5
1CF
330
1A
100
AcDbEntity
  8
User.1
  6
CONTINUOUS
100
AcDbLine
 10
4.6663575196850395
 20
-3.3295526771653541
 30
0
 11
4.6678749606299208
 21
-3.3280352362204724
 31
0
  0
LINE
  5
1D0
330
1A
100
AcDbEntity
  8
User.1
  6
CONTINUOUS
100
AcDbLine
 10
4.6678749606299208
 20
-3.3280352362204724
 30
0
 11
4.6698575984251969
 21
-3.3272139763779527
 31
0
  0
LINE
  5
1D1
330
1A
100
AcDbEntity
  8
User.1
  6
CONTINUOUS
100
AcDbLine
 10
4.6698575984251969
 20
-3.3272139763779527
 30
0
 11
4.6720035826771653
 21
-3.3272139763779527
 31
0
  0
LINE
  5
1D2
330
1A
100
AcDbEntity
  8
User.1
  6
CONTINUOUS
100
AcDbLine
 10
4.6720035826771653
 20
-3.3272139763779527
 30
0
 11
4.6739862204724405
 21
-3.3280352362204724
 31
0
  0
LINE
  5
1D3
330
1A
100
AcDbEntity
  8
User.1
  6
CONTINUOUS
100
AcDbLine
 10
4.6664305905511814
 20
-3.3335034251968505
 30
0
 11
4.6671156692913387
 21
-3.3351573622047241
 31
0
  0
LINE
  5
1D4
330
1A
100
AcDbEntity
  8
User.1
  6
CONTINUOUS
100
AcDbLine
 10
4.6671156692913387
 20
-3.3351573622047241
 30
0
 11
4.6683815354330704
 21
-3.3364232283464568
 31
0
  0
LINE
  5
1D5
330
1A
100
AcDbEntity
  8
User.1
  6
CONTINUOUS
100
AcDbLine
 10
4.6683815354330704
 20
-3.3364232283464568
 30
0
 11
4.6700354724409445
 21
-3.3371083070866141
 31
0
  0
LINE
  5
1D6
330
1A
100
AcDbEntity
  8
User.1
  6
CONTINUOUS
100
AcDbLine
 10
4.6700354724409445
 20
-3.3371083070866141
 30
0
 11
4.6718257086614168
 21
-3.3371083070866141
 31
0
  0
LINE
  5
1D7
330
1A
100
AcDbEntity
  8
User.1
  6
CONTINUOUS
100
AcDbLine
 10
4.6718257086614168
 20
-3.3371083070866141
 30
0
 11
4.6734796456692909
 21
-3.3364232283464568
 31
0
  0
LINE
  5
1D8
330
1A
100
AcDbEntity
  8
User.1
  6
CONTINUOUS
100
AcDbLine
 10
4.6734796456692909
 20
-3.3364232283464568
 30
0
 11
4.6747455118110235
 21
-3.3351573622047241
 31
0
  0
LINE
  5
1D9
330
1A
100
AcDbEntity
  8
User.1
  6
CONTINUOUS
100
AcDbLine
 10
4.6747455118110235
 20
-3.3351573622047241
 30
0
 11
4.6754305905511808
 21
-3.3335034251968505
 31
0
  0
LINE
  5
1DA
330
1A
100
AcDbEntity
  8
User.1
  6
CONTINUOUS
100
AcDbLine
 10
4.6754305905511808
 20
-3.3335034251968505
 30
0
 11
4.6754305905511808
 21
-3.3317131889763778
 31
0
  0
LINE
  5
1DB
330
1A
100
AcDbEntity
  8
User.1
  6
CONTINUOUS
100
AcDbLine
 10
4.6754305905511808
 20
-3.3317131889763778
 30
0
 11
4.6747455118110235
 21
-3.3300592519685037
 31
0
  0
LINE
  5
1DC
330
1A
100
AcDbEntity
  8
User.1
  6
CONTINUOUS
100
AcDbLine
 10
4.6747455118110235
 20
-3.3300592519685037
 30
0
 11
4.6734796456692909
 21
-3.3287933858267715
 31
0
  0
LINE
  5
1DD
330
1A
100
AcDbEntity
  8
User.1
  6
CONTINUOUS
100
AcDbLine
 10
4.6734796456692909
 20
-3.3287933858267715
 30
0
 11
4.6718257086614168
 21
-3.3281083070866142
 31
0
  0
LINE
  5
1DE
330
1A
100
AcDbEntity
  8
User.1
  6
CONTINUOUS
100
AcDbLine
 10
4.6718257086614168
 20
-3.3281083070866142
 30
0
 11
4.6700354724409445
 21
-3.3281083070866142
 31
0
  0
LINE
  5
1DF
330
1A
100
AcDbEntity
  8
User.1
  6
CONTINUOUS
100
AcDbLine
 10
4.6700354724409445
 20
-3.3281083070866142
 30
0
 11
4.6683815354330704
 21
-3.3287933858267715
 31
0
  0
LINE
  5
1E0
330
1A
100
AcDbEntity
  8
User.1
  6
CONTINUOUS
100
AcDbLine
 10
4.6683815354330704
 20
-3.3287933858267715
 30
0
 11
4.6671156692913387
 21
-3.3300592519685037
 31
0
  0
LINE
  5
1E1
330
1A
100
AcDbEntity
  8
User.1
  6
CONTINUOUS
100
AcDbLine
 10
4.6671156692913387
 20
-3.3300592519685037
 30
0
 11
4.6664305905511814
 21
-3.3317131889763778
 31
0
  0
LINE
  5
1E2
330
1A
100
AcDbEntity
  8
User.1
  6
CONTINUOUS
100
AcDbLine
 10
4.6664305905511814
 20
-3.3317131889763778
 30
0
 11
4.6664305905511814
 21
-3.3335034251968505
 31
0
  0
LINE
  5
1E3
330
1A
100
AcDbEntity
  8
User.1
  6
CONTINUOUS
100
AcDbLine
 10
5.2717030314960631
 20
-3.2757417716535433
 30
0
 11
5.2732204724409444
 21
-3.277259212598425
 31
0
  0
LINE
  5
1E4
330
1A
100
AcDbEntity
  8
User.1
  6
CONTINUOUS
100
AcDbLine
 10
5.2732204724409444
 20
-3.277259212598425
 30
0
 11
5.2740417322834645
 21
-3.2792418503937006
 31
0
  0
LINE
  5
1E5
330
1A
100
AcDbEntity
  8
User.1
  6
CONTINUOUS
100
AcDbLine
 10
5.2740417322834645
 20
-3.2792418503937006
 30
0
 11
5.2740417322834645
 21
-3.2813878346456691
 31
0
  0
LINE
  5
1E6
330
1A
100
AcDbEntity
  8
User.1
  6
CONTINUOUS
100
AcDbLine
 10
5.2740417322834645
 20
-3.2813878346456691
 30
0
 11
5.2732204724409444
 21
-3.2833704724409447
 31
0
  0
LINE
  5
1E7
330
1A
100
AcDbEntity
  8
User.1
  6
CONTINUOUS
100
AcDbLine
 10
5.2732204724409444
 20
-3.2833704724409447
 30
0
 11
5.2717030314960631
 21
-3.2848879133858269
 31
0
  0
LINE
  5
1E8
330
1A
100
AcDbEntity
  8
User.1
  6
CONTINUOUS
100
AcDbLine
 10
5.2717030314960631
 20
-3.2848879133858269
 30
0
 11
5.269720393700787
 21
-3.2857091732283465
 31
0
  0
LINE
  5
1E9
330
1A
100
AcDbEntity
  8
User.1
  6
CONTINUOUS
100
AcDbLine
 10
5.269720393700787
 20
-3.2857091732283465
 30
0
 11
5.2675744094488186
 21
-3.2857091732283465
 31
0
  0
LINE
  5
1EA
330
1A
100
AcDbEntity
  8
User.1
  6
CONTINUOUS
100
AcDbLine
 10
5.2675744094488186
 20
-3.2857091732283465
 30
0
 11
5.2655917716535434
 21
-3.2848879133858269
 31
0
  0
LINE
  5
1EB
330
1A
100
AcDbEntity
  8
User.1
  6
CONTINUOUS
100
AcDbLine
 10
5.2655917716535434
 20
-3.2848879133858269
 30
0
 11
5.2640743307086613
 21
-3.2833704724409447
 31
0
  0
LINE
  5
1EC
330
1A
100
AcDbEntity
  8
User.1
  6
CONTINUOUS
100
AcDbLine
 10
5.2640743307086613
 20
-3.2833704724409447
 30
0
 11
5.263253070866142
 21
-3.2813878346456691
 31
0
  0
LINE
  5
1ED
330
1A
100
AcDbEntity
  8
User.1
  6
CONTINUOUS
100
AcDbLine
 10
5.263253070866142
 20
-3.2813878346456691
 30
0
 11
5.263253070866142
 21
-3.2794197244094487
 31
0
  0
LINE
  5
1EE
330
1A
100
AcDbEntity
  8
User.1
  6
CONTINUOUS
100
AcDbLine
 10
5.263253070866142
 20
-3.2794197244094487
 30
0
 11
5.263253070866142
 21
-3.2792418503937006
 31
0
  0
LINE
  5
1EF
330
1A
100
AcDbEntity
  8
User.1
  6
CONTINUOUS
100
AcDbLine
 10
5.263253070866142
 20
-3.2792418503937006
 30
0
 11
5.2640743307086613
 21
-3.277259212598425
 31
0
  0
LINE
  5
1F0
330
1A
100
AcDbEntity
  8
User.1
  6
CONTINUOUS
100
AcDbLine
 10
5.2640743307086613
 20
-3.277259212598425
 30
0
 11
5.2655917716535434
 21
-3.2757417716535433
 31
0
  0
LINE
  5
1F1
330
1A
100
AcDbEntity
  8
User.1
  6
CONTINUOUS
100
AcDbLine
 10
5.2655917716535434
 20
-3.2757417716535433
 30
0
 11
5.2675744094488186
 21
-3.2749205118110236
 31
0
  0
LINE
  5
1F2
330
1A
100
AcDbEntity
  8
User.1
  6
CONTINUOUS
100
AcDbLine
 10
5.2675744094488186
 20
-3.2749205118110236
 30
0
 11
5.269720393700787
 21
-3.2749205118110236
 31
0
  0
LINE
  5
1F3
330
1A
100
AcDbEntity
  8
User.1
  6
CONTINUOUS
100
AcDbLine
 10
5.269720393700787
 20
-3.2749205118110236
 30
0
 11
5.2717030314960631
 21
-3.2757417716535433
 31
0
  0
LINE
  5
1F4
330
1A
100
AcDbEntity
  8
User.1
  6
CONTINUOUS
100
AcDbLine
 10
5.2641474015748031
 20
-3.281209960629921
 30
0
 11
5.2648324803149604
 21
-3.2828638976377951
 31
0
  0
LINE
  5
1F5
330
1A
100
AcDbEntity
  8
User.1
  6
CONTINUOUS
100
AcDbLine
 10
5.2648324803149604
 20
-3.2828638976377951
 30
0
 11
5.2660983464566931
 21
-3.2841297637795277
 31
0
  0
LINE
  5
1F6
330
1A
100
AcDbEntity
  8
User.1
  6
CONTINUOUS
100
AcDbLine
 10
5.2660983464566931
 20
-3.2841297637795277
 30
0
 11
5.2677522834645671
 21
-3.284814842519685
 31
0
  0
LINE
  5
1F7
330
1A
100
AcDbEntity
  8
User.1
  6
CONTINUOUS
100
AcDbLine
 10
5.2677522834645671
 20
-3.284814842519685
 30
0
 11
5.2695425196850394
 21
-3.284814842519685
 31
0
  0
LINE
  5
1F8
330
1A
100
AcDbEntity
  8
User.1
  6
CONTINUOUS
100
AcDbLine
 10
5.2695425196850394
 20
-3.284814842519685
 30
0
 11
5.2711964566929135
 21
-3.2841297637795277
 31
0
  0
LINE
  5
1F9
330
1A
100
AcDbEntity
  8
User.1
  6
CONTINUOUS
100
AcDbLine
 10
5.2711964566929135
 20
-3.2841297637795277
 30
0
 11
5.2724623228346452
 21
-3.2828638976377951
 31
0
  0
LINE
  5
1FA
330
1A
100
AcDbEntity
  8
User.1
  6
CONTINUOUS
100
AcDbLine
 10
5.2724623228346452
 20
-3.2828638976377951
 30
0
 11
5.2731474015748034
 21
-3.281209960629921
 31
0
  0
LINE
  5
1FB
330
1A
100
AcDbEntity
  8
User.1
  6
CONTINUOUS
100
AcDbLine
 10
5.2731474015748034
 20
-3.281209960629921
 30
0
 11
5.2731474015748034
 21
-3.2794197244094487
 31
0
  0
LINE
  5
1FC
330
1A
100
AcDbEntity
  8
User.1
  6
CONTINUOUS
100
AcDbLine
 10
5.2731474015748034
 20
-3.2794197244094487
 30
0
 11
5.2724623228346452
 21
-3.2777657874015746
 31
0
  0
LINE
  5
1FD
330
1A
100
AcDbEntity
  8
User.1
  6
CONTINUOUS
100
AcDbLine
 10
5.2724623228346452
 20
-3.2777657874015746
 30
0
 11
5.2711964566929135
 21
-3.2764999212598425
 31
0
  0
LINE
  5
1FE
330
1A
100
AcDbEntity
  8
User.1
  6
CONTINUOUS
100
AcDbLine
 10
5.2711964566929135
 20
-3.2764999212598425
 30
0
 11
5.2695425196850394
 21
-3.2758148425196851
 31
0
  0
LINE
  5
1FF
330
1A
100
AcDbEntity
  8
User.1
  6
CONTINUOUS
100
AcDbLine
 10
5.2695425196850394
 20
-3.2758148425196851
 30
0
 11
5.2677522834645671
 21
-3.2758148425196851
 31
0
  0
LINE
  5
200
330
1A
100
AcDbEntity
  8
User.1
  6
CONTINUOUS
100
AcDbLine
 10
5.2677522834645671
 20
-3.2758148425196851
 30
0
 11
5.2660983464566931
 21
-3.2764999212598425
 31
0
  0
LINE
  5
201
330
1A
100
AcDbEntity
  8
User.1
  6
CONTINUOUS
100
AcDbLine
 10
5.2660983464566931
 20
-3.2764999212598425
 30
0
 11
5.2648324803149604
 21
-3.2777657874015746
 31
0
  0
LINE
  5
202
330
1A
100
AcDbEntity
  8
User.1
  6
CONTINUOUS
100
AcDbLine
 10
5.2648324803149604
 20
-3.2777657874015746
 30
0
 11
5.2641474015748031
 21
-3.2794197244094487
 31
0
  0
LINE
  5
203
330
1A
100
AcDbEntity
  8
User.1
  6
CONTINUOUS
100
AcDbLine
 10
5.2641474015748031
 20
-3.2794197244094487
 30
0
 11
5.2641474015748031
 21
-3.281209960629921
 31
0
  0
LINE
  5
204
330
1A
100
AcDbEntity
  8
User.1
  6
CONTINUOUS
100
AcDbLine
 10
4.6652706692913384
 20
-3.2284157480314959
 30
0
 11
4.6667881102362205
 21
-3.229933188976378
 31
0
  0
LINE
  5
205
330
1A
100
AcDbEntity
  8
User.1
  6
CONTINUOUS
100
AcDbLine
 10
4.6667881102362205
 20
-3.229933188976378
 30
0
 11
4.6676093700787398
 21
-3.2319158267716537
 31
0
  0
LINE
  5
206
330
1A
100
AcDbEntity
  8
User.1
  6
CONTINUOUS
100
AcDbLine
 10
4.6676093700787398
 20
-3.2319158267716537
 30
0
 11
4.6676093700787398
 21
-3.2340618110236221
 31
0
  0
LINE
  5
207
330
1A
100
AcDbEntity
  8
User.1
  6
CONTINUOUS
100
AcDbLine
 10
4.6676093700787398
 20
-3.2340618110236221
 30
0
 11
4.6667881102362205
 21
-3.2360444488188977
 31
0
  0
LINE
  5
208
330
1A
100
AcDbEntity
  8
User.1
  6
CONTINUOUS
100
AcDbLine
 10
4.6667881102362205
 20
-3.2360444488188977
 30
0
 11
4.6652706692913384
 21
-3.2375618897637795
 31
0
  0
LINE
  5
209
330
1A
100
AcDbEntity
  8
User.1
  6
CONTINUOUS
100
AcDbLine
 10
4.6652706692913384
 20
-3.2375618897637795
 30
0
 11
4.6632880314960632
 21
-3.2383831496062991
 31
0
  0
LINE
  5
20A
330
1A
100
AcDbEntity
  8
User.1
  6
CONTINUOUS
100
AcDbLine
 10
4.6632880314960632
 20
-3.2383831496062991
 30
0
 11
4.6611420472440948
 21
-3.2383831496062991
 31
0
  0
LINE
  5
20B
330
1A
100
AcDbEntity
  8
User.1
  6
CONTINUOUS
100
AcDbLine
 10
4.6611420472440948
 20
-3.2383831496062991
 30
0
 11
4.6591594094488187
 21
-3.2375618897637795
 31
0
  0
LINE
  5
20C
330
1A
100
AcDbEntity
  8
User.1
  6
CONTINUOUS
100
AcDbLine
 10
4.6591594094488187
 20
-3.2375618897637795
 30
0
 11
4.6576419685039365
 21
-3.2360444488188977
 31
0
  0
LINE
  5
20D
330
1A
100
AcDbEntity
  8
User.1
  6
CONTINUOUS
100
AcDbLine
 10
4.6576419685039365
 20
-3.2360444488188977
 30
0
 11
4.6568207086614173
 21
-3.2340618110236221
 31
0
  0
LINE
  5
20E
330
1A
100
AcDbEntity
  8
User.1
  6
CONTINUOUS
100
AcDbLine
 10
4.6568207086614173
 20
-3.2340618110236221
 30
0
 11
4.6568207086614173
 21
-3.2320937007874013
 31
0
  0
LINE
  5
20F
330
1A
100
AcDbEntity
  8
User.1
  6
CONTINUOUS
100
AcDbLine
 10
4.6568207086614173
 20
-3.2320937007874013
 30
0
 11
4.6568207086614173
 21
-3.2319158267716537
 31
0
  0
LINE
  5
210
330
1A
100
AcDbEntity
  8
User.1
  6
CONTINUOUS
100
AcDbLine
 10
4.6568207086614173
 20
-3.2319158267716537
 30
0
 11
4.6576419685039365
 21
-3.229933188976378
 31
0
  0
LINE
  5
211
330
1A
100
AcDbEntity
  8
User.1
  6
CONTINUOUS
100
AcDbLine
 10
4.6576419685039365
 20
-3.229933188976378
 30
0
 11
4.6591594094488187
 21
-3.2284157480314959
 31
0
  0
LINE
  5
212
330
1A
100
AcDbEntity
  8
User.1
  6
CONTINUOUS
100
AcDbLine
 10
4.6591594094488187
 20
-3.2284157480314959
 30
0
 11
4.6611420472440948
 21
-3.2275944881889762
 31
0
  0
LINE
  5
213
330
1A
100
AcDbEntity
  8
User.1
  6
CONTINUOUS
100
AcDbLine
 10
4.6611420472440948
 20
-3.2275944881889762
 30
0
 11
4.6632880314960632
 21
-3.2275944881889762
 31
0
  0
LINE
  5
214
330
1A
100
AcDbEntity
  8
User.1
  6
CONTINUOUS
100
AcDbLine
 10
4.6632880314960632
 20
-3.2275944881889762
 30
0
 11
4.6652706692913384
 21
-3.2284157480314959
 31
0
  0
LINE
  5
215
330
1A
100
AcDbEntity
  8
User.1
  6
CONTINUOUS
100
AcDbLine
 10
4.6577150393700784
 20
-3.233883937007874
 30
0
 11
4.6584001181102357
 21
-3.2355378740157481
 31
0
  0
LINE
  5
216
330
1A
100
AcDbEntity
  8
User.1
  6
CONTINUOUS
100
AcDbLine
 10
4.6584001181102357
 20
-3.2355378740157481
 30
0
 11
4.6596659842519683
 21
-3.2368037401574803
 31
0
  0
LINE
  5
217
330
1A
100
AcDbEntity
  8
User.1
  6
CONTINUOUS
100
AcDbLine
 10
4.6596659842519683
 20
-3.2368037401574803
 30
0
 11
4.6613199212598424
 21
-3.2374888188976376
 31
0
  0
LINE
  5
218
330
1A
100
AcDbEntity
  8
User.1
  6
CONTINUOUS
100
AcDbLine
 10
4.6613199212598424
 20
-3.2374888188976376
 30
0
 11
4.6631101574803147
 21
-3.2374888188976376
 31
0
  0
LINE
  5
219
330
1A
100
AcDbEntity
  8
User.1
  6
CONTINUOUS
100
AcDbLine
 10
4.6631101574803147
 20
-3.2374888188976376
 30
0
 11
4.6647640944881887
 21
-3.2368037401574803
 31
0
  0
LINE
  5
21A
330
1A
100
AcDbEntity
  8
User.1
  6
CONTINUOUS
100
AcDbLine
 10
4.6647640944881887
 20
-3.2368037401574803
 30
0
 11
4.6660299606299214
 21
-3.2355378740157481
 31
0
  0
LINE
  5
21B
330
1A
100
AcDbEntity
  8
User.1
  6
CONTINUOUS
100
AcDbLine
 10
4.6660299606299214
 20
-3.2355378740157481
 30
0
 11
4.6667150393700787
 21
-3.233883937007874
 31
0
  0
LINE
  5
21C
330
1A
100
AcDbEntity
  8
User.1
  6
CONTINUOUS
100
AcDbLine
 10
4.6667150393700787
 20
-3.233883937007874
 30
0
 11
4.6667150393700787
 21
-3.2320937007874013
 31
0
  0
LINE
  5
21D
330
1A
100
AcDbEntity
  8
User.1
  6
CONTINUOUS
100
AcDbLine
 10
4.6667150393700787
 20
-3.2320937007874013
 30
0
 11
4.6660299606299214
 21
-3.2304397637795277
 31
0
  0
LINE
  5
21E
330
1A
100
AcDbEntity
  8
User.1
  6
CONTINUOUS
100
AcDbLine
 10
4.6660299606299214
 20
-3.2304397637795277
 30
0
 11
4.6647640944881887
 21
-3.2291738976377951
 31
0
  0
LINE
  5
21F
330
1A
100
AcDbEntity
  8
User.1
  6
CONTINUOUS
100
AcDbLine
 10
4.6647640944881887
 20
-3.2291738976377951
 30
0
 11
4.6631101574803147
 21
-3.2284888188976377
 31
0
  0
LINE
  5
220
330
1A
100
AcDbEntity
  8
User.1
  6
CONTINUOUS
100
AcDbLine
 10
4.6631101574803147
 20
-3.2284888188976377
 30
0
 11
4.6613199212598424
 21
-3.2284888188976377
 31
0
  0
LINE
  5
221
330
1A
100
AcDbEntity
  8
User.1
  6
CONTINUOUS
100
AcDbLine
 10
4.6613199212598424
 20
-3.2284888188976377
 30
0
 11
4.6596659842519683
 21
-3.2291738976377951
 31
0
  0
LINE
  5
222
330
1A
100
AcDbEntity
  8
User.1
  6
CONTINUOUS
100
AcDbLine
 10
4.6596659842519683
 20
-3.2291738976377951
 30
0
 11
4.6584001181102357
 21
-3.2304397637795277
 31
0
  0
LINE
  5
223
330
1A
100
AcDbEntity
  8
User.1
  6
CONTINUOUS
100
AcDbLine
 10
4.6584001181102357
 20
-3.2304397637795277
 30
0
 11
4.6577150393700784
 21
-3.2320937007874013
 31
0
  0
LINE
  5
224
330
1A
100
AcDbEntity
  8
User.1
  6
CONTINUOUS
100
AcDbLine
 10
4.6577150393700784
 20
-3.2320937007874013
 30
0
 11
4.6577150393700784
 21
-3.233883937007874
 31
0
  0
LINE
  5
225
330
1A
100
AcDbEntity
  8
User.1
  6
CONTINUOUS
100
AcDbLine
 10
5.2629874803149601
 20
-3.1761223228346456
 30
0
 11
5.2645049212598423
 21
-3.1776397637795273
 31
0
  0
LINE
  5
226
330
1A
100
AcDbEntity
  8
User.1
  6
CONTINUOUS
100
AcDbLine
 10
5.2645049212598423
 20
-3.1776397637795273
 30
0
 11
5.2653261811023624
 21
-3.1796224015748029
 31
0
  0
LINE
  5
227
330
1A
100
AcDbEntity
  8
User.1
  6
CONTINUOUS
100
AcDbLine
 10
5.2653261811023624
 20
-3.1796224015748029
 30
0
 11
5.2653261811023624
 21
-3.1817683858267718
 31
0
  0
LINE
  5
228
330
1A
100
AcDbEntity
  8
User.1
  6
CONTINUOUS
100
AcDbLine
 10
5.2653261811023624
 20
-3.1817683858267718
 30
0
 11
5.2645049212598423
 21
-3.183751023622047
 31
0
  0
LINE
  5
229
330
1A
100
AcDbEntity
  8
User.1
  6
CONTINUOUS
100
AcDbLine
 10
5.2645049212598423
 20
-3.183751023622047
 30
0
 11
5.2629874803149601
 21
-3.1852684645669291
 31
0
  0
LINE
  5
22A
330
1A
100
AcDbEntity
  8
User.1
  6
CONTINUOUS
100
AcDbLine
 10
5.2629874803149601
 20
-3.1852684645669291
 30
0
 11
5.2610048425196849
 21
-3.1860897244094488
 31
0
  0
LINE
  5
22B
330
1A
100
AcDbEntity
  8
User.1
  6
CONTINUOUS
100
AcDbLine
 10
5.2610048425196849
 20
-3.1860897244094488
 30
0
 11
5.2588588582677165
 21
-3.1860897244094488
 31
0
  0
LINE
  5
22C
330
1A
100
AcDbEntity
  8
User.1
  6
CONTINUOUS
100
AcDbLine
 10
5.2588588582677165
 20
-3.1860897244094488
 30
0
 11
5.2568762204724404
 21
-3.1852684645669291
 31
0
  0
LINE
  5
22D
330
1A
100
AcDbEntity
  8
User.1
  6
CONTINUOUS
100
AcDbLine
 10
5.2568762204724404
 20
-3.1852684645669291
 30
0
 11
5.2553587795275591
 21
-3.183751023622047
 31
0
  0
LINE
  5
22E
330
1A
100
AcDbEntity
  8
User.1
  6
CONTINUOUS
100
AcDbLine
 10
5.2553587795275591
 20
-3.183751023622047
 30
0
 11
5.254537519685039
 21
-3.1817683858267718
 31
0
  0
LINE
  5
22F
330
1A
100
AcDbEntity
  8
User.1
  6
CONTINUOUS
100
AcDbLine
 10
5.254537519685039
 20
-3.1817683858267718
 30
0
 11
5.254537519685039
 21
-3.179800275590551
 31
0
  0
LINE
  5
230
330
1A
100
AcDbEntity
  8
User.1
  6
CONTINUOUS
100
AcDbLine
 10
5.254537519685039
 20
-3.179800275590551
 30
0
 11
5.254537519685039
 21
-3.1796224015748029
 31
0
  0
LINE
  5
231
330
1A
100
AcDbEntity
  8
User.1
  6
CONTINUOUS
100
AcDbLine
 10
5.254537519685039
 20
-3.1796224015748029
 30
0
 11
5.2553587795275591
 21
-3.1776397637795273
 31
0
  0
LINE
  5
232
330
1A
100
AcDbEntity
  8
User.1
  6
CONTINUOUS
100
AcDbLine
 10
5.2553587795275591
 20
-3.1776397637795273
 30
0
 11
5.2568762204724404
 21
-3.1761223228346456
 31
0
  0
LINE
  5
233
330
1A
100
AcDbEntity
  8
User.1
  6
CONTINUOUS
100
AcDbLine
 10
5.2568762204724404
 20
-3.1761223228346456
 30
0
 11
5.2588588582677165
 21
-3.1753010629921259
 31
0
  0
LINE
  5
234
330
1A
100
AcDbEntity
  8
User.1
  6
CONTINUOUS
100
AcDbLine
 10
5.2588588582677165
 20
-3.1753010629921259
 30
0
 11
5.2610048425196849
 21
-3.1753010629921259
 31
0
  0
LINE
  5
235
330
1A
100
AcDbEntity
  8
User.1
  6
CONTINUOUS
100
AcDbLine
 10
5.2610048425196849
 20
-3.1753010629921259
 30
0
 11
5.2629874803149601
 21
-3.1761223228346456
 31
0
  0
LINE
  5
236
330
1A
100
AcDbEntity
  8
User.1
  6
CONTINUOUS
100
AcDbLine
 10
5.255431850393701
 20
-3.1815905118110237
 30
0
 11
5.2561169291338583
 21
-3.1832444488188978
 31
0
  0
LINE
  5
237
330
1A
100
AcDbEntity
  8
User.1
  6
CONTINUOUS
100
AcDbLine
 10
5.2561169291338583
 20
-3.1832444488188978
 30
0
 11
5.25738279527559
 21
-3.18451031496063
 31
0
  0
LINE
  5
238
330
1A
100
AcDbEntity
  8
User.1
  6
CONTINUOUS
100
AcDbLine
 10
5.25738279527559
 20
-3.18451031496063
 30
0
 11
5.2590367322834641
 21
-3.1851953937007873
 31
0
  0
LINE
  5
239
330
1A
100
AcDbEntity
  8
User.1
  6
CONTINUOUS
100
AcDbLine
 10
5.2590367322834641
 20
-3.1851953937007873
 30
0
 11
5.2608269685039373
 21
-3.1851953937007873
 31
0
  0
LINE
  5
23A
330
1A
100
AcDbEntity
  8
User.1
  6
CONTINUOUS
100
AcDbLine
 10
5.2608269685039373
 20
-3.1851953937007873
 30
0
 11
5.2624809055118105
 21
-3.18451031496063
 31
0
  0
LINE
  5
23B
330
1A
100
AcDbEntity
  8
User.1
  6
CONTINUOUS
100
AcDbLine
 10
5.2624809055118105
 20
-3.18451031496063
 30
0
 11
5.2637467716535431
 21
-3.1832444488188978
 31
0
  0
LINE
  5
23C
330
1A
100
AcDbEntity
  8
User.1
  6
CONTINUOUS
100
AcDbLine
 10
5.2637467716535431
 20
-3.1832444488188978
 30
0
 11
5.2644318503937004
 21
-3.1815905118110237
 31
0
  0
LINE
  5
23D
330
1A
100
AcDbEntity
  8
User.1
  6
CONTINUOUS
100
AcDbLine
 10
5.2644318503937004
 20
-3.1815905118110237
 30
0
 11
5.2644318503937004
 21
-3.179800275590551
 31
0
  0
LINE
  5
23E
330
1A
100
AcDbEntity
  8
User.1
  6
CONTINUOUS
100
AcDbLine
 10
5.2644318503937004
 20
-3.179800275590551
 30
0
 11
5.2637467716535431
 21
-3.1781463385826769
 31
0
  0
LINE
  5
23F
330
1A
100
AcDbEntity
  8
User.1
  6
CONTINUOUS
100
AcDbLine
 10
5.2637467716535431
 20
-3.1781463385826769
 30
0
 11
5.2624809055118105
 21
-3.1768804724409447
 31
0
  0
LINE
  5
240
330
1A
100
AcDbEntity
  8
User.1
  6
CONTINUOUS
100
AcDbLine
 10
5.2624809055118105
 20
-3.1768804724409447
 30
0
 11
5.2608269685039373
 21
-3.1761953937007874
 31
0
  0
LINE
  5
241
330
1A
100
AcDbEntity
  8
User.1
  6
CONTINUOUS
100
AcDbLine
 10
5.2608269685039373
 20
-3.1761953937007874
 30
0
 11
5.2590367322834641
 21
-3.1761953937007874
 31
0
  0
LINE
  5
242
330
1A
100
AcDbEntity
  8
User.1
  6
CONTINUOUS
100
AcDbLine
 10
5.2590367322834641
 20
-3.1761953937007874
 30
0
 11
5.25738279527559
 21
-3.1768804724409447
 31
0
  0
LINE
  5
243
330
1A
100
AcDbEntity
  8
User.1
  6
CONTINUOUS
100
AcDbLine
 10
5.25738279527559
 20
-3.1768804724409447
 30
0
 11
5.2561169291338583
 21
-3.1781463385826769
 31
0
  0
LINE
  5
244
330
1A
100
AcDbEntity
  8
User.1
  6
CONTINUOUS
100
AcDbLine
 10
5.2561169291338583
 20
-3.1781463385826769
 30
0
 11
5.255431850393701
 21
-3.179800275590551
 31
0
  0
LINE
  5
245
330
1A
100
AcDbEntity
  8
User.1
  6
CONTINUOUS
100
AcDbLine
 10
5.255431850393701
 20
-3.179800275590551
 30
0
 11
5.255431850393701
 21
-3.1815905118110237
 31
0
  0
LINE
  5
246
330
1A
100
AcDbEntity
  8
User.1
  6
CONTINUOUS
100
AcDbLine
 10
5.2694693700787401
 20
-3.0915306299212597
 30
0
 11
5.27395531496063
 21
-3.094120590551181
 31
0
  0
LINE
  5
247
330
1A
100
AcDbEntity
  8
User.1
  6
CONTINUOUS
100
AcDbLine
 10
5.27395531496063
 20
-3.094120590551181
 30
0
 11
5.2776180708661418
 21
-3.0977833464566928
 31
0
  0
LINE
  5
248
330
1A
100
AcDbEntity
  8
User.1
  6
CONTINUOUS
100
AcDbLine
 10
5.2776180708661418
 20
-3.0977833464566928
 30
0
 11
5.2802080314960627
 21
-3.1022692913385828
 31
0
  0
LINE
  5
249
330
1A
100
AcDbEntity
  8
User.1
  6
CONTINUOUS
100
AcDbLine
 10
5.2802080314960627
 20
-3.1022692913385828
 30
0
 11
5.2815487007874014
 21
-3.1072727165354328
 31
0
  0
LINE
  5
24A
330
1A
100
AcDbEntity
  8
User.1
  6
CONTINUOUS
100
AcDbLine
 10
5.2815487007874014
 20
-3.1072727165354328
 30
0
 11
5.2815487007874014
 21
-3.1124526377952755
 31
0
  0
LINE
  5
24B
330
1A
100
AcDbEntity
  8
User.1
  6
CONTINUOUS
100
AcDbLine
 10
5.2815487007874014
 20
-3.1124526377952755
 30
0
 11
5.2802080314960627
 21
-3.117456062992126
 31
0
  0
LINE
  5
24C
330
1A
100
AcDbEntity
  8
User.1
  6
CONTINUOUS
100
AcDbLine
 10
5.2802080314960627
 20
-3.117456062992126
 30
0
 11
5.2776180708661418
 21
-3.1219420078740159
 31
0
  0
LINE
  5
24D
330
1A
100
AcDbEntity
  8
User.1
  6
CONTINUOUS
100
AcDbLine
 10
5.2776180708661418
 20
-3.1219420078740159
 30
0
 11
5.27395531496063
 21
-3.1256047637795277
 31
0
  0
LINE
  5
24E
330
1A
100
AcDbEntity
  8
User.1
  6
CONTINUOUS
100
AcDbLine
 10
5.27395531496063
 20
-3.1256047637795277
 30
0
 11
5.2694693700787401
 21
-3.1281947244094486
 31
0
  0
LINE
  5
24F
330
1A
100
AcDbEntity
  8
User.1
  6
CONTINUOUS
100
AcDbLine
 10
5.2694693700787401
 20
-3.1281947244094486
 30
0
 11
5.2644659448818896
 21
-3.1295353937007873
 31
0
  0
LINE
  5
250
330
1A
100
AcDbEntity
  8
User.1
  6
CONTINUOUS
100
AcDbLine
 10
5.2644659448818896
 20
-3.1295353937007873
 30
0
 11
5.2592860236220469
 21
-3.1295353937007873
 31
0
  0
LINE
  5
251
330
1A
100
AcDbEntity
  8
User.1
  6
CONTINUOUS
100
AcDbLine
 10
5.2592860236220469
 20
-3.1295353937007873
 30
0
 11
5.2542825984251964
 21
-3.1281947244094486
 31
0
  0
LINE
  5
252
330
1A
100
AcDbEntity
  8
User.1
  6
CONTINUOUS
100
AcDbLine
 10
5.2542825984251964
 20
-3.1281947244094486
 30
0
 11
5.2497966535433074
 21
-3.1256047637795277
 31
0
  0
LINE
  5
253
330
1A
100
AcDbEntity
  8
User.1
  6
CONTINUOUS
100
AcDbLine
 10
5.2497966535433074
 20
-3.1256047637795277
 30
0
 11
5.2461338976377956
 21
-3.1219420078740159
 31
0
  0
LINE
  5
254
330
1A
100
AcDbEntity
  8
User.1
  6
CONTINUOUS
100
AcDbLine
 10
5.2461338976377956
 20
-3.1219420078740159
 30
0
 11
5.2435439370078738
 21
-3.117456062992126
 31
0
  0
LINE
  5
255
330
1A
100
AcDbEntity
  8
User.1
  6
CONTINUOUS
100
AcDbLine
 10
5.2435439370078738
 20
-3.117456062992126
 30
0
 11
5.2422032677165351
 21
-3.1124526377952755
 31
0
  0
LINE
  5
256
330
1A
100
AcDbEntity
  8
User.1
  6
CONTINUOUS
100
AcDbLine
 10
5.2422032677165351
 20
-3.1124526377952755
 30
0
 11
5.2422032677165351
 21
-3.1072727165354328
 31
0
  0
LINE
  5
257
330
1A
100
AcDbEntity
  8
User.1
  6
CONTINUOUS
100
AcDbLine
 10
5.2422032677165351
 20
-3.1072727165354328
 30
0
 11
5.2435439370078738
 21
-3.1022692913385828
 31
0
  0
LINE
  5
258
330
1A
100
AcDbEntity
  8
User.1
  6
CONTINUOUS
100
AcDbLine
 10
5.2435439370078738
 20
-3.1022692913385828
 30
0
 11
5.2461338976377956
 21
-3.0977833464566928
 31
0
  0
LINE
  5
259
330
1A
100
AcDbEntity
  8
User.1
  6
CONTINUOUS
100
AcDbLine
 10
5.2461338976377956
 20
-3.0977833464566928
 30
0
 11
5.2497966535433074
 21
-3.094120590551181
 31
0
  0
LINE
  5
25A
330
1A
100
AcDbEntity
  8
User.1
  6
CONTINUOUS
100
AcDbLine
 10
5.2497966535433074
 20
-3.094120590551181
 30
0
 11
5.2542825984251964
 21
-3.0915306299212597
 31
0
  0
LINE
  5
25B
330
1A
100
AcDbEntity
  8
User.1
  6
CONTINUOUS
100
AcDbLine
 10
5.2542825984251964
 20
-3.0915306299212597
 30
0
 11
5.2592860236220469
 21
-3.090189960629921
 31
0
  0
LINE
  5
25C
330
1A
100
AcDbEntity
  8
User.1
  6
CONTINUOUS
100
AcDbLine
 10
5.2592860236220469
 20
-3.090189960629921
 30
0
 11
5.2644659448818896
 21
-3.090189960629921
 31
0
  0
LINE
  5
25D
330
1A
100
AcDbEntity
  8
User.1
  6
CONTINUOUS
100
AcDbLine
 10
5.2644659448818896
 20
-3.090189960629921
 30
0
 11
5.2694693700787401
 21
-3.0915306299212597
 31
0
  0
LINE
  5
25E
330
1A
100
AcDbEntity
  8
User.1
  6
CONTINUOUS
100
AcDbLine
 10
5.1021900787401577
 20
-3.0168712598425196
 30
0
 11
5.1071546456692909
 21
-3.0169944881889763
 31
0
  0
LINE
  5
25F
330
1A
100
AcDbEntity
  8
User.1
  6
CONTINUOUS
100
AcDbLine
 10
5.1071546456692909
 20
-3.0169944881889763
 30
0
 11
5.1119676377952752
 21
-3.0182191338582678
 31
0
  0
LINE
  5
260
330
1A
100
AcDbEntity
  8
User.1
  6
CONTINUOUS
100
AcDbLine
 10
5.1119676377952752
 20
-3.0182191338582678
 30
0
 11
5.1163875590551182
 21
-3.0204838582677165
 31
0
  0
LINE
  5
261
330
1A
100
AcDbEntity
  8
User.1
  6
CONTINUOUS
100
AcDbLine
 10
5.1163875590551182
 20
-3.0204838582677165
 30
0
 11
5.1201928346456693
 21
-3.0236751181102361
 31
0
  0
LINE
  5
262
330
1A
100
AcDbEntity
  8
User.1
  6
CONTINUOUS
100
AcDbLine
 10
5.1201928346456693
 20
-3.0236751181102361
 30
0
 11
5.1231928346456694
 21
-3.0276329921259841
 31
0
  0
LINE
  5
263
330
1A
100
AcDbEntity
  8
User.1
  6
CONTINUOUS
100
AcDbLine
 10
5.1231928346456694
 20
-3.0276329921259841
 30
0
 11
5.1252371259842517
 21
-3.0321590944881889
 31
0
  0
LINE
  5
264
330
1A
100
AcDbEntity
  8
User.1
  6
CONTINUOUS
100
AcDbLine
 10
5.1252371259842517
 20
-3.0321590944881889
 30
0
 11
5.1262195669291337
 21
-3.0370084645669291
 31
0
  0
LINE
  5
265
330
1A
100
AcDbEntity
  8
User.1
  6
CONTINUOUS
100
AcDbLine
 10
5.1262195669291337
 20
-3.0370084645669291
 30
0
 11
5.1262225196850393
 21
-3.0370184645669291
 31
0
  0
LINE
  5
266
330
1A
100
AcDbEntity
  8
User.1
  6
CONTINUOUS
100
AcDbLine
 10
5.1262225196850393
 20
-3.0370184645669291
 30
0
 11
5.1296572440944876
 21
-3.0746775984251968
 31
0
  0
LINE
  5
267
330
1A
100
AcDbEntity
  8
User.1
  6
CONTINUOUS
100
AcDbLine
 10
5.1296572440944876
 20
-3.0746775984251968
 30
0
 11
5.2243496850393703
 21
-3.0663930708661415
 31
0
  0
LINE
  5
268
330
1A
100
AcDbEntity
  8
User.1
  6
CONTINUOUS
100
AcDbLine
 10
5.2243496850393703
 20
-3.0663930708661415
 30
0
 11
5.2248187795275589
 21
-3.0661939763779529
 31
0
  0
LINE
  5
269
330
1A
100
AcDbEntity
  8
User.1
  6
CONTINUOUS
100
AcDbLine
 10
5.2248187795275589
 20
-3.0661939763779529
 30
0
 11
5.2348843700787402
 21
-3.0659743700787403
 31
0
  0
LINE
  5
26A
330
1A
100
AcDbEntity
  8
User.1
  6
CONTINUOUS
100
AcDbLine
 10
5.2348843700787402
 20
-3.0659743700787403
 30
0
 11
5.2448924803149604
 21
-3.067070433070866
 31
0
  0
LINE
  5
26B
330
1A
100
AcDbEntity
  8
User.1
  6
CONTINUOUS
100
AcDbLine
 10
5.2448924803149604
 20
-3.067070433070866
 30
0
 11
5.2546718897637792
 21
-3.0694634251968504
 31
0
  0
LINE
  5
26C
330
1A
100
AcDbEntity
  8
User.1
  6
CONTINUOUS
100
AcDbLine
 10
5.2546718897637792
 20
-3.0694634251968504
 30
0
 11
5.2640553149606299
 21
-3.073112440944882
 31
0
  0
LINE
  5
26D
330
1A
100
AcDbEntity
  8
User.1
  6
CONTINUOUS
100
AcDbLine
 10
5.2640553149606299
 20
-3.073112440944882
 30
0
 11
5.2728821653543303
 21
-3.0779549999999998
 31
0
  0
LINE
  5
26E
330
1A
100
AcDbEntity
  8
User.1
  6
CONTINUOUS
100
AcDbLine
 10
5.2728821653543303
 20
-3.0779549999999998
 30
0
 11
5.2810014173228348
 21
-3.083908307086614
 31
0
  0
LINE
  5
26F
330
1A
100
AcDbEntity
  8
User.1
  6
CONTINUOUS
100
AcDbLine
 10
5.2810014173228348
 20
-3.083908307086614
 30
0
 11
5.2882741732283467
 21
-3.0908704330708661
 31
0
  0
LINE
  5
270
330
1A
100
AcDbEntity
  8
User.1
  6
CONTINUOUS
100
AcDbLine
 10
5.2882741732283467
 20
-3.0908704330708661
 30
0
 11
5.2945759448818892
 21
-3.0987222834645669
 31
0
  0
LINE
  5
271
330
1A
100
AcDbEntity
  8
User.1
  6
CONTINUOUS
100
AcDbLine
 10
5.2945759448818892
 20
-3.0987222834645669
 30
0
 11
5.299798937007874
 21
-3.1073294881889764
 31
0
  0
LINE
  5
272
330
1A
100
AcDbEntity
  8
User.1
  6
CONTINUOUS
100
AcDbLine
 10
5.299798937007874
 20
-3.1073294881889764
 30
0
 11
5.3038537401574803
 21
-3.1165448031496061
 31
0
  0
LINE
  5
273
330
1A
100
AcDbEntity
  8
User.1
  6
CONTINUOUS
100
AcDbLine
 10
5.3038537401574803
 20
-3.1165448031496061
 30
0
 11
5.3066710629921259
 21
-3.1262105511811025
 31
0
  0
LINE
  5
274
330
1A
100
AcDbEntity
  8
User.1
  6
CONTINUOUS
100
AcDbLine
 10
5.3066710629921259
 20
-3.1262105511811025
 30
0
 11
5.3082026377952758
 21
-3.136161338582677
 31
0
  0
LINE
  5
275
330
1A
100
AcDbEntity
  8
User.1
  6
CONTINUOUS
100
AcDbLine
 10
5.3082026377952758
 20
-3.136161338582677
 30
0
 11
5.3081884645669293
 21
-3.1362225590551178
 31
0
  0
LINE
  5
276
330
1A
100
AcDbEntity
  8
User.1
  6
CONTINUOUS
100
AcDbLine
 10
5.3081884645669293
 20
-3.1362225590551178
 30
0
 11
5.308216377952756
 21
-3.1363182283464566
 31
0
  0
LINE
  5
277
330
1A
100
AcDbEntity
  8
User.1
  6
CONTINUOUS
100
AcDbLine
 10
5.308216377952756
 20
-3.1363182283464566
 30
0
 11
5.3112618503937004
 21
-3.1711285433070864
 31
0
  0
LINE
  5
278
330
1A
100
AcDbEntity
  8
User.1
  6
CONTINUOUS
100
AcDbLine
 10
5.3112618503937004
 20
-3.1711285433070864
 30
0
 11
5.3127972047244096
 21
-3.1717645275590551
 31
0
  0
LINE
  5
279
330
1A
100
AcDbEntity
  8
User.1
  6
CONTINUOUS
100
AcDbLine
 10
5.3127972047244096
 20
-3.1717645275590551
 30
0
 11
5.3143146456692909
 21
-3.1732819685039368
 31
0
  0
LINE
  5
27A
330
1A
100
AcDbEntity
  8
User.1
  6
CONTINUOUS
100
AcDbLine
 10
5.3143146456692909
 20
-3.1732819685039368
 30
0
 11
5.315135905511811
 21
-3.1752646062992125
 31
0
  0
LINE
  5
27B
330
1A
100
AcDbEntity
  8
User.1
  6
CONTINUOUS
100
AcDbLine
 10
5.315135905511811
 20
-3.1752646062992125
 30
0
 11
5.315135905511811
 21
-3.1774105905511809
 31
0
  0
LINE
  5
27C
330
1A
100
AcDbEntity
  8
User.1
  6
CONTINUOUS
100
AcDbLine
 10
5.315135905511811
 20
-3.1774105905511809
 30
0
 11
5.3143146456692909
 21
-3.1793932283464565
 31
0
  0
LINE
  5
27D
330
1A
100
AcDbEntity
  8
User.1
  6
CONTINUOUS
100
AcDbLine
 10
5.3143146456692909
 20
-3.1793932283464565
 30
0
 11
5.3127972047244096
 21
-3.1809106692913387
 31
0
  0
LINE
  5
27E
330
1A
100
AcDbEntity
  8
User.1
  6
CONTINUOUS
100
AcDbLine
 10
5.3127972047244096
 20
-3.1809106692913387
 30
0
 11
5.3121414566929133
 21
-3.1811822834645667
 31
0
  0
LINE
  5
27F
330
1A
100
AcDbEntity
  8
User.1
  6
CONTINUOUS
100
AcDbLine
 10
5.3121414566929133
 20
-3.1811822834645667
 30
0
 11
5.3199774409448821
 21
-3.2707480314960629
 31
0
  0
LINE
  5
280
330
1A
100
AcDbEntity
  8
User.1
  6
CONTINUOUS
100
AcDbLine
 10
5.3199774409448821
 20
-3.2707480314960629
 30
0
 11
5.3215127952755905
 21
-3.2713840157480316
 31
0
  0
LINE
  5
281
330
1A
100
AcDbEntity
  8
User.1
  6
CONTINUOUS
100
AcDbLine
 10
5.3215127952755905
 20
-3.2713840157480316
 30
0
 11
5.3230301968503939
 21
-3.2729014173228346
 31
0
  0
LINE
  5
282
330
1A
100
AcDbEntity
  8
User.1
  6
CONTINUOUS
100
AcDbLine
 10
5.3230301968503939
 20
-3.2729014173228346
 30
0
 11
5.3238514566929132
 21
-3.2748840551181102
 31
0
  0
LINE
  5
283
330
1A
100
AcDbEntity
  8
User.1
  6
CONTINUOUS
100
AcDbLine
 10
5.3238514566929132
 20
-3.2748840551181102
 30
0
 11
5.3238514566929132
 21
-3.2770300393700786
 31
0
  0
LINE
  5
284
330
1A
100
AcDbEntity
  8
User.1
  6
CONTINUOUS
100
AcDbLine
 10
5.3238514566929132
 20
-3.2770300393700786
 30
0
 11
5.3230301968503939
 21
-3.2790126771653543
 31
0
  0
LINE
  5
285
330
1A
100
AcDbEntity
  8
User.1
  6
CONTINUOUS
100
AcDbLine
 10
5.3230301968503939
 20
-3.2790126771653543
 30
0
 11
5.3215127952755905
 21
-3.2805300787401572
 31
0
  0
LINE
  5
286
330
1A
100
AcDbEntity
  8
User.1
  6
CONTINUOUS
100
AcDbLine
 10
5.3215127952755905
 20
-3.2805300787401572
 30
0
 11
5.3208570078740154
 21
-3.2808016929133856
 31
0
  0
LINE
  5
287
330
1A
100
AcDbEntity
  8
User.1
  6
CONTINUOUS
100
AcDbLine
 10
5.3208570078740154
 20
-3.2808016929133856
 30
0
 11
5.328693031496063
 21
-3.3703674803149606
 31
0
  0
LINE
  5
288
330
1A
100
AcDbEntity
  8
User.1
  6
CONTINUOUS
100
AcDbLine
 10
5.328693031496063
 20
-3.3703674803149606
 30
0
 11
5.3302283464566926
 21
-3.3710034645669289
 31
0
  0
LINE
  5
289
330
1A
100
AcDbEntity
  8
User.1
  6
CONTINUOUS
100
AcDbLine
 10
5.3302283464566926
 20
-3.3710034645669289
 30
0
 11
5.3317457874015748
 21
-3.3725209055118111
 31
0
  0
LINE
  5
28A
330
1A
100
AcDbEntity
  8
User.1
  6
CONTINUOUS
100
AcDbLine
 10
5.3317457874015748
 20
-3.3725209055118111
 30
0
 11
5.332567047244094
 21
-3.3745035433070867
 31
0
  0
LINE
  5
28B
330
1A
100
AcDbEntity
  8
User.1
  6
CONTINUOUS
100
AcDbLine
 10
5.332567047244094
 20
-3.3745035433070867
 30
0
 11
5.332567047244094
 21
-3.3766495275590551
 31
0
  0
LINE
  5
28C
330
1A
100
AcDbEntity
  8
User.1
  6
CONTINUOUS
100
AcDbLine
 10
5.332567047244094
 20
-3.3766495275590551
 30
0
 11
5.3317457874015748
 21
-3.3786321653543308
 31
0
  0
LINE
  5
28D
330
1A
100
AcDbEntity
  8
User.1
  6
CONTINUOUS
100
AcDbLine
 10
5.3317457874015748
 20
-3.3786321653543308
 30
0
 11
5.3302283464566926
 21
-3.3801496062992125
 31
0
  0
LINE
  5
28E
330
1A
100
AcDbEntity
  8
User.1
  6
CONTINUOUS
100
AcDbLine
 10
5.3302283464566926
 20
-3.3801496062992125
 30
0
 11
5.3295725984251971
 21
-3.3804212204724409
 31
0
  0
LINE
  5
28F
330
1A
100
AcDbEntity
  8
User.1
  6
CONTINUOUS
100
AcDbLine
 10
5.3295725984251971
 20
-3.3804212204724409
 30
0
 11
5.3374085826771651
 21
-3.4699869685039371
 31
0
  0
LINE
  5
290
330
1A
100
AcDbEntity
  8
User.1
  6
CONTINUOUS
100
AcDbLine
 10
5.3374085826771651
 20
-3.4699869685039371
 30
0
 11
5.3389439370078735
 21
-3.4706229527559054
 31
0
  0
LINE
  5
291
330
1A
100
AcDbEntity
  8
User.1
  6
CONTINUOUS
100
AcDbLine
 10
5.3389439370078735
 20
-3.4706229527559054
 30
0
 11
5.3404613385826769
 21
-3.4721403543307088
 31
0
  0
LINE
  5
292
330
1A
100
AcDbEntity
  8
User.1
  6
CONTINUOUS
100
AcDbLine
 10
5.3404613385826769
 20
-3.4721403543307088
 30
0
 11
5.341282598425197
 21
-3.474122992125984
 31
0
  0
LINE
  5
293
330
1A
100
AcDbEntity
  8
User.1
  6
CONTINUOUS
100
AcDbLine
 10
5.341282598425197
 20
-3.474122992125984
 30
0
 11
5.341282598425197
 21
-3.4762689763779528
 31
0
  0
LINE
  5
294
330
1A
100
AcDbEntity
  8
User.1
  6
CONTINUOUS
100
AcDbLine
 10
5.341282598425197
 20
-3.4762689763779528
 30
0
 11
5.3404613385826769
 21
-3.4782516141732285
 31
0
  0
LINE
  5
295
330
1A
100
AcDbEntity
  8
User.1
  6
CONTINUOUS
100
AcDbLine
 10
5.3404613385826769
 20
-3.4782516141732285
 30
0
 11
5.3389439370078735
 21
-3.4797690157480314
 31
0
  0
LINE
  5
296
330
1A
100
AcDbEntity
  8
User.1
  6
CONTINUOUS
100
AcDbLine
 10
5.3389439370078735
 20
-3.4797690157480314
 30
0
 11
5.3382881496062993
 21
-3.4800406299212598
 31
0
  0
LINE
  5
297
330
1A
100
AcDbEntity
  8
User.1
  6
CONTINUOUS
100
AcDbLine
 10
5.3382881496062993
 20
-3.4800406299212598
 30
0
 11
5.346124173228346
 21
-3.5696064173228343
 31
0
  0
LINE
  5
298
330
1A
100
AcDbEntity
  8
User.1
  6
CONTINUOUS
100
AcDbLine
 10
5.346124173228346
 20
-3.5696064173228343
 30
0
 11
5.3476594881889765
 21
-3.5702424015748031
 31
0
  0
LINE
  5
299
330
1A
100
AcDbEntity
  8
User.1
  6
CONTINUOUS
100
AcDbLine
 10
5.3476594881889765
 20
-3.5702424015748031
 30
0
 11
5.3491769291338578
 21
-3.5717598425196848
 31
0
  0
LINE
  5
29A
330
1A
100
AcDbEntity
  8
User.1
  6
CONTINUOUS
100
AcDbLine
 10
5.3491769291338578
 20
-3.5717598425196848
 30
0
 11
5.3499981889763779
 21
-3.5737424803149604
 31
0
  0
LINE
  5
29B
330
1A
100
AcDbEntity
  8
User.1
  6
CONTINUOUS
100
AcDbLine
 10
5.3499981889763779
 20
-3.5737424803149604
 30
0
 11
5.3499981889763779
 21
-3.5758884645669289
 31
0
  0
LINE
  5
29C
330
1A
100
AcDbEntity
  8
User.1
  6
CONTINUOUS
100
AcDbLine
 10
5.3499981889763779
 20
-3.5758884645669289
 30
0
 11
5.3491769291338578
 21
-3.5778711023622045
 31
0
  0
LINE
  5
29D
330
1A
100
AcDbEntity
  8
User.1
  6
CONTINUOUS
100
AcDbLine
 10
5.3491769291338578
 20
-3.5778711023622045
 30
0
 11
5.3476594881889765
 21
-3.5793885433070867
 31
0
  0
LINE
  5
29E
330
1A
100
AcDbEntity
  8
User.1
  6
CONTINUOUS
100
AcDbLine
 10
5.3476594881889765
 20
-3.5793885433070867
 30
0
 11
5.3470037401574801
 21
-3.5796601574803151
 31
0
  0
LINE
  5
29F
330
1A
100
AcDbEntity
  8
User.1
  6
CONTINUOUS
100
AcDbLine
 10
5.3470037401574801
 20
-3.5796601574803151
 30
0
 11
5.3502135826771653
 21
-3.6163485433070863
 31
0
  0
LINE
  5
2A0
330
1A
100
AcDbEntity
  8
User.1
  6
CONTINUOUS
100
AcDbLine
 10
5.3502135826771653
 20
-3.6163485433070863
 30
0
 11
5.3635862598425197
 21
-3.6151786220472442
 31
0
  0
LINE
  5
2A1
330
1A
100
AcDbEntity
  8
User.1
  6
CONTINUOUS
100
AcDbLine
 10
5.3635862598425197
 20
-3.6151786220472442
 30
0
 11
5.3641650787401574
 21
-3.6151849606299211
 31
0
  0
LINE
  5
2A2
330
1A
100
AcDbEntity
  8
User.1
  6
CONTINUOUS
100
AcDbLine
 10
5.3641650787401574
 20
-3.6151849606299211
 30
0
 11
5.3652638582677161
 21
-3.6155314173228348
 31
0
  0
LINE
  5
2A3
330
1A
100
AcDbEntity
  8
User.1
  6
CONTINUOUS
100
AcDbLine
 10
5.3652638582677161
 20
-3.6155314173228348
 30
0
 11
5.3661464173228346
 21
-3.6162719685039368
 31
0
  0
LINE
  5
2A4
330
1A
100
AcDbEntity
  8
User.1
  6
CONTINUOUS
100
AcDbLine
 10
5.3661464173228346
 20
-3.6162719685039368
 30
0
 11
5.3666784251968505
 21
-3.6172938976377953
 31
0
  0
LINE
  5
2A5
330
1A
100
AcDbEntity
  8
User.1
  6
CONTINUOUS
100
AcDbLine
 10
5.3666784251968505
 20
-3.6172938976377953
 30
0
 11
5.3667851574803151
 21
-3.6178627952755904
 31
0
  0
LINE
  5
2A6
330
1A
100
AcDbEntity
  8
User.1
  6
CONTINUOUS
100
AcDbLine
 10
5.3667851574803151
 20
-3.6178627952755904
 30
0
 11
5.4320310629921256
 21
-4.3636266535433066
 31
0
  0
LINE
  5
2A7
330
1A
100
AcDbEntity
  8
User.1
  6
CONTINUOUS
100
AcDbLine
 10
5.4320310629921256
 20
-4.3636266535433066
 30
0
 11
5.4971756299212595
 21
-5.1082328346456691
 31
0
  0
LINE
  5
2A8
330
1A
100
AcDbEntity
  8
User.1
  6
CONTINUOUS
100
AcDbLine
 10
5.4971756299212595
 20
-5.1082328346456691
 30
0
 11
5.562542440944882
 21
-5.8553788582677164
 31
0
  0
LINE
  5
2A9
330
1A
100
AcDbEntity
  8
User.1
  6
CONTINUOUS
100
AcDbLine
 10
5.562542440944882
 20
-5.8553788582677164
 30
0
 11
5.5625361023622046
 21
-5.8559576771653541
 31
0
  0
LINE
  5
2AA
330
1A
100
AcDbEntity
  8
User.1
  6
CONTINUOUS
100
AcDbLine
 10
5.5625361023622046
 20
-5.8559576771653541
 30
0
 11
5.5621896456692914
 21
-5.8570564566929129
 31
0
  0
LINE
  5
2AB
330
1A
100
AcDbEntity
  8
User.1
  6
CONTINUOUS
100
AcDbLine
 10
5.5621896456692914
 20
-5.8570564566929129
 30
0
 11
5.5614490944881885
 21
-5.8579390157480313
 31
0
  0
LINE
  5
2AC
330
1A
100
AcDbEntity
  8
User.1
  6
CONTINUOUS
100
AcDbLine
 10
5.5614490944881885
 20
-5.8579390157480313
 30
0
 11
5.5604271653543309
 21
-5.8584710236220472
 31
0
  0
LINE
  5
2AD
330
1A
100
AcDbEntity
  8
User.1
  6
CONTINUOUS
100
AcDbLine
 10
5.5604271653543309
 20
-5.8584710236220472
 30
0
 11
5.5598582677165354
 21
-5.8585777559055119
 31
0
  0
LINE
  5
2AE
330
1A
100
AcDbEntity
  8
User.1
  6
CONTINUOUS
100
AcDbLine
 10
5.5598582677165354
 20
-5.8585777559055119
 30
0
 11
4.8127122440944881
 21
-5.9239445669291335
 31
0
  0
LINE
  5
2AF
330
1A
100
AcDbEntity
  8
User.1
  6
CONTINUOUS
100
AcDbLine
 10
4.8127122440944881
 20
-5.9239445669291335
 30
0
 11
4.8127121653543306
 21
-5.9239445275590548
 31
0
  0
LINE
  5
2B0
330
1A
100
AcDbEntity
  8
User.1
  6
CONTINUOUS
100
AcDbLine
 10
4.8127121653543306
 20
-5.9239445275590548
 30
0
 11
4.0675272440944878
 21
-5.9891398031496061
 31
0
  0
LINE
  5
2B1
330
1A
100
AcDbEntity
  8
User.1
  6
CONTINUOUS
100
AcDbLine
 10
4.0675272440944878
 20
-5.9891398031496061
 30
0
 11
4.0669484251968502
 21
-5.9891334645669287
 31
0
  0
LINE
  5
2B2
330
1A
100
AcDbEntity
  8
User.1
  6
CONTINUOUS
100
AcDbLine
 10
4.0669484251968502
 20
-5.9891334645669287
 30
0
 11
4.0658496456692914
 21
-5.9887870078740155
 31
0
  0
LINE
  5
2B3
330
1A
100
AcDbEntity
  8
User.1
  6
CONTINUOUS
100
AcDbLine
 10
4.0658496456692914
 20
-5.9887870078740155
 30
0
 11
4.0649670866141729
 21
-5.9880464566929135
 31
0
  0
LINE
  5
2B4
330
1A
100
AcDbEntity
  8
User.1
  6
CONTINUOUS
100
AcDbLine
 10
4.0649670866141729
 20
-5.9880464566929135
 30
0
 11
4.0644350787401571
 21
-5.987024527559055
 31
0
  0
LINE
  5
2B5
330
1A
100
AcDbEntity
  8
User.1
  6
CONTINUOUS
100
AcDbLine
 10
4.0644350787401571
 20
-5.987024527559055
 30
0
 11
4.0643283464566924
 21
-5.9864556299212595
 31
0
  0
LINE
  5
2B6
330
1A
100
AcDbEntity
  8
User.1
  6
CONTINUOUS
100
AcDbLine
 10
4.0643283464566924
 20
-5.9864556299212595
 30
0
 11
3.9989615354330708
 21
-5.2393096062992122
 31
0
  0
LINE
  5
2B7
330
1A
100
AcDbEntity
  8
User.1
  6
CONTINUOUS
100
AcDbLine
 10
3.9989615354330708
 20
-5.2393096062992122
 30
0
 11
3.9989615354330708
 21
-5.2393095275590547
 31
0
  0
LINE
  5
2B8
330
1A
100
AcDbEntity
  8
User.1
  6
CONTINUOUS
100
AcDbLine
 10
3.9989615354330708
 20
-5.2393095275590547
 30
0
 11
3.9337662992125981
 21
-4.4941246062992128
 31
0
  0
LINE
  5
2B9
330
1A
100
AcDbEntity
  8
User.1
  6
CONTINUOUS
100
AcDbLine
 10
3.9337662992125981
 20
-4.4941246062992128
 30
0
 11
3.9337662992125981
 21
-4.4941244881889766
 31
0
  0
LINE
  5
2BA
330
1A
100
AcDbEntity
  8
User.1
  6
CONTINUOUS
100
AcDbLine
 10
3.9337662992125981
 20
-4.4941244881889766
 30
0
 11
3.8685710629921259
 21
-3.7489395669291339
 31
0
  0
LINE
  5
2BB
330
1A
100
AcDbEntity
  8
User.1
  6
CONTINUOUS
100
AcDbLine
 10
3.8685710629921259
 20
-3.7489395669291339
 30
0
 11
3.8685774015748029
 21
-3.7483607480314958
 31
0
  0
LINE
  5
2BC
330
1A
100
AcDbEntity
  8
User.1
  6
CONTINUOUS
100
AcDbLine
 10
3.8685774015748029
 20
-3.7483607480314958
 30
0
 11
3.8689238582677166
 21
-3.747261968503937
 31
0
  0
LINE
  5
2BD
330
1A
100
AcDbEntity
  8
User.1
  6
CONTINUOUS
100
AcDbLine
 10
3.8689238582677166
 20
-3.747261968503937
 30
0
 11
3.8696644094488186
 21
-3.746379409448819
 31
0
  0
LINE
  5
2BE
330
1A
100
AcDbEntity
  8
User.1
  6
CONTINUOUS
100
AcDbLine
 10
3.8696644094488186
 20
-3.746379409448819
 30
0
 11
3.8706863385826771
 21
-3.7458474015748031
 31
0
  0
LINE
  5
2BF
330
1A
100
AcDbEntity
  8
User.1
  6
CONTINUOUS
100
AcDbLine
 10
3.8706863385826771
 20
-3.7458474015748031
 30
0
 11
3.8712552362204722
 21
-3.7457406692913384
 31
0
  0
LINE
  5
2C0
330
1A
100
AcDbEntity
  8
User.1
  6
CONTINUOUS
100
AcDbLine
 10
3.8712552362204722
 20
-3.7457406692913384
 30
0
 11
4.6184012598425195
 21
-3.6803738582677163
 31
0
  0
LINE
  5
2C1
330
1A
100
AcDbEntity
  8
User.1
  6
CONTINUOUS
100
AcDbLine
 10
4.6184012598425195
 20
-3.6803738582677163
 30
0
 11
4.6184012992125982
 21
-3.6803738582677163
 31
0
  0
LINE
  5
2C2
330
1A
100
AcDbEntity
  8
User.1
  6
CONTINUOUS
100
AcDbLine
 10
4.6184012992125982
 20
-3.6803738582677163
 30
0
 11
4.6489552362204725
 21
-3.6777007086614173
 31
0
  0
LINE
  5
2C3
330
1A
100
AcDbEntity
  8
User.1
  6
CONTINUOUS
100
AcDbLine
 10
4.6489552362204725
 20
-3.6777007086614173
 30
0
 11
4.6457472440944878
 21
-3.6410335039370079
 31
0
  0
LINE
  5
2C4
330
1A
100
AcDbEntity
  8
User.1
  6
CONTINUOUS
100
AcDbLine
 10
4.6457472440944878
 20
-3.6410335039370079
 30
0
 11
4.6442119685039369
 21
-3.6403975590551179
 31
0
  0
LINE
  5
2C5
330
1A
100
AcDbEntity
  8
User.1
  6
CONTINUOUS
100
AcDbLine
 10
4.6442119685039369
 20
-3.6403975590551179
 30
0
 11
4.6426945275590548
 21
-3.6388801181102362
 31
0
  0
LINE
  5
2C6
330
1A
100
AcDbEntity
  8
User.1
  6
CONTINUOUS
100
AcDbLine
 10
4.6426945275590548
 20
-3.6388801181102362
 30
0
 11
4.6418732677165355
 21
-3.6368974803149605
 31
0
  0
LINE
  5
2C7
330
1A
100
AcDbEntity
  8
User.1
  6
CONTINUOUS
100
AcDbLine
 10
4.6418732677165355
 20
-3.6368974803149605
 30
0
 11
4.6418732677165355
 21
-3.6349293700787402
 31
0
  0
LINE
  5
2C8
330
1A
100
AcDbEntity
  8
User.1
  6
CONTINUOUS
100
AcDbLine
 10
4.6418732677165355
 20
-3.6349293700787402
 30
0
 11
4.6418732677165355
 21
-3.6347514960629921
 31
0
  0
LINE
  5
2C9
330
1A
100
AcDbEntity
  8
User.1
  6
CONTINUOUS
100
AcDbLine
 10
4.6418732677165355
 20
-3.6347514960629921
 30
0
 11
4.6426945275590548
 21
-3.6327688582677164
 31
0
  0
LINE
  5
2CA
330
1A
100
AcDbEntity
  8
User.1
  6
CONTINUOUS
100
AcDbLine
 10
4.6426945275590548
 20
-3.6327688582677164
 30
0
 11
4.6442119685039369
 21
-3.6312514173228347
 31
0
  0
LINE
  5
2CB
330
1A
100
AcDbEntity
  8
User.1
  6
CONTINUOUS
100
AcDbLine
 10
4.6442119685039369
 20
-3.6312514173228347
 30
0
 11
4.6448676771653545
 21
-3.6309797637795276
 31
0
  0
LINE
  5
2CC
330
1A
100
AcDbEntity
  8
User.1
  6
CONTINUOUS
100
AcDbLine
 10
4.6448676771653545
 20
-3.6309797637795276
 30
0
 11
4.6370316929133857
 21
-3.5414140551181101
 31
0
  0
LINE
  5
2CD
330
1A
100
AcDbEntity
  8
User.1
  6
CONTINUOUS
100
AcDbLine
 10
4.6370316929133857
 20
-3.5414140551181101
 30
0
 11
4.635496377952756
 21
-3.5407781102362206
 31
0
  0
LINE
  5
2CE
330
1A
100
AcDbEntity
  8
User.1
  6
CONTINUOUS
100
AcDbLine
 10
4.635496377952756
 20
-3.5407781102362206
 30
0
 11
4.6339789370078739
 21
-3.5392606692913384
 31
0
  0
LINE
  5
2CF
330
1A
100
AcDbEntity
  8
User.1
  6
CONTINUOUS
100
AcDbLine
 10
4.6339789370078739
 20
-3.5392606692913384
 30
0
 11
4.6331576771653546
 21
-3.5372780314960628
 31
0
  0
LINE
  5
2D0
330
1A
100
AcDbEntity
  8
User.1
  6
CONTINUOUS
100
AcDbLine
 10
4.6331576771653546
 20
-3.5372780314960628
 30
0
 11
4.6331576771653546
 21
-3.5353099212598424
 31
0
  0
LINE
  5
2D1
330
1A
100
AcDbEntity
  8
User.1
  6
CONTINUOUS
100
AcDbLine
 10
4.6331576771653546
 20
-3.5353099212598424
 30
0
 11
4.6331576771653546
 21
-3.5351320472440944
 31
0
  0
LINE
  5
2D2
330
1A
100
AcDbEntity
  8
User.1
  6
CONTINUOUS
100
AcDbLine
 10
4.6331576771653546
 20
-3.5351320472440944
 30
0
 11
4.6339789370078739
 21
-3.5331494094488187
 31
0
  0
LINE
  5
2D3
330
1A
100
AcDbEntity
  8
User.1
  6
CONTINUOUS
100
AcDbLine
 10
4.6339789370078739
 20
-3.5331494094488187
 30
0
 11
4.635496377952756
 21
-3.531631968503937
 31
0
  0
LINE
  5
2D4
330
1A
100
AcDbEntity
  8
User.1
  6
CONTINUOUS
100
AcDbLine
 10
4.635496377952756
 20
-3.531631968503937
 30
0
 11
4.6361520866141728
 21
-3.5313603149606299
 31
0
  0
LINE
  5
2D5
330
1A
100
AcDbEntity
  8
User.1
  6
CONTINUOUS
100
AcDbLine
 10
4.6361520866141728
 20
-3.5313603149606299
 30
0
 11
4.6283161023622048
 21
-3.4417945669291337
 31
0
  0
LINE
  5
2D6
330
1A
100
AcDbEntity
  8
User.1
  6
CONTINUOUS
100
AcDbLine
 10
4.6283161023622048
 20
-3.4417945669291337
 30
0
 11
4.626780826771653
 21
-3.4411586220472441
 31
0
  0
LINE
  5
2D7
330
1A
100
AcDbEntity
  8
User.1
  6
CONTINUOUS
100
AcDbLine
 10
4.626780826771653
 20
-3.4411586220472441
 30
0
 11
4.6252633858267718
 21
-3.4396411811023619
 31
0
  0
LINE
  5
2D8
330
1A
100
AcDbEntity
  8
User.1
  6
CONTINUOUS
100
AcDbLine
 10
4.6252633858267718
 20
-3.4396411811023619
 30
0
 11
4.6244421259842516
 21
-3.4376585433070868
 31
0
  0
LINE
  5
2D9
330
1A
100
AcDbEntity
  8
User.1
  6
CONTINUOUS
100
AcDbLine
 10
4.6244421259842516
 20
-3.4376585433070868
 30
0
 11
4.6244421259842516
 21
-3.435690433070866
 31
0
  0
LINE
  5
2DA
330
1A
100
AcDbEntity
  8
User.1
  6
CONTINUOUS
100
AcDbLine
 10
4.6244421259842516
 20
-3.435690433070866
 30
0
 11
4.6244421259842516
 21
-3.4355125590551179
 31
0
  0
LINE
  5
2DB
330
1A
100
AcDbEntity
  8
User.1
  6
CONTINUOUS
100
AcDbLine
 10
4.6244421259842516
 20
-3.4355125590551179
 30
0
 11
4.6252633858267718
 21
-3.4335299212598422
 31
0
  0
LINE
  5
2DC
330
1A
100
AcDbEntity
  8
User.1
  6
CONTINUOUS
100
AcDbLine
 10
4.6252633858267718
 20
-3.4335299212598422
 30
0
 11
4.626780826771653
 21
-3.4320124803149605
 31
0
  0
LINE
  5
2DD
330
1A
100
AcDbEntity
  8
User.1
  6
CONTINUOUS
100
AcDbLine
 10
4.626780826771653
 20
-3.4320124803149605
 30
0
 11
4.6274365354330707
 21
-3.4317408661417321
 31
0
  0
LINE
  5
2DE
330
1A
100
AcDbEntity
  8
User.1
  6
CONTINUOUS
100
AcDbLine
 10
4.6274365354330707
 20
-3.4317408661417321
 30
0
 11
4.6196005118110239
 21
-3.3421750393700789
 31
0
  0
LINE
  5
2DF
330
1A
100
AcDbEntity
  8
User.1
  6
CONTINUOUS
100
AcDbLine
 10
4.6196005118110239
 20
-3.3421750393700789
 30
0
 11
4.6180652362204722
 21
-3.3415390944881889
 31
0
  0
LINE
  5
2E0
330
1A
100
AcDbEntity
  8
User.1
  6
CONTINUOUS
100
AcDbLine
 10
4.6180652362204722
 20
-3.3415390944881889
 30
0
 11
4.6165478346456688
 21
-3.3400216929133859
 31
0
  0
LINE
  5
2E1
330
1A
100
AcDbEntity
  8
User.1
  6
CONTINUOUS
100
AcDbLine
 10
4.6165478346456688
 20
-3.3400216929133859
 30
0
 11
4.6157265748031495
 21
-3.3380390551181103
 31
0
  0
LINE
  5
2E2
330
1A
100
AcDbEntity
  8
User.1
  6
CONTINUOUS
100
AcDbLine
 10
4.6157265748031495
 20
-3.3380390551181103
 30
0
 11
4.6157265748031495
 21
-3.3360709842519682
 31
0
  0
LINE
  5
2E3
330
1A
100
AcDbEntity
  8
User.1
  6
CONTINUOUS
100
AcDbLine
 10
4.6157265748031495
 20
-3.3360709842519682
 30
0
 11
4.6157265748031495
 21
-3.3358930708661418
 31
0
  0
LINE
  5
2E4
330
1A
100
AcDbEntity
  8
User.1
  6
CONTINUOUS
100
AcDbLine
 10
4.6157265748031495
 20
-3.3358930708661418
 30
0
 11
4.6165478346456688
 21
-3.3339104330708662
 31
0
  0
LINE
  5
2E5
330
1A
100
AcDbEntity
  8
User.1
  6
CONTINUOUS
100
AcDbLine
 10
4.6165478346456688
 20
-3.3339104330708662
 30
0
 11
4.6180652362204722
 21
-3.3323930314960628
 31
0
  0
LINE
  5
2E6
330
1A
100
AcDbEntity
  8
User.1
  6
CONTINUOUS
100
AcDbLine
 10
4.6180652362204722
 20
-3.3323930314960628
 30
0
 11
4.6187209448818898
 21
-3.3321213779527556
 31
0
  0
LINE
  5
2E7
330
1A
100
AcDbEntity
  8
User.1
  6
CONTINUOUS
100
AcDbLine
 10
4.6187209448818898
 20
-3.3321213779527556
 30
0
 11
4.6108849606299209
 21
-3.2425556299212599
 31
0
  0
LINE
  5
2E8
330
1A
100
AcDbEntity
  8
User.1
  6
CONTINUOUS
100
AcDbLine
 10
4.6108849606299209
 20
-3.2425556299212599
 30
0
 11
4.6093496456692913
 21
-3.2419196850393699
 31
0
  0
LINE
  5
2E9
330
1A
100
AcDbEntity
  8
User.1
  6
CONTINUOUS
100
AcDbLine
 10
4.6093496456692913
 20
-3.2419196850393699
 30
0
 11
4.6078322047244091
 21
-3.2404022440944882
 31
0
  0
LINE
  5
2EA
330
1A
100
AcDbEntity
  8
User.1
  6
CONTINUOUS
100
AcDbLine
 10
4.6078322047244091
 20
-3.2404022440944882
 30
0
 11
4.6070109448818899
 21
-3.2384196062992125
 31
0
  0
LINE
  5
2EB
330
1A
100
AcDbEntity
  8
User.1
  6
CONTINUOUS
100
AcDbLine
 10
4.6070109448818899
 20
-3.2384196062992125
 30
0
 11
4.6070109448818899
 21
-3.2364514960629922
 31
0
  0
LINE
  5
2EC
330
1A
100
AcDbEntity
  8
User.1
  6
CONTINUOUS
100
AcDbLine
 10
4.6070109448818899
 20
-3.2364514960629922
 30
0
 11
4.6070109448818899
 21
-3.2362736220472441
 31
0
  0
LINE
  5
2ED
330
1A
100
AcDbEntity
  8
User.1
  6
CONTINUOUS
100
AcDbLine
 10
4.6070109448818899
 20
-3.2362736220472441
 30
0
 11
4.6078322047244091
 21
-3.2342909842519685
 31
0
  0
LINE
  5
2EE
330
1A
100
AcDbEntity
  8
User.1
  6
CONTINUOUS
100
AcDbLine
 10
4.6078322047244091
 20
-3.2342909842519685
 30
0
 11
4.6093496456692913
 21
-3.2327735433070863
 31
0
  0
LINE
  5
2EF
330
1A
100
AcDbEntity
  8
User.1
  6
CONTINUOUS
100
AcDbLine
 10
4.6093496456692913
 20
-3.2327735433070863
 30
0
 11
4.6100053937007877
 21
-3.2325018897637796
 31
0
  0
LINE
  5
2F0
330
1A
100
AcDbEntity
  8
User.1
  6
CONTINUOUS
100
AcDbLine
 10
4.6100053937007877
 20
-3.2325018897637796
 30
0
 11
4.6069580314960632
 21
-3.1976703937007875
 31
0
  0
LINE
  5
2F1
330
1A
100
AcDbEntity
  8
User.1
  6
CONTINUOUS
100
AcDbLine
 10
4.6069580314960632
 20
-3.1976703937007875
 30
0
 11
4.6069580314960632
 21
-3.1976703543307088
 31
0
  0
LINE
  5
2F2
330
1A
100
AcDbEntity
  8
User.1
  6
CONTINUOUS
100
AcDbLine
 10
4.6069580314960632
 20
-3.1976703543307088
 30
0
 11
4.6067386614173227
 21
-3.187604842519685
 31
0
  0
LINE
  5
2F3
330
1A
100
AcDbEntity
  8
User.1
  6
CONTINUOUS
100
AcDbLine
 10
4.6067386614173227
 20
-3.187604842519685
 30
0
 11
4.6078348818897634
 21
-3.1775968110236219
 31
0
  0
LINE
  5
2F4
330
1A
100
AcDbEntity
  8
User.1
  6
CONTINUOUS
100
AcDbLine
 10
4.6078348818897634
 20
-3.1775968110236219
 30
0
 11
4.6102280314960629
 21
-3.1678174803149606
 31
0
  0
LINE
  5
2F5
330
1A
100
AcDbEntity
  8
User.1
  6
CONTINUOUS
100
AcDbLine
 10
4.6102280314960629
 20
-3.1678174803149606
 30
0
 11
4.6138771259842519
 21
-3.1584341732283465
 31
0
  0
LINE
  5
2F6
330
1A
100
AcDbEntity
  8
User.1
  6
CONTINUOUS
100
AcDbLine
 10
4.6138771259842519
 20
-3.1584341732283465
 30
0
 11
4.6187197244094484
 21
-3.149607440944882
 31
0
  0
LINE
  5
2F7
330
1A
100
AcDbEntity
  8
User.1
  6
CONTINUOUS
100
AcDbLine
 10
4.6187197244094484
 20
-3.149607440944882
 30
0
 11
4.6246729921259844
 21
-3.1414882677165354
 31
0
  0
LINE
  5
2F8
330
1A
100
AcDbEntity
  8
User.1
  6
CONTINUOUS
100
AcDbLine
 10
4.6246729921259844
 20
-3.1414882677165354
 30
0
 11
4.6316350393700789
 21
-3.134215590551181
 31
0
  0
LINE
  5
2F9
330
1A
100
AcDbEntity
  8
User.1
  6
CONTINUOUS
100
AcDbLine
 10
4.6316350393700789
 20
-3.134215590551181
 30
0
 11
4.6394867716535435
 21
-3.1279137795275589
 31
0
  0
LINE
  5
2FA
330
1A
100
AcDbEntity
  8
User.1
  6
CONTINUOUS
100
AcDbLine
 10
4.6394867716535435
 20
-3.1279137795275589
 30
0
 11
4.6480938582677167
 21
-3.1226907480314958
 31
0
  0
LINE
  5
2FB
330
1A
100
AcDbEntity
  8
User.1
  6
CONTINUOUS
100
AcDbLine
 10
4.6480938582677167
 20
-3.1226907480314958
 30
0
 11
4.6573090551181098
 21
-3.1186358267716536
 31
0
  0
LINE
  5
2FC
330
1A
100
AcDbEntity
  8
User.1
  6
CONTINUOUS
100
AcDbLine
 10
4.6573090551181098
 20
-3.1186358267716536
 30
0
 11
4.6669746850393699
 21
-3.1158183464566926
 31
0
  0
LINE
  5
2FD
330
1A
100
AcDbEntity
  8
User.1
  6
CONTINUOUS
100
AcDbLine
 10
4.6669746850393699
 20
-3.1158183464566926
 30
0
 11
4.6769253543307086
 21
-3.1142865354330707
 31
0
  0
LINE
  5
2FE
330
1A
100
AcDbEntity
  8
User.1
  6
CONTINUOUS
100
AcDbLine
 10
4.6769253543307086
 20
-3.1142865354330707
 30
0
 11
4.6769253937007873
 21
-3.1142865354330707
 31
0
  0
LINE
  5
2FF
330
1A
100
AcDbEntity
  8
User.1
  6
CONTINUOUS
100
AcDbLine
 10
4.6769253937007873
 20
-3.1142865354330707
 30
0
 11
4.771740393700787
 21
-3.1059912598425194
 31
0
  0
LINE
  5
300
330
1A
100
AcDbEntity
  8
User.1
  6
CONTINUOUS
100
AcDbLine
 10
4.771740393700787
 20
-3.1059912598425194
 30
0
 11
4.7684463385826774
 21
-3.0683398425196851
 31
0
  0
LINE
  5
301
330
1A
100
AcDbEntity
  8
User.1
  6
CONTINUOUS
100
AcDbLine
 10
4.7684463385826774
 20
-3.0683398425196851
 30
0
 11
4.7684463385826774
 21
-3.068339527559055
 31
0
  0
LINE
  5
302
330
1A
100
AcDbEntity
  8
User.1
  6
CONTINUOUS
100
AcDbLine
 10
4.7684463385826774
 20
-3.068339527559055
 30
0
 11
4.7684462992125987
 21
-3.06833937007874
 31
0
  0
LINE
  5
303
330
1A
100
AcDbEntity
  8
User.1
  6
CONTINUOUS
100
AcDbLine
 10
4.7684462992125987
 20
-3.06833937007874
 30
0
 11
4.7685709842519683
 21
-3.0633734251968505
 31
0
  0
LINE
  5
304
330
1A
100
AcDbEntity
  8
User.1
  6
CONTINUOUS
100
AcDbLine
 10
4.7685709842519683
 20
-3.0633734251968505
 30
0
 11
4.7697973228346457
 21
-3.0585596850393699
 31
0
  0
LINE
  5
305
330
1A
100
AcDbEntity
  8
User.1
  6
CONTINUOUS
100
AcDbLine
 10
4.7697973228346457
 20
-3.0585596850393699
 30
0
 11
4.7720637795275591
 21
-3.0541393700787403
 31
0
  0
LINE
  5
306
330
1A
100
AcDbEntity
  8
User.1
  6
CONTINUOUS
100
AcDbLine
 10
4.7720637795275591
 20
-3.0541393700787403
 30
0
 11
4.7752568110236222
 21
-3.05033405511811
 31
0
  0
LINE
  5
307
330
1A
100
AcDbEntity
  8
User.1
  6
CONTINUOUS
100
AcDbLine
 10
4.7752568110236222
 20
-3.05033405511811
 30
0
 11
4.7792164173228349
 21
-3.0473344094488186
 31
0
  0
LINE
  5
308
330
1A
100
AcDbEntity
  8
User.1
  6
CONTINUOUS
100
AcDbLine
 10
4.7792164173228349
 20
-3.0473344094488186
 30
0
 11
4.7837440551181105
 21
-3.0452908267716534
 31
0
  0
LINE
  5
309
330
1A
100
AcDbEntity
  8
User.1
  6
CONTINUOUS
100
AcDbLine
 10
4.7837440551181105
 20
-3.0452908267716534
 30
0
 11
4.7886129133858271
 21
-3.0443057086614171
 31
0
  0
LINE
  5
30A
330
1A
100
AcDbEntity
  8
User.1
  6
CONTINUOUS
100
AcDbLine
 10
4.7886129133858271
 20
-3.0443057086614171
 30
0
 11
4.7886131102362199
 21
-3.0443057480314959
 31
0
  0
LINE
  5
30B
330
1A
100
AcDbEntity
  8
User.1
  6
CONTINUOUS
100
AcDbLine
 10
4.7886131102362199
 20
-3.0443057480314959
 30
0
 11
4.78861342519685
 21
-3.0443056692913384
 31
0
  0
LINE
  5
30C
330
1A
100
AcDbEntity
  8
User.1
  6
CONTINUOUS
100
AcDbLine
 10
4.78861342519685
 20
-3.0443056692913384
 30
0
 11
5.102189724409449
 21
-3.0168712598425196
 31
0
  0
LINE
  5
30D
330
1A
100
AcDbEntity
  8
User.1
  6
CONTINUOUS
100
AcDbLine
 10
5.102189724409449
 20
-3.0168712598425196
 30
0
 11
5.1021898031496065
 21
-3.0168712598425196
 31
0
  0
LINE
  5
30E
330
1A
100
AcDbEntity
  8
User.1
  6
CONTINUOUS
100
AcDbLine
 10
5.1021898031496065
 20
-3.0168712598425196
 30
0
 11
5.1021899606299215
 21
-3.0168712598425196
 31
0
  0
LINE
  5
30F
330
1A
100
AcDbEntity
  8
User.1
  6
CONTINUOUS
100
AcDbLine
 10
5.1021899606299215
 20
-3.0168712598425196
 30
0
 11
5.102190039370079
 21
-3.0168712598425196
 31
0
  0
LINE
  5
310
330
1A
100
AcDbEntity
  8
User.1
  6
CONTINUOUS
100
AcDbLine
 10
5.102190039370079
 20
-3.0168712598425196
 30
0
 11
5.1021900787401577
 21
-3.0168712598425196
 31
0
  0
LINE
  5
311
330
1A
100
AcDbEntity
  8
User.1
  6
CONTINUOUS
100
AcDbLine
 10
4.0052735039370075
 20
-5.2436974409448815
 30
0
 11
4.0699540551181101
 21
-5.9829993700787396
 31
0
  0
LINE
  5
312
330
1A
100
AcDbEntity
  8
User.1
  6
CONTINUOUS
100
AcDbLine
 10
4.0699540551181101
 20
-5.9829993700787396
 30
0
 11
4.8092559842519682
 21
-5.9183188188976379
 31
0
  0
LINE
  5
313
330
1A
100
AcDbEntity
  8
User.1
  6
CONTINUOUS
100
AcDbLine
 10
4.8092559842519682
 20
-5.9183188188976379
 30
0
 11
4.7445754330708656
 21
-5.1790168897637798
 31
0
  0
LINE
  5
314
330
1A
100
AcDbEntity
  8
User.1
  6
CONTINUOUS
100
AcDbLine
 10
4.7445754330708656
 20
-5.1790168897637798
 30
0
 11
4.0052735039370075
 21
-5.2436974409448815
 31
0
  0
LINE
  5
315
330
1A
100
AcDbEntity
  8
User.1
  6
CONTINUOUS
100
AcDbLine
 10
4.7524195275590548
 20
-5.1783306299212599
 30
0
 11
4.8171000787401574
 21
-5.917632559055118
 31
0
  0
LINE
  5
316
330
1A
100
AcDbEntity
  8
User.1
  6
CONTINUOUS
100
AcDbLine
 10
4.8171000787401574
 20
-5.917632559055118
 30
0
 11
5.5564020078740155
 21
-5.8529520078740154
 31
0
  0
LINE
  5
317
330
1A
100
AcDbEntity
  8
User.1
  6
CONTINUOUS
100
AcDbLine
 10
5.5564020078740155
 20
-5.8529520078740154
 30
0
 11
5.4917214566929129
 21
-5.1136500787401573
 31
0
  0
LINE
  5
318
330
1A
100
AcDbEntity
  8
User.1
  6
CONTINUOUS
100
AcDbLine
 10
5.4917214566929129
 20
-5.1136500787401573
 30
0
 11
4.7524195275590548
 21
-5.1783306299212599
 31
0
  0
LINE
  5
319
330
1A
100
AcDbEntity
  8
User.1
  6
CONTINUOUS
100
AcDbLine
 10
3.9400782677165354
 20
-4.4985124015748035
 30
0
 11
4.0045872440944885
 21
-5.2358533464566932
 31
0
  0
LINE
  5
31A
330
1A
100
AcDbEntity
  8
User.1
  6
CONTINUOUS
100
AcDbLine
 10
4.0045872440944885
 20
-5.2358533464566932
 30
0
 11
4.7438891732283466
 21
-5.1711727952755906
 31
0
  0
LINE
  5
31B
330
1A
100
AcDbEntity
  8
User.1
  6
CONTINUOUS
100
AcDbLine
 10
4.7438891732283466
 20
-5.1711727952755906
 30
0
 11
4.6793801968503939
 21
-4.4338318503937009
 31
0
  0
LINE
  5
31C
330
1A
100
AcDbEntity
  8
User.1
  6
CONTINUOUS
100
AcDbLine
 10
4.6793801968503939
 20
-4.4338318503937009
 30
0
 11
3.9400782677165354
 21
-4.4985124015748035
 31
0
  0
LINE
  5
31D
330
1A
100
AcDbEntity
  8
User.1
  6
CONTINUOUS
100
AcDbLine
 10
4.6872242913385822
 20
-4.433145590551181
 30
0
 11
4.7517332677165349
 21
-5.1704865354330707
 31
0
  0
LINE
  5
31E
330
1A
100
AcDbEntity
  8
User.1
  6
CONTINUOUS
100
AcDbLine
 10
4.7517332677165349
 20
-5.1704865354330707
 30
0
 11
5.4910351968503939
 21
-5.1058059842519681
 31
0
  0
LINE
  5
31F
330
1A
100
AcDbEntity
  8
User.1
  6
CONTINUOUS
100
AcDbLine
 10
5.4910351968503939
 20
-5.1058059842519681
 30
0
 11
5.4265262204724412
 21
-4.3684650393700784
 31
0
  0
LINE
  5
320
330
1A
100
AcDbEntity
  8
User.1
  6
CONTINUOUS
100
AcDbLine
 10
5.4265262204724412
 20
-4.3684650393700784
 30
0
 11
4.6872242913385822
 21
-4.433145590551181
 31
0
  0
LINE
  5
321
330
1A
100
AcDbEntity
  8
User.1
  6
CONTINUOUS
100
AcDbLine
 10
3.8747114566929133
 20
-3.7513663779527557
 30
0
 11
3.9393920078740154
 21
-4.490668346456693
 31
0
  0
LINE
  5
322
330
1A
100
AcDbEntity
  8
User.1
  6
CONTINUOUS
100
AcDbLine
 10
3.9393920078740154
 20
-4.490668346456693
 30
0
 11
4.6786939370078739
 21
-4.4259877952755904
 31
0
  0
LINE
  5
323
330
1A
100
AcDbEntity
  8
User.1
  6
CONTINUOUS
100
AcDbLine
 10
4.6786939370078739
 20
-4.4259877952755904
 30
0
 11
4.6140133858267713
 21
-3.6866858267716536
 31
0
  0
LINE
  5
324
330
1A
100
AcDbEntity
  8
User.1
  6
CONTINUOUS
100
AcDbLine
 10
4.6140133858267713
 20
-3.6866858267716536
 30
0
 11
3.8747114566929133
 21
-3.7513663779527557
 31
0
  0
LINE
  5
325
330
1A
100
AcDbEntity
  8
User.1
  6
CONTINUOUS
100
AcDbLine
 10
5.3507282677165353
 20
-3.6222316141732285
 30
0
 11
5.354839724409449
 21
-3.6692259055118108
 31
0
  0
LINE
  5
326
330
1A
100
AcDbEntity
  8
User.1
  6
CONTINUOUS
100
AcDbLine
 10
5.354839724409449
 20
-3.6692259055118108
 30
0
 11
5.3563750787401574
 21
-3.6698618897637796
 31
0
  0
LINE
  5
327
330
1A
100
AcDbEntity
  8
User.1
  6
CONTINUOUS
100
AcDbLine
 10
5.3563750787401574
 20
-3.6698618897637796
 30
0
 11
5.3578925196850395
 21
-3.6713793307086613
 31
0
  0
LINE
  5
328
330
1A
100
AcDbEntity
  8
User.1
  6
CONTINUOUS
100
AcDbLine
 10
5.3578925196850395
 20
-3.6713793307086613
 30
0
 11
5.3587137795275588
 21
-3.6733619685039369
 31
0
  0
LINE
  5
329
330
1A
100
AcDbEntity
  8
User.1
  6
CONTINUOUS
100
AcDbLine
 10
5.3587137795275588
 20
-3.6733619685039369
 30
0
 11
5.3587137795275588
 21
-3.6755079527559054
 31
0
  0
LINE
  5
32A
330
1A
100
AcDbEntity
  8
User.1
  6
CONTINUOUS
100
AcDbLine
 10
5.3587137795275588
 20
-3.6755079527559054
 30
0
 11
5.3578925196850395
 21
-3.677490590551181
 31
0
  0
LINE
  5
32B
330
1A
100
AcDbEntity
  8
User.1
  6
CONTINUOUS
100
AcDbLine
 10
5.3578925196850395
 20
-3.677490590551181
 30
0
 11
5.3563750787401574
 21
-3.6790080314960627
 31
0
  0
LINE
  5
32C
330
1A
100
AcDbEntity
  8
User.1
  6
CONTINUOUS
100
AcDbLine
 10
5.3563750787401574
 20
-3.6790080314960627
 30
0
 11
5.355719330708661
 21
-3.6792796456692911
 31
0
  0
LINE
  5
32D
330
1A
100
AcDbEntity
  8
User.1
  6
CONTINUOUS
100
AcDbLine
 10
5.355719330708661
 20
-3.6792796456692911
 30
0
 11
5.3635553149606299
 21
-3.7688453543307086
 31
0
  0
LINE
  5
32E
330
1A
100
AcDbEntity
  8
User.1
  6
CONTINUOUS
100
AcDbLine
 10
5.3635553149606299
 20
-3.7688453543307086
 30
0
 11
5.3650906692913383
 21
-3.7694813385826769
 31
0
  0
LINE
  5
32F
330
1A
100
AcDbEntity
  8
User.1
  6
CONTINUOUS
100
AcDbLine
 10
5.3650906692913383
 20
-3.7694813385826769
 30
0
 11
5.3666081102362204
 21
-3.770998779527559
 31
0
  0
LINE
  5
330
330
1A
100
AcDbEntity
  8
User.1
  6
CONTINUOUS
100
AcDbLine
 10
5.3666081102362204
 20
-3.770998779527559
 30
0
 11
5.3674293700787397
 21
-3.7729814173228347
 31
0
  0
LINE
  5
331
330
1A
100
AcDbEntity
  8
User.1
  6
CONTINUOUS
100
AcDbLine
 10
5.3674293700787397
 20
-3.7729814173228347
 30
0
 11
5.3674293700787397
 21
-3.7751274015748031
 31
0
  0
LINE
  5
332
330
1A
100
AcDbEntity
  8
User.1
  6
CONTINUOUS
100
AcDbLine
 10
5.3674293700787397
 20
-3.7751274015748031
 30
0
 11
5.3666081102362204
 21
-3.7771100393700787
 31
0
  0
LINE
  5
333
330
1A
100
AcDbEntity
  8
User.1
  6
CONTINUOUS
100
AcDbLine
 10
5.3666081102362204
 20
-3.7771100393700787
 30
0
 11
5.3650906692913383
 21
-3.7786274803149604
 31
0
  0
LINE
  5
334
330
1A
100
AcDbEntity
  8
User.1
  6
CONTINUOUS
100
AcDbLine
 10
5.3650906692913383
 20
-3.7786274803149604
 30
0
 11
5.364434881889764
 21
-3.7788990944881888
 31
0
  0
LINE
  5
335
330
1A
100
AcDbEntity
  8
User.1
  6
CONTINUOUS
100
AcDbLine
 10
5.364434881889764
 20
-3.7788990944881888
 30
0
 11
5.3670464960629918
 21
-3.8087496456692911
 31
0
  0
LINE
  5
336
330
1A
100
AcDbEntity
  8
User.1
  6
CONTINUOUS
100
AcDbLine
 10
5.3670464960629918
 20
-3.8087496456692911
 30
0
 11
5.3672661023622048
 21
-3.8188152362204724
 31
0
  0
LINE
  5
337
330
1A
100
AcDbEntity
  8
User.1
  6
CONTINUOUS
100
AcDbLine
 10
5.3672661023622048
 20
-3.8188152362204724
 30
0
 11
5.3661700393700782
 21
-3.828823346456693
 31
0
  0
LINE
  5
338
330
1A
100
AcDbEntity
  8
User.1
  6
CONTINUOUS
100
AcDbLine
 10
5.3661700393700782
 20
-3.828823346456693
 30
0
 11
5.3637770472440947
 21
-3.8386027952755906
 31
0
  0
LINE
  5
339
330
1A
100
AcDbEntity
  8
User.1
  6
CONTINUOUS
100
AcDbLine
 10
5.3637770472440947
 20
-3.8386027952755906
 30
0
 11
5.3601280314960631
 21
-3.8479861811023621
 31
0
  0
LINE
  5
33A
330
1A
100
AcDbEntity
  8
User.1
  6
CONTINUOUS
100
AcDbLine
 10
5.3601280314960631
 20
-3.8479861811023621
 30
0
 11
5.3552854330708657
 21
-3.8568130314960629
 31
0
  0
LINE
  5
33B
330
1A
100
AcDbEntity
  8
User.1
  6
CONTINUOUS
100
AcDbLine
 10
5.3552854330708657
 20
-3.8568130314960629
 30
0
 11
5.3493321653543306
 21
-3.8649323228346457
 31
0
  0
LINE
  5
33C
330
1A
100
AcDbEntity
  8
User.1
  6
CONTINUOUS
100
AcDbLine
 10
5.3493321653543306
 20
-3.8649323228346457
 30
0
 11
5.3423700393700786
 21
-3.8722050393700789
 31
0
  0
LINE
  5
33D
330
1A
100
AcDbEntity
  8
User.1
  6
CONTINUOUS
100
AcDbLine
 10
5.3423700393700786
 20
-3.8722050393700789
 30
0
 11
5.3345181889763778
 21
-3.8785068110236218
 31
0
  0
LINE
  5
33E
330
1A
100
AcDbEntity
  8
User.1
  6
CONTINUOUS
100
AcDbLine
 10
5.3345181889763778
 20
-3.8785068110236218
 30
0
 11
5.3259109842519683
 21
-3.8837298031496061
 31
0
  0
LINE
  5
33F
330
1A
100
AcDbEntity
  8
User.1
  6
CONTINUOUS
100
AcDbLine
 10
5.3259109842519683
 20
-3.8837298031496061
 30
0
 11
5.3166956692913381
 21
-3.8877846456692913
 31
0
  0
LINE
  5
340
330
1A
100
AcDbEntity
  8
User.1
  6
CONTINUOUS
100
AcDbLine
 10
5.3166956692913381
 20
-3.8877846456692913
 30
0
 11
5.3070299212598426
 21
-3.8906019685039368
 31
0
  0
LINE
  5
341
330
1A
100
AcDbEntity
  8
User.1
  6
CONTINUOUS
100
AcDbLine
 10
5.3070299212598426
 20
-3.8906019685039368
 30
0
 11
5.2970791338582677
 21
-3.8921335433070867
 31
0
  0
LINE
  5
342
330
1A
100
AcDbEntity
  8
User.1
  6
CONTINUOUS
100
AcDbLine
 10
5.2970791338582677
 20
-3.8921335433070867
 30
0
 11
4.7491720472440946
 21
-3.9400691732283462
 31
0
  0
LINE
  5
343
330
1A
100
AcDbEntity
  8
User.1
  6
CONTINUOUS
100
AcDbLine
 10
4.7491720472440946
 20
-3.9400691732283462
 30
0
 11
4.7391064566929133
 21
-3.9402887795275592
 31
0
  0
LINE
  5
344
330
1A
100
AcDbEntity
  8
User.1
  6
CONTINUOUS
100
AcDbLine
 10
4.7391064566929133
 20
-3.9402887795275592
 30
0
 11
4.7290983464566931
 21
-3.939192716535433
 31
0
  0
LINE
  5
345
330
1A
100
AcDbEntity
  8
User.1
  6
CONTINUOUS
100
AcDbLine
 10
4.7290983464566931
 20
-3.939192716535433
 30
0
 11
4.7193188976377956
 21
-3.9367997244094486
 31
0
  0
LINE
  5
346
330
1A
100
AcDbEntity
  8
User.1
  6
CONTINUOUS
100
AcDbLine
 10
4.7193188976377956
 20
-3.9367997244094486
 30
0
 11
4.7099355118110235
 21
-3.933150708661417
 31
0
  0
LINE
  5
347
330
1A
100
AcDbEntity
  8
User.1
  6
CONTINUOUS
100
AcDbLine
 10
4.7099355118110235
 20
-3.933150708661417
 30
0
 11
4.7011086614173223
 21
-3.9283081102362205
 31
0
  0
LINE
  5
348
330
1A
100
AcDbEntity
  8
User.1
  6
CONTINUOUS
100
AcDbLine
 10
4.7011086614173223
 20
-3.9283081102362205
 30
0
 11
4.69298937007874
 21
-3.922354842519685
 31
0
  0
LINE
  5
349
330
1A
100
AcDbEntity
  8
User.1
  6
CONTINUOUS
100
AcDbLine
 10
4.69298937007874
 20
-3.922354842519685
 30
0
 11
4.6857166535433068
 21
-3.915392716535433
 31
0
  0
LINE
  5
34A
330
1A
100
AcDbEntity
  8
User.1
  6
CONTINUOUS
100
AcDbLine
 10
4.6857166535433068
 20
-3.915392716535433
 30
0
 11
4.6794148818897634
 21
-3.9075408661417321
 31
0
  0
LINE
  5
34B
330
1A
100
AcDbEntity
  8
User.1
  6
CONTINUOUS
100
AcDbLine
 10
4.6794148818897634
 20
-3.9075408661417321
 30
0
 11
4.6741918897637795
 21
-3.8989336614173227
 31
0
  0
LINE
  5
34C
330
1A
100
AcDbEntity
  8
User.1
  6
CONTINUOUS
100
AcDbLine
 10
4.6741918897637795
 20
-3.8989336614173227
 30
0
 11
4.6701370472440944
 21
-3.8897183464566929
 31
0
  0
LINE
  5
34D
330
1A
100
AcDbEntity
  8
User.1
  6
CONTINUOUS
100
AcDbLine
 10
4.6701370472440944
 20
-3.8897183464566929
 30
0
 11
4.6673197244094489
 21
-3.8800525984251966
 31
0
  0
LINE
  5
34E
330
1A
100
AcDbEntity
  8
User.1
  6
CONTINUOUS
100
AcDbLine
 10
4.6673197244094489
 20
-3.8800525984251966
 30
0
 11
4.665788149606299
 21
-3.8701018110236221
 31
0
  0
LINE
  5
34F
330
1A
100
AcDbEntity
  8
User.1
  6
CONTINUOUS
100
AcDbLine
 10
4.665788149606299
 20
-3.8701018110236221
 30
0
 11
4.6631783858267717
 21
-3.8402724409448816
 31
0
  0
LINE
  5
350
330
1A
100
AcDbEntity
  8
User.1
  6
CONTINUOUS
100
AcDbLine
 10
4.6631783858267717
 20
-3.8402724409448816
 30
0
 11
4.6616431102362208
 21
-3.8396364960629921
 31
0
  0
LINE
  5
351
330
1A
100
AcDbEntity
  8
User.1
  6
CONTINUOUS
100
AcDbLine
 10
4.6616431102362208
 20
-3.8396364960629921
 30
0
 11
4.6601256692913386
 21
-3.8381190551181104
 31
0
  0
LINE
  5
352
330
1A
100
AcDbEntity
  8
User.1
  6
CONTINUOUS
100
AcDbLine
 10
4.6601256692913386
 20
-3.8381190551181104
 30
0
 11
4.6593044094488185
 21
-3.8361364173228347
 31
0
  0
LINE
  5
353
330
1A
100
AcDbEntity
  8
User.1
  6
CONTINUOUS
100
AcDbLine
 10
4.6593044094488185
 20
-3.8361364173228347
 30
0
 11
4.6593044094488185
 21
-3.8341683070866139
 31
0
  0
LINE
  5
354
330
1A
100
AcDbEntity
  8
User.1
  6
CONTINUOUS
100
AcDbLine
 10
4.6593044094488185
 20
-3.8341683070866139
 30
0
 11
4.6593044094488185
 21
-3.8339904330708658
 31
0
  0
LINE
  5
355
330
1A
100
AcDbEntity
  8
User.1
  6
CONTINUOUS
100
AcDbLine
 10
4.6593044094488185
 20
-3.8339904330708658
 30
0
 11
4.6601256692913386
 21
-3.8320077952755907
 31
0
  0
LINE
  5
356
330
1A
100
AcDbEntity
  8
User.1
  6
CONTINUOUS
100
AcDbLine
 10
4.6601256692913386
 20
-3.8320077952755907
 30
0
 11
4.6616431102362208
 21
-3.8304903543307085
 31
0
  0
LINE
  5
357
330
1A
100
AcDbEntity
  8
User.1
  6
CONTINUOUS
100
AcDbLine
 10
4.6616431102362208
 20
-3.8304903543307085
 30
0
 11
4.6622988188976375
 21
-3.8302187007874013
 31
0
  0
LINE
  5
358
330
1A
100
AcDbEntity
  8
User.1
  6
CONTINUOUS
100
AcDbLine
 10
4.6622988188976375
 20
-3.8302187007874013
 30
0
 11
4.6544628346456696
 21
-3.7406529921259843
 31
0
  0
LINE
  5
359
330
1A
100
AcDbEntity
  8
User.1
  6
CONTINUOUS
100
AcDbLine
 10
4.6544628346456696
 20
-3.7406529921259843
 30
0
 11
4.652927519685039
 21
-3.7400170472440943
 31
0
  0
LINE
  5
35A
330
1A
100
AcDbEntity
  8
User.1
  6
CONTINUOUS
100
AcDbLine
 10
4.652927519685039
 20
-3.7400170472440943
 30
0
 11
4.6514100787401578
 21
-3.7384996062992126
 31
0
  0
LINE
  5
35B
330
1A
100
AcDbEntity
  8
User.1
  6
CONTINUOUS
100
AcDbLine
 10
4.6514100787401578
 20
-3.7384996062992126
 30
0
 11
4.6505888188976376
 21
-3.736516968503937
 31
0
  0
LINE
  5
35C
330
1A
100
AcDbEntity
  8
User.1
  6
CONTINUOUS
100
AcDbLine
 10
4.6505888188976376
 20
-3.736516968503937
 30
0
 11
4.6505888188976376
 21
-3.7345488582677167
 31
0
  0
LINE
  5
35D
330
1A
100
AcDbEntity
  8
User.1
  6
CONTINUOUS
100
AcDbLine
 10
4.6505888188976376
 20
-3.7345488582677167
 30
0
 11
4.6505888188976376
 21
-3.7343709842519686
 31
0
  0
LINE
  5
35E
330
1A
100
AcDbEntity
  8
User.1
  6
CONTINUOUS
100
AcDbLine
 10
4.6505888188976376
 20
-3.7343709842519686
 30
0
 11
4.6514100787401578
 21
-3.7323883464566929
 31
0
  0
LINE
  5
35F
330
1A
100
AcDbEntity
  8
User.1
  6
CONTINUOUS
100
AcDbLine
 10
4.6514100787401578
 20
-3.7323883464566929
 30
0
 11
4.652927519685039
 21
-3.7308709055118108
 31
0
  0
LINE
  5
360
330
1A
100
AcDbEntity
  8
User.1
  6
CONTINUOUS
100
AcDbLine
 10
4.652927519685039
 20
-3.7308709055118108
 30
0
 11
4.6535832283464567
 21
-3.7305992519685041
 31
0
  0
LINE
  5
361
330
1A
100
AcDbEntity
  8
User.1
  6
CONTINUOUS
100
AcDbLine
 10
4.6535832283464567
 20
-3.7305992519685041
 30
0
 11
4.6494699212598425
 21
-3.683583779527559
 31
0
  0
LINE
  5
362
330
1A
100
AcDbEntity
  8
User.1
  6
CONTINUOUS
100
AcDbLine
 10
4.6494699212598425
 20
-3.683583779527559
 30
0
 11
4.6218574803149606
 21
-3.6859995669291337
 31
0
  0
LINE
  5
363
330
1A
100
AcDbEntity
  8
User.1
  6
CONTINUOUS
100
AcDbLine
 10
4.6218574803149606
 20
-3.6859995669291337
 30
0
 11
4.6865380314960632
 21
-4.4253015354330705
 31
0
  0
LINE
  5
364
330
1A
100
AcDbEntity
  8
User.1
  6
CONTINUOUS
100
AcDbLine
 10
4.6865380314960632
 20
-4.4253015354330705
 30
0
 11
5.4258399606299212
 21
-4.3606209842519688
 31
0
  0
LINE
  5
365
330
1A
100
AcDbEntity
  8
User.1
  6
CONTINUOUS
100
AcDbLine
 10
5.4258399606299212
 20
-4.3606209842519688
 30
0
 11
5.3611594094488186
 21
-3.6213190157480315
 31
0
  0
LINE
  5
366
330
1A
100
AcDbEntity
  8
User.1
  6
CONTINUOUS
100
AcDbLine
 10
5.3611594094488186
 20
-3.6213190157480315
 30
0
 11
5.3507282677165353
 21
-3.6222316141732285
 31
0
  0
LINE
  5
367
330
1A
100
AcDbEntity
  8
User.1
  6
CONTINUOUS
100
AcDbLine
 10
4.6533919685039367
 20
-3.6832406692913384
 30
0
 11
4.6575034251968503
 21
-3.7302349212598425
 31
0
  0
LINE
  5
368
330
1A
100
AcDbEntity
  8
User.1
  6
CONTINUOUS
100
AcDbLine
 10
4.6575034251968503
 20
-3.7302349212598425
 30
0
 11
4.6590387795275587
 21
-3.7308709055118108
 31
0
  0
LINE
  5
369
330
1A
100
AcDbEntity
  8
User.1
  6
CONTINUOUS
100
AcDbLine
 10
4.6590387795275587
 20
-3.7308709055118108
 30
0
 11
4.6605562204724409
 21
-3.7323883464566929
 31
0
  0
LINE
  5
36A
330
1A
100
AcDbEntity
  8
User.1
  6
CONTINUOUS
100
AcDbLine
 10
4.6605562204724409
 20
-3.7323883464566929
 30
0
 11
4.6613774803149601
 21
-3.7343709842519686
 31
0
  0
LINE
  5
36B
330
1A
100
AcDbEntity
  8
User.1
  6
CONTINUOUS
100
AcDbLine
 10
4.6613774803149601
 20
-3.7343709842519686
 30
0
 11
4.6613774803149601
 21
-3.736516968503937
 31
0
  0
LINE
  5
36C
330
1A
100
AcDbEntity
  8
User.1
  6
CONTINUOUS
100
AcDbLine
 10
4.6613774803149601
 20
-3.736516968503937
 30
0
 11
4.6605562204724409
 21
-3.7384996062992126
 31
0
  0
LINE
  5
36D
330
1A
100
AcDbEntity
  8
User.1
  6
CONTINUOUS
100
AcDbLine
 10
4.6605562204724409
 20
-3.7384996062992126
 30
0
 11
4.6590387795275587
 21
-3.7400170472440943
 31
0
  0
LINE
  5
36E
330
1A
100
AcDbEntity
  8
User.1
  6
CONTINUOUS
100
AcDbLine
 10
4.6590387795275587
 20
-3.7400170472440943
 30
0
 11
4.6583830314960633
 21
-3.7402886614173227
 31
0
  0
LINE
  5
36F
330
1A
100
AcDbEntity
  8
User.1
  6
CONTINUOUS
100
AcDbLine
 10
4.6583830314960633
 20
-3.7402886614173227
 30
0
 11
4.6662190157480312
 21
-3.8298543700787402
 31
0
  0
LINE
  5
370
330
1A
100
AcDbEntity
  8
User.1
  6
CONTINUOUS
100
AcDbLine
 10
4.6662190157480312
 20
-3.8298543700787402
 30
0
 11
4.6677543700787396
 21
-3.8304903543307085
 31
0
  0
LINE
  5
371
330
1A
100
AcDbEntity
  8
User.1
  6
CONTINUOUS
100
AcDbLine
 10
4.6677543700787396
 20
-3.8304903543307085
 30
0
 11
4.6692718110236218
 21
-3.8320077952755907
 31
0
  0
LINE
  5
372
330
1A
100
AcDbEntity
  8
User.1
  6
CONTINUOUS
100
AcDbLine
 10
4.6692718110236218
 20
-3.8320077952755907
 30
0
 11
4.6700930708661419
 21
-3.8339904330708658
 31
0
  0
LINE
  5
373
330
1A
100
AcDbEntity
  8
User.1
  6
CONTINUOUS
100
AcDbLine
 10
4.6700930708661419
 20
-3.8339904330708658
 30
0
 11
4.6700930708661419
 21
-3.8361364173228347
 31
0
  0
LINE
  5
374
330
1A
100
AcDbEntity
  8
User.1
  6
CONTINUOUS
100
AcDbLine
 10
4.6700930708661419
 20
-3.8361364173228347
 30
0
 11
4.6692718110236218
 21
-3.8381190551181104
 31
0
  0
LINE
  5
375
330
1A
100
AcDbEntity
  8
User.1
  6
CONTINUOUS
100
AcDbLine
 10
4.6692718110236218
 20
-3.8381190551181104
 30
0
 11
4.6677543700787396
 21
-3.8396364960629921
 31
0
  0
LINE
  5
376
330
1A
100
AcDbEntity
  8
User.1
  6
CONTINUOUS
100
AcDbLine
 10
4.6677543700787396
 20
-3.8396364960629921
 30
0
 11
4.6670985826771654
 21
-3.8399081102362205
 31
0
  0
LINE
  5
377
330
1A
100
AcDbEntity
  8
User.1
  6
CONTINUOUS
100
AcDbLine
 10
4.6670985826771654
 20
-3.8399081102362205
 30
0
 11
4.669710196850394
 21
-3.8697586614173227
 31
0
  0
LINE
  5
378
330
1A
100
AcDbEntity
  8
User.1
  6
CONTINUOUS
100
AcDbLine
 10
4.669710196850394
 20
-3.8697586614173227
 30
0
 11
4.6701274015748027
 21
-3.8745272047244095
 31
0
  0
LINE
  5
379
330
1A
100
AcDbEntity
  8
User.1
  6
CONTINUOUS
100
AcDbLine
 10
4.6701274015748027
 20
-3.8745272047244095
 30
0
 11
4.6721994881889763
 21
-3.8838737401574801
 31
0
  0
LINE
  5
37A
330
1A
100
AcDbEntity
  8
User.1
  6
CONTINUOUS
100
AcDbLine
 10
4.6721994881889763
 20
-3.8838737401574801
 30
0
 11
4.6754737795275592
 21
-3.8928698425196848
 31
0
  0
LINE
  5
37B
330
1A
100
AcDbEntity
  8
User.1
  6
CONTINUOUS
100
AcDbLine
 10
4.6754737795275592
 20
-3.8928698425196848
 30
0
 11
4.6798943307086613
 21
-3.9013616141732284
 31
0
  0
LINE
  5
37C
330
1A
100
AcDbEntity
  8
User.1
  6
CONTINUOUS
100
AcDbLine
 10
4.6798943307086613
 20
-3.9013616141732284
 30
0
 11
4.6853854724409452
 21
-3.9092037401574804
 31
0
  0
LINE
  5
37D
330
1A
100
AcDbEntity
  8
User.1
  6
CONTINUOUS
100
AcDbLine
 10
4.6853854724409452
 20
-3.9092037401574804
 30
0
 11
4.6918531889763777
 21
-3.9162620472440945
 31
0
  0
LINE
  5
37E
330
1A
100
AcDbEntity
  8
User.1
  6
CONTINUOUS
100
AcDbLine
 10
4.6918531889763777
 20
-3.9162620472440945
 30
0
 11
4.6991868897637792
 21
-3.9224157874015746
 31
0
  0
LINE
  5
37F
330
1A
100
AcDbEntity
  8
User.1
  6
CONTINUOUS
100
AcDbLine
 10
4.6991868897637792
 20
-3.9224157874015746
 30
0
 11
4.7072611023622049
 21
-3.9275596062992126
 31
0
  0
LINE
  5
380
330
1A
100
AcDbEntity
  8
User.1
  6
CONTINUOUS
100
AcDbLine
 10
4.7072611023622049
 20
-3.9275596062992126
 30
0
 11
4.7159375984251968
 21
-3.9316055118110236
 31
0
  0
LINE
  5
381
330
1A
100
AcDbEntity
  8
User.1
  6
CONTINUOUS
100
AcDbLine
 10
4.7159375984251968
 20
-3.9316055118110236
 30
0
 11
4.7250679921259842
 21
-3.9344843307086612
 31
0
  0
LINE
  5
382
330
1A
100
AcDbEntity
  8
User.1
  6
CONTINUOUS
100
AcDbLine
 10
4.7250679921259842
 20
-3.9344843307086612
 30
0
 11
4.7344960236220475
 21
-3.9361467322834645
 31
0
  0
LINE
  5
383
330
1A
100
AcDbEntity
  8
User.1
  6
CONTINUOUS
100
AcDbLine
 10
4.7344960236220475
 20
-3.9361467322834645
 30
0
 11
4.7440603937007877
 21
-3.9365643307086615
 31
0
  0
LINE
  5
384
330
1A
100
AcDbEntity
  8
User.1
  6
CONTINUOUS
100
AcDbLine
 10
4.7440603937007877
 20
-3.9365643307086615
 30
0
 11
4.7488288976377948
 21
-3.936147125984252
 31
0
  0
LINE
  5
385
330
1A
100
AcDbEntity
  8
User.1
  6
CONTINUOUS
100
AcDbLine
 10
4.7488288976377948
 20
-3.936147125984252
 30
0
 11
5.2967359842519688
 21
-3.8882114960629921
 31
0
  0
LINE
  5
386
330
1A
100
AcDbEntity
  8
User.1
  6
CONTINUOUS
100
AcDbLine
 10
5.2967359842519688
 20
-3.8882114960629921
 30
0
 11
5.3015045275590547
 21
-3.8877942913385826
 31
0
  0
LINE
  5
387
330
1A
100
AcDbEntity
  8
User.1
  6
CONTINUOUS
100
AcDbLine
 10
5.3015045275590547
 20
-3.8877942913385826
 30
0
 11
5.3108510629921257
 21
-3.8857222047244093
 31
0
  0
LINE
  5
388
330
1A
100
AcDbEntity
  8
User.1
  6
CONTINUOUS
100
AcDbLine
 10
5.3108510629921257
 20
-3.8857222047244093
 30
0
 11
5.3198471653543304
 21
-3.8824479133858265
 31
0
  0
LINE
  5
389
330
1A
100
AcDbEntity
  8
User.1
  6
CONTINUOUS
100
AcDbLine
 10
5.3198471653543304
 20
-3.8824479133858265
 30
0
 11
5.3283389370078735
 21
-3.8780273622047243
 31
0
  0
LINE
  5
38A
330
1A
100
AcDbEntity
  8
User.1
  6
CONTINUOUS
100
AcDbLine
 10
5.3283389370078735
 20
-3.8780273622047243
 30
0
 11
5.336181062992126
 21
-3.8725362204724409
 31
0
  0
LINE
  5
38B
330
1A
100
AcDbEntity
  8
User.1
  6
CONTINUOUS
100
AcDbLine
 10
5.336181062992126
 20
-3.8725362204724409
 30
0
 11
5.3432393700787397
 21
-3.866068503937008
 31
0
  0
LINE
  5
38C
330
1A
100
AcDbEntity
  8
User.1
  6
CONTINUOUS
100
AcDbLine
 10
5.3432393700787397
 20
-3.866068503937008
 30
0
 11
5.3493931102362202
 21
-3.858734803149606
 31
0
  0
LINE
  5
38D
330
1A
100
AcDbEntity
  8
User.1
  6
CONTINUOUS
100
AcDbLine
 10
5.3493931102362202
 20
-3.858734803149606
 30
0
 11
5.3545369291338583
 21
-3.8506605905511808
 31
0
  0
LINE
  5
38E
330
1A
100
AcDbEntity
  8
User.1
  6
CONTINUOUS
100
AcDbLine
 10
5.3545369291338583
 20
-3.8506605905511808
 30
0
 11
5.3585828346456692
 21
-3.8419840944881889
 31
0
  0
LINE
  5
38F
330
1A
100
AcDbEntity
  8
User.1
  6
CONTINUOUS
100
AcDbLine
 10
5.3585828346456692
 20
-3.8419840944881889
 30
0
 11
5.3614616535433068
 21
-3.8328537007874015
 31
0
  0
LINE
  5
390
330
1A
100
AcDbEntity
  8
User.1
  6
CONTINUOUS
100
AcDbLine
 10
5.3614616535433068
 20
-3.8328537007874015
 30
0
 11
5.3631240551181101
 21
-3.8234256692913386
 31
0
  0
LINE
  5
391
330
1A
100
AcDbEntity
  8
User.1
  6
CONTINUOUS
100
AcDbLine
 10
5.3631240551181101
 20
-3.8234256692913386
 30
0
 11
5.3635416535433071
 21
-3.8138612992125984
 31
0
  0
LINE
  5
392
330
1A
100
AcDbEntity
  8
User.1
  6
CONTINUOUS
100
AcDbLine
 10
5.3635416535433071
 20
-3.8138612992125984
 30
0
 11
5.3631244488188976
 21
-3.8090927952755904
 31
0
  0
LINE
  5
393
330
1A
100
AcDbEntity
  8
User.1
  6
CONTINUOUS
100
AcDbLine
 10
5.3631244488188976
 20
-3.8090927952755904
 30
0
 11
5.3605146850393703
 21
-3.7792634251968504
 31
0
  0
LINE
  5
394
330
1A
100
AcDbEntity
  8
User.1
  6
CONTINUOUS
100
AcDbLine
 10
5.3605146850393703
 20
-3.7792634251968504
 30
0
 11
5.3589794094488186
 21
-3.7786274803149604
 31
0
  0
LINE
  5
395
330
1A
100
AcDbEntity
  8
User.1
  6
CONTINUOUS
100
AcDbLine
 10
5.3589794094488186
 20
-3.7786274803149604
 30
0
 11
5.3574619685039373
 21
-3.7771100393700787
 31
0
  0
LINE
  5
396
330
1A
100
AcDbEntity
  8
User.1
  6
CONTINUOUS
100
AcDbLine
 10
5.3574619685039373
 20
-3.7771100393700787
 30
0
 11
5.3566407086614172
 21
-3.7751274015748031
 31
0
  0
LINE
  5
397
330
1A
100
AcDbEntity
  8
User.1
  6
CONTINUOUS
100
AcDbLine
 10
5.3566407086614172
 20
-3.7751274015748031
 30
0
 11
5.3566407086614172
 21
-3.7731592913385827
 31
0
  0
LINE
  5
398
330
1A
100
AcDbEntity
  8
User.1
  6
CONTINUOUS
100
AcDbLine
 10
5.3566407086614172
 20
-3.7731592913385827
 30
0
 11
5.3566407086614172
 21
-3.7729814173228347
 31
0
  0
LINE
  5
399
330
1A
100
AcDbEntity
  8
User.1
  6
CONTINUOUS
100
AcDbLine
 10
5.3566407086614172
 20
-3.7729814173228347
 30
0
 11
5.3574619685039373
 21
-3.770998779527559
 31
0
  0
LINE
  5
39A
330
1A
100
AcDbEntity
  8
User.1
  6
CONTINUOUS
100
AcDbLine
 10
5.3574619685039373
 20
-3.770998779527559
 30
0
 11
5.3589794094488186
 21
-3.7694813385826769
 31
0
  0
LINE
  5
39B
330
1A
100
AcDbEntity
  8
User.1
  6
CONTINUOUS
100
AcDbLine
 10
5.3589794094488186
 20
-3.7694813385826769
 30
0
 11
5.3596351181102362
 21
-3.7692096850393702
 31
0
  0
LINE
  5
39C
330
1A
100
AcDbEntity
  8
User.1
  6
CONTINUOUS
100
AcDbLine
 10
5.3596351181102362
 20
-3.7692096850393702
 30
0
 11
5.3517991338582673
 21
-3.6796439763779527
 31
0
  0
LINE
  5
39D
330
1A
100
AcDbEntity
  8
User.1
  6
CONTINUOUS
100
AcDbLine
 10
5.3517991338582673
 20
-3.6796439763779527
 30
0
 11
5.3502638188976377
 21
-3.6790080314960627
 31
0
  0
LINE
  5
39E
330
1A
100
AcDbEntity
  8
User.1
  6
CONTINUOUS
100
AcDbLine
 10
5.3502638188976377
 20
-3.6790080314960627
 30
0
 11
5.3487463779527555
 21
-3.677490590551181
 31
0
  0
LINE
  5
39F
330
1A
100
AcDbEntity
  8
User.1
  6
CONTINUOUS
100
AcDbLine
 10
5.3487463779527555
 20
-3.677490590551181
 30
0
 11
5.3479251181102363
 21
-3.6755079527559054
 31
0
  0
LINE
  5
3A0
330
1A
100
AcDbEntity
  8
User.1
  6
CONTINUOUS
100
AcDbLine
 10
5.3479251181102363
 20
-3.6755079527559054
 30
0
 11
5.3479251181102363
 21
-3.673539842519685
 31
0
  0
LINE
  5
3A1
330
1A
100
AcDbEntity
  8
User.1
  6
CONTINUOUS
100
AcDbLine
 10
5.3479251181102363
 20
-3.673539842519685
 30
0
 11
5.3479251181102363
 21
-3.6733619685039369
 31
0
  0
LINE
  5
3A2
330
1A
100
AcDbEntity
  8
User.1
  6
CONTINUOUS
100
AcDbLine
 10
5.3479251181102363
 20
-3.6733619685039369
 30
0
 11
5.3487463779527555
 21
-3.6713793307086613
 31
0
  0
LINE
  5
3A3
330
1A
100
AcDbEntity
  8
User.1
  6
CONTINUOUS
100
AcDbLine
 10
5.3487463779527555
 20
-3.6713793307086613
 30
0
 11
5.3502638188976377
 21
-3.6698618897637796
 31
0
  0
LINE
  5
3A4
330
1A
100
AcDbEntity
  8
User.1
  6
CONTINUOUS
100
AcDbLine
 10
5.3502638188976377
 20
-3.6698618897637796
 30
0
 11
5.3509195275590553
 21
-3.6695902362204724
 31
0
  0
LINE
  5
3A5
330
1A
100
AcDbEntity
  8
User.1
  6
CONTINUOUS
100
AcDbLine
 10
5.3509195275590553
 20
-3.6695902362204724
 30
0
 11
5.3468062204724411
 21
-3.6225747637795274
 31
0
  0
LINE
  5
3A6
330
1A
100
AcDbEntity
  8
User.1
  6
CONTINUOUS
100
AcDbLine
 10
5.3468062204724411
 20
-3.6225747637795274
 30
0
 11
4.6533919685039367
 21
-3.6832406692913384
 31
0
  0
LINE
  5
3A7
330
1A
100
AcDbEntity
  8
User.1
  6
CONTINUOUS
100
AcDbLine
 10
4.6670168503937006
 20
-3.8389739763779525
 30
0
 11
4.6672477952755909
 21
-3.8388783464566929
 31
0
  0
LINE
  5
3A8
330
1A
100
AcDbEntity
  8
User.1
  6
CONTINUOUS
100
AcDbLine
 10
4.6672477952755909
 20
-3.8388783464566929
 30
0
 11
4.6685136614173226
 21
-3.8376124803149607
 31
0
  0
LINE
  5
3A9
330
1A
100
AcDbEntity
  8
User.1
  6
CONTINUOUS
100
AcDbLine
 10
4.6685136614173226
 20
-3.8376124803149607
 30
0
 11
4.6691987401574799
 21
-3.8359585433070866
 31
0
  0
LINE
  5
3AA
330
1A
100
AcDbEntity
  8
User.1
  6
CONTINUOUS
100
AcDbLine
 10
4.6691987401574799
 20
-3.8359585433070866
 30
0
 11
4.6691987401574799
 21
-3.8341683070866139
 31
0
  0
LINE
  5
3AB
330
1A
100
AcDbEntity
  8
User.1
  6
CONTINUOUS
100
AcDbLine
 10
4.6691987401574799
 20
-3.8341683070866139
 30
0
 11
4.6685136614173226
 21
-3.8325143700787399
 31
0
  0
LINE
  5
3AC
330
1A
100
AcDbEntity
  8
User.1
  6
CONTINUOUS
100
AcDbLine
 10
4.6685136614173226
 20
-3.8325143700787399
 30
0
 11
4.6672477952755909
 21
-3.8312485039370077
 31
0
  0
LINE
  5
3AD
330
1A
100
AcDbEntity
  8
User.1
  6
CONTINUOUS
100
AcDbLine
 10
4.6672477952755909
 20
-3.8312485039370077
 30
0
 11
4.6663068897637796
 21
-3.8308587401574803
 31
0
  0
LINE
  5
3AE
330
1A
100
AcDbEntity
  8
User.1
  6
CONTINUOUS
100
AcDbLine
 10
4.6663068897637796
 20
-3.8308587401574803
 30
0
 11
4.6670168503937006
 21
-3.8389739763779525
 31
0
  0
LINE
  5
3AF
330
1A
100
AcDbEntity
  8
User.1
  6
CONTINUOUS
100
AcDbLine
 10
5.3643531496062993
 20
-3.7779649606299213
 30
0
 11
5.3645840944881886
 21
-3.7778693307086613
 31
0
  0
LINE
  5
3B0
330
1A
100
AcDbEntity
  8
User.1
  6
CONTINUOUS
100
AcDbLine
 10
5.3645840944881886
 20
-3.7778693307086613
 30
0
 11
5.3658499606299213
 21
-3.7766034645669291
 31
0
  0
LINE
  5
3B1
330
1A
100
AcDbEntity
  8
User.1
  6
CONTINUOUS
100
AcDbLine
 10
5.3658499606299213
 20
-3.7766034645669291
 30
0
 11
5.3665350393700786
 21
-3.774949527559055
 31
0
  0
LINE
  5
3B2
330
1A
100
AcDbEntity
  8
User.1
  6
CONTINUOUS
100
AcDbLine
 10
5.3665350393700786
 20
-3.774949527559055
 30
0
 11
5.3665350393700786
 21
-3.7731592913385827
 31
0
  0
LINE
  5
3B3
330
1A
100
AcDbEntity
  8
User.1
  6
CONTINUOUS
100
AcDbLine
 10
5.3665350393700786
 20
-3.7731592913385827
 30
0
 11
5.3658499606299213
 21
-3.7715053543307087
 31
0
  0
LINE
  5
3B4
330
1A
100
AcDbEntity
  8
User.1
  6
CONTINUOUS
100
AcDbLine
 10
5.3658499606299213
 20
-3.7715053543307087
 30
0
 11
5.3645840944881886
 21
-3.7702394881889765
 31
0
  0
LINE
  5
3B5
330
1A
100
AcDbEntity
  8
User.1
  6
CONTINUOUS
100
AcDbLine
 10
5.3645840944881886
 20
-3.7702394881889765
 30
0
 11
5.3636431889763783
 21
-3.7698497244094487
 31
0
  0
LINE
  5
3B6
330
1A
100
AcDbEntity
  8
User.1
  6
CONTINUOUS
100
AcDbLine
 10
5.3636431889763783
 20
-3.7698497244094487
 30
0
 11
5.3643531496062993
 21
-3.7779649606299213
 31
0
  0
LINE
  5
3B7
330
1A
100
AcDbEntity
  8
User.1
  6
CONTINUOUS
100
AcDbLine
 10
4.6583012992125985
 20
-3.7393545275590552
 30
0
 11
4.6585322047244091
 21
-3.7392588976377952
 31
0
  0
LINE
  5
3B8
330
1A
100
AcDbEntity
  8
User.1
  6
CONTINUOUS
100
AcDbLine
 10
4.6585322047244091
 20
-3.7392588976377952
 30
0
 11
4.6597980708661417
 21
-3.737993031496063
 31
0
  0
LINE
  5
3B9
330
1A
100
AcDbEntity
  8
User.1
  6
CONTINUOUS
100
AcDbLine
 10
4.6597980708661417
 20
-3.737993031496063
 30
0
 11
4.6604831496062991
 21
-3.7363390944881889
 31
0
  0
LINE
  5
3BA
330
1A
100
AcDbEntity
  8
User.1
  6
CONTINUOUS
100
AcDbLine
 10
4.6604831496062991
 20
-3.7363390944881889
 30
0
 11
4.6604831496062991
 21
-3.7345488582677167
 31
0
  0
LINE
  5
3BB
330
1A
100
AcDbEntity
  8
User.1
  6
CONTINUOUS
100
AcDbLine
 10
4.6604831496062991
 20
-3.7345488582677167
 30
0
 11
4.6597980708661417
 21
-3.7328949212598426
 31
0
  0
LINE
  5
3BC
330
1A
100
AcDbEntity
  8
User.1
  6
CONTINUOUS
100
AcDbLine
 10
4.6597980708661417
 20
-3.7328949212598426
 30
0
 11
4.6585322047244091
 21
-3.7316290551181099
 31
0
  0
LINE
  5
3BD
330
1A
100
AcDbEntity
  8
User.1
  6
CONTINUOUS
100
AcDbLine
 10
4.6585322047244091
 20
-3.7316290551181099
 30
0
 11
4.6575912992125987
 21
-3.7312393307086613
 31
0
  0
LINE
  5
3BE
330
1A
100
AcDbEntity
  8
User.1
  6
CONTINUOUS
100
AcDbLine
 10
4.6575912992125987
 20
-3.7312393307086613
 30
0
 11
4.6583012992125985
 21
-3.7393545275590552
 31
0
  0
LINE
  5
3BF
330
1A
100
AcDbEntity
  8
User.1
  6
CONTINUOUS
100
AcDbLine
 10
5.3556375984251972
 20
-3.6783455118110235
 30
0
 11
5.3558685039370078
 21
-3.6782498818897635
 31
0
  0
LINE
  5
3C0
330
1A
100
AcDbEntity
  8
User.1
  6
CONTINUOUS
100
AcDbLine
 10
5.3558685039370078
 20
-3.6782498818897635
 30
0
 11
5.3571343700787404
 21
-3.6769840157480314
 31
0
  0
LINE
  5
3C1
330
1A
100
AcDbEntity
  8
User.1
  6
CONTINUOUS
100
AcDbLine
 10
5.3571343700787404
 20
-3.6769840157480314
 30
0
 11
5.3578194488188977
 21
-3.6753300787401573
 31
0
  0
LINE
  5
3C2
330
1A
100
AcDbEntity
  8
User.1
  6
CONTINUOUS
100
AcDbLine
 10
5.3578194488188977
 20
-3.6753300787401573
 30
0
 11
5.3578194488188977
 21
-3.673539842519685
 31
0
  0
LINE
  5
3C3
330
1A
100
AcDbEntity
  8
User.1
  6
CONTINUOUS
100
AcDbLine
 10
5.3578194488188977
 20
-3.673539842519685
 30
0
 11
5.3571343700787404
 21
-3.6718859055118109
 31
0
  0
LINE
  5
3C4
330
1A
100
AcDbEntity
  8
User.1
  6
CONTINUOUS
100
AcDbLine
 10
5.3571343700787404
 20
-3.6718859055118109
 30
0
 11
5.3558685039370078
 21
-3.6706200393700787
 31
0
  0
LINE
  5
3C5
330
1A
100
AcDbEntity
  8
User.1
  6
CONTINUOUS
100
AcDbLine
 10
5.3558685039370078
 20
-3.6706200393700787
 30
0
 11
5.3549275984251965
 21
-3.6702303149606297
 31
0
  0
LINE
  5
3C6
330
1A
100
AcDbEntity
  8
User.1
  6
CONTINUOUS
100
AcDbLine
 10
5.3549275984251965
 20
-3.6702303149606297
 30
0
 11
5.3556375984251972
 21
-3.6783455118110235
 31
0
  0
LINE
  5
3C7
330
1A
100
AcDbEntity
  8
User.1
  6
CONTINUOUS
100
AcDbLine
 10
5.2259199212598428
 20
-3.0700496850393701
 30
0
 11
5.2259129921259841
 21
-3.0700579921259843
 31
0
  0
LINE
  5
3C8
330
1A
100
AcDbEntity
  8
User.1
  6
CONTINUOUS
100
AcDbLine
 10
5.2259129921259841
 20
-3.0700579921259843
 30
0
 11
5.2251756299212602
 21
-3.0702729133858266
 31
0
  0
LINE
  5
3C9
330
1A
100
AcDbEntity
  8
User.1
  6
CONTINUOUS
100
AcDbLine
 10
5.2251756299212602
 20
-3.0702729133858266
 30
0
 11
5.1288124803149602
 21
-3.0787035826771652
 31
0
  0
LINE
  5
3CA
330
1A
100
AcDbEntity
  8
User.1
  6
CONTINUOUS
100
AcDbLine
 10
5.1288124803149602
 20
-3.0787035826771652
 30
0
 11
5.1285080708661415
 21
-3.0790691338582676
 31
0
  0
LINE
  5
3CB
330
1A
100
AcDbEntity
  8
User.1
  6
CONTINUOUS
100
AcDbLine
 10
5.1285080708661415
 20
-3.0790691338582676
 30
0
 11
5.1266025984251966
 21
-3.0792429527559055
 31
0
  0
LINE
  5
3CC
330
1A
100
AcDbEntity
  8
User.1
  6
CONTINUOUS
100
AcDbLine
 10
5.1266025984251966
 20
-3.0792429527559055
 30
0
 11
5.1262266141732287
 21
-3.0789298031496064
 31
0
  0
LINE
  5
3CD
330
1A
100
AcDbEntity
  8
User.1
  6
CONTINUOUS
100
AcDbLine
 10
5.1262266141732287
 20
-3.0789298031496064
 30
0
 11
5.1021455905511806
 21
-3.0810366141732284
 31
0
  0
LINE
  5
3CE
330
1A
100
AcDbEntity
  8
User.1
  6
CONTINUOUS
100
AcDbLine
 10
5.1021455905511806
 20
-3.0810366141732284
 30
0
 11
5.1185336220472442
 21
-3.2683526377952754
 31
0
  0
LINE
  5
3CF
330
1A
100
AcDbEntity
  8
User.1
  6
CONTINUOUS
100
AcDbLine
 10
5.1185336220472442
 20
-3.2683526377952754
 30
0
 11
5.1184699212598428
 21
-3.2689344094488186
 31
0
  0
LINE
  5
3D0
330
1A
100
AcDbEntity
  8
User.1
  6
CONTINUOUS
100
AcDbLine
 10
5.1184699212598428
 20
-3.2689344094488186
 30
0
 11
5.1177319291338579
 21
-3.2698138976377953
 31
0
  0
LINE
  5
3D1
330
1A
100
AcDbEntity
  8
User.1
  6
CONTINUOUS
100
AcDbLine
 10
5.1177319291338579
 20
-3.2698138976377953
 30
0
 11
5.1177317322834641
 21
-3.2698138976377953
 31
0
  0
LINE
  5
3D2
330
1A
100
AcDbEntity
  8
User.1
  6
CONTINUOUS
100
AcDbLine
 10
5.1177317322834641
 20
-3.2698138976377953
 30
0
 11
5.1171700393700785
 21
-3.2699776377952756
 31
0
  0
LINE
  5
3D3
330
1A
100
AcDbEntity
  8
User.1
  6
CONTINUOUS
100
AcDbLine
 10
5.1171700393700785
 20
-3.2699776377952756
 30
0
 11
4.818311653543307
 21
-3.2961243700787399
 31
0
  0
LINE
  5
3D4
330
1A
100
AcDbEntity
  8
User.1
  6
CONTINUOUS
100
AcDbLine
 10
4.818311653543307
 20
-3.2961243700787399
 30
0
 11
4.8177298425196851
 21
-3.2960606692913386
 31
0
  0
LINE
  5
3D5
330
1A
100
AcDbEntity
  8
User.1
  6
CONTINUOUS
100
AcDbLine
 10
4.8177298425196851
 20
-3.2960606692913386
 30
0
 11
4.8168503937007872
 21
-3.2953227165354328
 31
0
  0
LINE
  5
3D6
330
1A
100
AcDbEntity
  8
User.1
  6
CONTINUOUS
100
AcDbLine
 10
4.8168503937007872
 20
-3.2953227165354328
 30
0
 11
4.8166866141732285
 21
-3.2947608267716535
 31
0
  0
LINE
  5
3D7
330
1A
100
AcDbEntity
  8
User.1
  6
CONTINUOUS
100
AcDbLine
 10
4.8166866141732285
 20
-3.2947608267716535
 30
0
 11
4.8002985826771649
 21
-3.1074448425196848
 31
0
  0
LINE
  5
3D8
330
1A
100
AcDbEntity
  8
User.1
  6
CONTINUOUS
100
AcDbLine
 10
4.8002985826771649
 20
-3.1074448425196848
 30
0
 11
4.7758668897637797
 21
-3.1095823228346458
 31
0
  0
LINE
  5
3D9
330
1A
100
AcDbEntity
  8
User.1
  6
CONTINUOUS
100
AcDbLine
 10
4.7758668897637797
 20
-3.1095823228346458
 30
0
 11
4.7755568110236215
 21
-3.109951929133858
 31
0
  0
LINE
  5
3DA
330
1A
100
AcDbEntity
  8
User.1
  6
CONTINUOUS
100
AcDbLine
 10
4.7755568110236215
 20
-3.109951929133858
 30
0
 11
4.7736507086614175
 21
-3.1101186614173226
 31
0
  0
LINE
  5
3DB
330
1A
100
AcDbEntity
  8
User.1
  6
CONTINUOUS
100
AcDbLine
 10
4.7736507086614175
 20
-3.1101186614173226
 30
0
 11
4.7732811417322836
 21
-3.1098085433070866
 31
0
  0
LINE
  5
3DC
330
1A
100
AcDbEntity
  8
User.1
  6
CONTINUOUS
100
AcDbLine
 10
4.7732811417322836
 20
-3.1098085433070866
 30
0
 11
4.6772685826771649
 21
-3.1182085433070865
 31
0
  0
LINE
  5
3DD
330
1A
100
AcDbEntity
  8
User.1
  6
CONTINUOUS
100
AcDbLine
 10
4.6772685826771649
 20
-3.1182085433070865
 30
0
 11
4.6772685826771649
 21
-3.1182085826771653
 31
0
  0
LINE
  5
3DE
330
1A
100
AcDbEntity
  8
User.1
  6
CONTINUOUS
100
AcDbLine
 10
4.6772685826771649
 20
-3.1182085826771653
 30
0
 11
4.6725001181102357
 21
-3.1186258661417323
 31
0
  0
LINE
  5
3DF
330
1A
100
AcDbEntity
  8
User.1
  6
CONTINUOUS
100
AcDbLine
 10
4.6725001181102357
 20
-3.1186258661417323
 30
0
 11
4.663153661417323
 21
-3.1206981496062993
 31
0
  0
LINE
  5
3E0
330
1A
100
AcDbEntity
  8
User.1
  6
CONTINUOUS
100
AcDbLine
 10
4.663153661417323
 20
-3.1206981496062993
 30
0
 11
4.6541576771653546
 21
-3.1239725984251967
 31
0
  0
LINE
  5
3E1
330
1A
100
AcDbEntity
  8
User.1
  6
CONTINUOUS
100
AcDbLine
 10
4.6541576771653546
 20
-3.1239725984251967
 30
0
 11
4.6456659842519681
 21
-3.1283932283464568
 31
0
  0
LINE
  5
3E2
330
1A
100
AcDbEntity
  8
User.1
  6
CONTINUOUS
100
AcDbLine
 10
4.6456659842519681
 20
-3.1283932283464568
 30
0
 11
4.6378239763779527
 21
-3.1338843700787402
 31
0
  0
LINE
  5
3E3
330
1A
100
AcDbEntity
  8
User.1
  6
CONTINUOUS
100
AcDbLine
 10
4.6378239763779527
 20
-3.1338843700787402
 30
0
 11
4.6307657480314957
 21
-3.1403520866141732
 31
0
  0
LINE
  5
3E4
330
1A
100
AcDbEntity
  8
User.1
  6
CONTINUOUS
100
AcDbLine
 10
4.6307657480314957
 20
-3.1403520866141732
 30
0
 11
4.6246120472440948
 21
-3.1476857480314959
 31
0
  0
LINE
  5
3E5
330
1A
100
AcDbEntity
  8
User.1
  6
CONTINUOUS
100
AcDbLine
 10
4.6246120472440948
 20
-3.1476857480314959
 30
0
 11
4.6194682283464568
 21
-3.1557598818897636
 31
0
  0
LINE
  5
3E6
330
1A
100
AcDbEntity
  8
User.1
  6
CONTINUOUS
100
AcDbLine
 10
4.6194682283464568
 20
-3.1557598818897636
 30
0
 11
4.6154222834645671
 21
-3.1644362992125985
 31
0
  0
LINE
  5
3E7
330
1A
100
AcDbEntity
  8
User.1
  6
CONTINUOUS
100
AcDbLine
 10
4.6154222834645671
 20
-3.1644362992125985
 30
0
 11
4.6125433858267719
 21
-3.1735665748031496
 31
0
  0
LINE
  5
3E8
330
1A
100
AcDbEntity
  8
User.1
  6
CONTINUOUS
100
AcDbLine
 10
4.6125433858267719
 20
-3.1735665748031496
 30
0
 11
4.6108807874015749
 21
-3.182994527559055
 31
0
  0
LINE
  5
3E9
330
1A
100
AcDbEntity
  8
User.1
  6
CONTINUOUS
100
AcDbLine
 10
4.6108807874015749
 20
-3.182994527559055
 30
0
 11
4.6104629921259841
 21
-3.1925588188976377
 31
0
  0
LINE
  5
3EA
330
1A
100
AcDbEntity
  8
User.1
  6
CONTINUOUS
100
AcDbLine
 10
4.6104629921259841
 20
-3.1925588188976377
 30
0
 11
4.6108800393700786
 21
-3.1973272047244095
 31
0
  0
LINE
  5
3EB
330
1A
100
AcDbEntity
  8
User.1
  6
CONTINUOUS
100
AcDbLine
 10
4.6108800393700786
 20
-3.1973272047244095
 30
0
 11
4.6108800787401574
 21
-3.1973272440944882
 31
0
  0
LINE
  5
3EC
330
1A
100
AcDbEntity
  8
User.1
  6
CONTINUOUS
100
AcDbLine
 10
4.6108800787401574
 20
-3.1973272440944882
 30
0
 11
4.6139255511811026
 21
-3.232137559055118
 31
0
  0
LINE
  5
3ED
330
1A
100
AcDbEntity
  8
User.1
  6
CONTINUOUS
100
AcDbLine
 10
4.6139255511811026
 20
-3.232137559055118
 30
0
 11
4.615460905511811
 21
-3.2327735433070863
 31
0
  0
LINE
  5
3EE
330
1A
100
AcDbEntity
  8
User.1
  6
CONTINUOUS
100
AcDbLine
 10
4.615460905511811
 20
-3.2327735433070863
 30
0
 11
4.6169783464566931
 21
-3.2342909842519685
 31
0
  0
LINE
  5
3EF
330
1A
100
AcDbEntity
  8
User.1
  6
CONTINUOUS
100
AcDbLine
 10
4.6169783464566931
 20
-3.2342909842519685
 30
0
 11
4.6177996062992124
 21
-3.2362736220472441
 31
0
  0
LINE
  5
3F0
330
1A
100
AcDbEntity
  8
User.1
  6
CONTINUOUS
100
AcDbLine
 10
4.6177996062992124
 20
-3.2362736220472441
 30
0
 11
4.6177996062992124
 21
-3.2384196062992125
 31
0
  0
LINE
  5
3F1
330
1A
100
AcDbEntity
  8
User.1
  6
CONTINUOUS
100
AcDbLine
 10
4.6177996062992124
 20
-3.2384196062992125
 30
0
 11
4.6169783464566931
 21
-3.2404022440944882
 31
0
  0
LINE
  5
3F2
330
1A
100
AcDbEntity
  8
User.1
  6
CONTINUOUS
100
AcDbLine
 10
4.6169783464566931
 20
-3.2404022440944882
 30
0
 11
4.615460905511811
 21
-3.2419196850393699
 31
0
  0
LINE
  5
3F3
330
1A
100
AcDbEntity
  8
User.1
  6
CONTINUOUS
100
AcDbLine
 10
4.615460905511811
 20
-3.2419196850393699
 30
0
 11
4.6148051574803146
 21
-3.2421912992125983
 31
0
  0
LINE
  5
3F4
330
1A
100
AcDbEntity
  8
User.1
  6
CONTINUOUS
100
AcDbLine
 10
4.6148051574803146
 20
-3.2421912992125983
 30
0
 11
4.6226411417322835
 21
-3.3317570472440945
 31
0
  0
LINE
  5
3F5
330
1A
100
AcDbEntity
  8
User.1
  6
CONTINUOUS
100
AcDbLine
 10
4.6226411417322835
 20
-3.3317570472440945
 30
0
 11
4.6241764960629919
 21
-3.3323930314960628
 31
0
  0
LINE
  5
3F6
330
1A
100
AcDbEntity
  8
User.1
  6
CONTINUOUS
100
AcDbLine
 10
4.6241764960629919
 20
-3.3323930314960628
 30
0
 11
4.6256938976377953
 21
-3.3339104330708662
 31
0
  0
LINE
  5
3F7
330
1A
100
AcDbEntity
  8
User.1
  6
CONTINUOUS
100
AcDbLine
 10
4.6256938976377953
 20
-3.3339104330708662
 30
0
 11
4.6265151574803145
 21
-3.3358930708661418
 31
0
  0
LINE
  5
3F8
330
1A
100
AcDbEntity
  8
User.1
  6
CONTINUOUS
100
AcDbLine
 10
4.6265151574803145
 20
-3.3358930708661418
 30
0
 11
4.6265151574803145
 21
-3.3380390551181103
 31
0
  0
LINE
  5
3F9
330
1A
100
AcDbEntity
  8
User.1
  6
CONTINUOUS
100
AcDbLine
 10
4.6265151574803145
 20
-3.3380390551181103
 30
0
 11
4.6256938976377953
 21
-3.3400216929133859
 31
0
  0
LINE
  5
3FA
330
1A
100
AcDbEntity
  8
User.1
  6
CONTINUOUS
100
AcDbLine
 10
4.6256938976377953
 20
-3.3400216929133859
 30
0
 11
4.6241764960629919
 21
-3.3415390944881889
 31
0
  0
LINE
  5
3FB
330
1A
100
AcDbEntity
  8
User.1
  6
CONTINUOUS
100
AcDbLine
 10
4.6241764960629919
 20
-3.3415390944881889
 30
0
 11
4.6235207086614176
 21
-3.3418107086614173
 31
0
  0
LINE
  5
3FC
330
1A
100
AcDbEntity
  8
User.1
  6
CONTINUOUS
100
AcDbLine
 10
4.6235207086614176
 20
-3.3418107086614173
 30
0
 11
4.6313567322834643
 21
-3.4313764960629922
 31
0
  0
LINE
  5
3FD
330
1A
100
AcDbEntity
  8
User.1
  6
CONTINUOUS
100
AcDbLine
 10
4.6313567322834643
 20
-3.4313764960629922
 30
0
 11
4.6328920866141727
 21
-3.4320124803149605
 31
0
  0
LINE
  5
3FE
330
1A
100
AcDbEntity
  8
User.1
  6
CONTINUOUS
100
AcDbLine
 10
4.6328920866141727
 20
-3.4320124803149605
 30
0
 11
4.6344095275590549
 21
-3.4335299212598422
 31
0
  0
LINE
  5
3FF
330
1A
100
AcDbEntity
  8
User.1
  6
CONTINUOUS
100
AcDbLine
 10
4.6344095275590549
 20
-3.4335299212598422
 30
0
 11
4.635230787401575
 21
-3.4355125590551179
 31
0
  0
LINE
  5
400
330
1A
100
AcDbEntity
  8
User.1
  6
CONTINUOUS
100
AcDbLine
 10
4.635230787401575
 20
-3.4355125590551179
 30
0
 11
4.635230787401575
 21
-3.4376585433070868
 31
0
  0
LINE
  5
401
330
1A
100
AcDbEntity
  8
User.1
  6
CONTINUOUS
100
AcDbLine
 10
4.635230787401575
 20
-3.4376585433070868
 30
0
 11
4.6344095275590549
 21
-3.4396411811023619
 31
0
  0
LINE
  5
402
330
1A
100
AcDbEntity
  8
User.1
  6
CONTINUOUS
100
AcDbLine
 10
4.6344095275590549
 20
-3.4396411811023619
 30
0
 11
4.6328920866141727
 21
-3.4411586220472441
 31
0
  0
LINE
  5
403
330
1A
100
AcDbEntity
  8
User.1
  6
CONTINUOUS
100
AcDbLine
 10
4.6328920866141727
 20
-3.4411586220472441
 30
0
 11
4.6322362992125985
 21
-3.4414302362204725
 31
0
  0
LINE
  5
404
330
1A
100
AcDbEntity
  8
User.1
  6
CONTINUOUS
100
AcDbLine
 10
4.6322362992125985
 20
-3.4414302362204725
 30
0
 11
4.6400722834645665
 21
-3.5309959842519683
 31
0
  0
LINE
  5
405
330
1A
100
AcDbEntity
  8
User.1
  6
CONTINUOUS
100
AcDbLine
 10
4.6400722834645665
 20
-3.5309959842519683
 30
0
 11
4.6416076377952757
 21
-3.531631968503937
 31
0
  0
LINE
  5
406
330
1A
100
AcDbEntity
  8
User.1
  6
CONTINUOUS
100
AcDbLine
 10
4.6416076377952757
 20
-3.531631968503937
 30
0
 11
4.643125078740157
 21
-3.5331494094488187
 31
0
  0
LINE
  5
407
330
1A
100
AcDbEntity
  8
User.1
  6
CONTINUOUS
100
AcDbLine
 10
4.643125078740157
 20
-3.5331494094488187
 30
0
 11
4.6439463385826771
 21
-3.5351320472440944
 31
0
  0
LINE
  5
408
330
1A
100
AcDbEntity
  8
User.1
  6
CONTINUOUS
100
AcDbLine
 10
4.6439463385826771
 20
-3.5351320472440944
 30
0
 11
4.6439463385826771
 21
-3.5372780314960628
 31
0
  0
LINE
  5
409
330
1A
100
AcDbEntity
  8
User.1
  6
CONTINUOUS
100
AcDbLine
 10
4.6439463385826771
 20
-3.5372780314960628
 30
0
 11
4.643125078740157
 21
-3.5392606692913384
 31
0
  0
LINE
  5
40A
330
1A
100
AcDbEntity
  8
User.1
  6
CONTINUOUS
100
AcDbLine
 10
4.643125078740157
 20
-3.5392606692913384
 30
0
 11
4.6416076377952757
 21
-3.5407781102362206
 31
0
  0
LINE
  5
40B
330
1A
100
AcDbEntity
  8
User.1
  6
CONTINUOUS
100
AcDbLine
 10
4.6416076377952757
 20
-3.5407781102362206
 30
0
 11
4.6409518897637794
 21
-3.5410497244094485
 31
0
  0
LINE
  5
40C
330
1A
100
AcDbEntity
  8
User.1
  6
CONTINUOUS
100
AcDbLine
 10
4.6409518897637794
 20
-3.5410497244094485
 30
0
 11
4.6487878740157482
 21
-3.630615433070866
 31
0
  0
LINE
  5
40D
330
1A
100
AcDbEntity
  8
User.1
  6
CONTINUOUS
100
AcDbLine
 10
4.6487878740157482
 20
-3.630615433070866
 30
0
 11
4.6503232283464566
 21
-3.6312514173228347
 31
0
  0
LINE
  5
40E
330
1A
100
AcDbEntity
  8
User.1
  6
CONTINUOUS
100
AcDbLine
 10
4.6503232283464566
 20
-3.6312514173228347
 30
0
 11
4.6518406692913388
 21
-3.6327688582677164
 31
0
  0
LINE
  5
40F
330
1A
100
AcDbEntity
  8
User.1
  6
CONTINUOUS
100
AcDbLine
 10
4.6518406692913388
 20
-3.6327688582677164
 30
0
 11
4.652661929133858
 21
-3.6347514960629921
 31
0
  0
LINE
  5
410
330
1A
100
AcDbEntity
  8
User.1
  6
CONTINUOUS
100
AcDbLine
 10
4.652661929133858
 20
-3.6347514960629921
 30
0
 11
4.652661929133858
 21
-3.6368974803149605
 31
0
  0
LINE
  5
411
330
1A
100
AcDbEntity
  8
User.1
  6
CONTINUOUS
100
AcDbLine
 10
4.652661929133858
 20
-3.6368974803149605
 30
0
 11
4.6518406692913388
 21
-3.6388801181102362
 31
0
  0
LINE
  5
412
330
1A
100
AcDbEntity
  8
User.1
  6
CONTINUOUS
100
AcDbLine
 10
4.6518406692913388
 20
-3.6388801181102362
 30
0
 11
4.6503232283464566
 21
-3.6403975590551179
 31
0
  0
LINE
  5
413
330
1A
100
AcDbEntity
  8
User.1
  6
CONTINUOUS
100
AcDbLine
 10
4.6503232283464566
 20
-3.6403975590551179
 30
0
 11
4.6496674409448815
 21
-3.6406691732283463
 31
0
  0
LINE
  5
414
330
1A
100
AcDbEntity
  8
User.1
  6
CONTINUOUS
100
AcDbLine
 10
4.6496674409448815
 20
-3.6406691732283463
 30
0
 11
4.6528772834645666
 21
-3.6773575984251967
 31
0
  0
LINE
  5
415
330
1A
100
AcDbEntity
  8
User.1
  6
CONTINUOUS
100
AcDbLine
 10
4.6528772834645666
 20
-3.6773575984251967
 30
0
 11
5.3462915354330711
 21
-3.6166916929133857
 31
0
  0
LINE
  5
416
330
1A
100
AcDbEntity
  8
User.1
  6
CONTINUOUS
100
AcDbLine
 10
5.3462915354330711
 20
-3.6166916929133857
 30
0
 11
5.3430835433070865
 21
-3.5800244881889762
 31
0
  0
LINE
  5
417
330
1A
100
AcDbEntity
  8
User.1
  6
CONTINUOUS
100
AcDbLine
 10
5.3430835433070865
 20
-3.5800244881889762
 30
0
 11
5.3415482283464568
 21
-3.5793885433070867
 31
0
  0
LINE
  5
418
330
1A
100
AcDbEntity
  8
User.1
  6
CONTINUOUS
100
AcDbLine
 10
5.3415482283464568
 20
-3.5793885433070867
 30
0
 11
5.3400307874015747
 21
-3.5778711023622045
 31
0
  0
LINE
  5
419
330
1A
100
AcDbEntity
  8
User.1
  6
CONTINUOUS
100
AcDbLine
 10
5.3400307874015747
 20
-3.5778711023622045
 30
0
 11
5.3392095275590554
 21
-3.5758884645669289
 31
0
  0
LINE
  5
41A
330
1A
100
AcDbEntity
  8
User.1
  6
CONTINUOUS
100
AcDbLine
 10
5.3392095275590554
 20
-3.5758884645669289
 30
0
 11
5.3392095275590554
 21
-3.5739203543307085
 31
0
  0
LINE
  5
41B
330
1A
100
AcDbEntity
  8
User.1
  6
CONTINUOUS
100
AcDbLine
 10
5.3392095275590554
 20
-3.5739203543307085
 30
0
 11
5.3392095275590554
 21
-3.5737424803149604
 31
0
  0
LINE
  5
41C
330
1A
100
AcDbEntity
  8
User.1
  6
CONTINUOUS
100
AcDbLine
 10
5.3392095275590554
 20
-3.5737424803149604
 30
0
 11
5.3400307874015747
 21
-3.5717598425196848
 31
0
  0
LINE
  5
41D
330
1A
100
AcDbEntity
  8
User.1
  6
CONTINUOUS
100
AcDbLine
 10
5.3400307874015747
 20
-3.5717598425196848
 30
0
 11
5.3415482283464568
 21
-3.5702424015748031
 31
0
  0
LINE
  5
41E
330
1A
100
AcDbEntity
  8
User.1
  6
CONTINUOUS
100
AcDbLine
 10
5.3415482283464568
 20
-3.5702424015748031
 30
0
 11
5.3422039763779523
 21
-3.5699707480314959
 31
0
  0
LINE
  5
41F
330
1A
100
AcDbEntity
  8
User.1
  6
CONTINUOUS
100
AcDbLine
 10
5.3422039763779523
 20
-3.5699707480314959
 30
0
 11
5.3343679921259843
 21
-3.480404960629921
 31
0
  0
LINE
  5
420
330
1A
100
AcDbEntity
  8
User.1
  6
CONTINUOUS
100
AcDbLine
 10
5.3343679921259843
 20
-3.480404960629921
 30
0
 11
5.3328326771653538
 21
-3.4797690157480314
 31
0
  0
LINE
  5
421
330
1A
100
AcDbEntity
  8
User.1
  6
CONTINUOUS
100
AcDbLine
 10
5.3328326771653538
 20
-3.4797690157480314
 30
0
 11
5.3313152755905513
 21
-3.4782516141732285
 31
0
  0
LINE
  5
422
330
1A
100
AcDbEntity
  8
User.1
  6
CONTINUOUS
100
AcDbLine
 10
5.3313152755905513
 20
-3.4782516141732285
 30
0
 11
5.3304940157480312
 21
-3.4762689763779528
 31
0
  0
LINE
  5
423
330
1A
100
AcDbEntity
  8
User.1
  6
CONTINUOUS
100
AcDbLine
 10
5.3304940157480312
 20
-3.4762689763779528
 30
0
 11
5.3304940157480312
 21
-3.4743009055118108
 31
0
  0
LINE
  5
424
330
1A
100
AcDbEntity
  8
User.1
  6
CONTINUOUS
100
AcDbLine
 10
5.3304940157480312
 20
-3.4743009055118108
 30
0
 11
5.3304940157480312
 21
-3.474122992125984
 31
0
  0
LINE
  5
425
330
1A
100
AcDbEntity
  8
User.1
  6
CONTINUOUS
100
AcDbLine
 10
5.3304940157480312
 20
-3.474122992125984
 30
0
 11
5.3313152755905513
 21
-3.4721403543307088
 31
0
  0
LINE
  5
426
330
1A
100
AcDbEntity
  8
User.1
  6
CONTINUOUS
100
AcDbLine
 10
5.3313152755905513
 20
-3.4721403543307088
 30
0
 11
5.3328326771653538
 21
-3.4706229527559054
 31
0
  0
LINE
  5
427
330
1A
100
AcDbEntity
  8
User.1
  6
CONTINUOUS
100
AcDbLine
 10
5.3328326771653538
 20
-3.4706229527559054
 30
0
 11
5.3334883858267714
 21
-3.4703512992125982
 31
0
  0
LINE
  5
428
330
1A
100
AcDbEntity
  8
User.1
  6
CONTINUOUS
100
AcDbLine
 10
5.3334883858267714
 20
-3.4703512992125982
 30
0
 11
5.3256524015748035
 21
-3.3807855511811025
 31
0
  0
LINE
  5
429
330
1A
100
AcDbEntity
  8
User.1
  6
CONTINUOUS
100
AcDbLine
 10
5.3256524015748035
 20
-3.3807855511811025
 30
0
 11
5.3241170866141729
 21
-3.3801496062992125
 31
0
  0
LINE
  5
42A
330
1A
100
AcDbEntity
  8
User.1
  6
CONTINUOUS
100
AcDbLine
 10
5.3241170866141729
 20
-3.3801496062992125
 30
0
 11
5.3225996456692908
 21
-3.3786321653543308
 31
0
  0
LINE
  5
42B
330
1A
100
AcDbEntity
  8
User.1
  6
CONTINUOUS
100
AcDbLine
 10
5.3225996456692908
 20
-3.3786321653543308
 30
0
 11
5.3217783858267715
 21
-3.3766495275590551
 31
0
  0
LINE
  5
42C
330
1A
100
AcDbEntity
  8
User.1
  6
CONTINUOUS
100
AcDbLine
 10
5.3217783858267715
 20
-3.3766495275590551
 30
0
 11
5.3217783858267715
 21
-3.3746814173228348
 31
0
  0
LINE
  5
42D
330
1A
100
AcDbEntity
  8
User.1
  6
CONTINUOUS
100
AcDbLine
 10
5.3217783858267715
 20
-3.3746814173228348
 30
0
 11
5.3217783858267715
 21
-3.3745035433070867
 31
0
  0
LINE
  5
42E
330
1A
100
AcDbEntity
  8
User.1
  6
CONTINUOUS
100
AcDbLine
 10
5.3217783858267715
 20
-3.3745035433070867
 30
0
 11
5.3225996456692908
 21
-3.3725209055118111
 31
0
  0
LINE
  5
42F
330
1A
100
AcDbEntity
  8
User.1
  6
CONTINUOUS
100
AcDbLine
 10
5.3225996456692908
 20
-3.3725209055118111
 30
0
 11
5.3241170866141729
 21
-3.3710034645669289
 31
0
  0
LINE
  5
430
330
1A
100
AcDbEntity
  8
User.1
  6
CONTINUOUS
100
AcDbLine
 10
5.3241170866141729
 20
-3.3710034645669289
 30
0
 11
5.3247728346456693
 21
-3.3707318110236222
 31
0
  0
LINE
  5
431
330
1A
100
AcDbEntity
  8
User.1
  6
CONTINUOUS
100
AcDbLine
 10
5.3247728346456693
 20
-3.3707318110236222
 30
0
 11
5.3169368110236217
 21
-3.2811660236220472
 31
0
  0
LINE
  5
432
330
1A
100
AcDbEntity
  8
User.1
  6
CONTINUOUS
100
AcDbLine
 10
5.3169368110236217
 20
-3.2811660236220472
 30
0
 11
5.3154015354330708
 21
-3.2805300787401572
 31
0
  0
LINE
  5
433
330
1A
100
AcDbEntity
  8
User.1
  6
CONTINUOUS
100
AcDbLine
 10
5.3154015354330708
 20
-3.2805300787401572
 30
0
 11
5.3138841338582674
 21
-3.2790126771653543
 31
0
  0
LINE
  5
434
330
1A
100
AcDbEntity
  8
User.1
  6
CONTINUOUS
100
AcDbLine
 10
5.3138841338582674
 20
-3.2790126771653543
 30
0
 11
5.3130628740157482
 21
-3.2770300393700786
 31
0
  0
LINE
  5
435
330
1A
100
AcDbEntity
  8
User.1
  6
CONTINUOUS
100
AcDbLine
 10
5.3130628740157482
 20
-3.2770300393700786
 30
0
 11
5.3130628740157482
 21
-3.275061968503937
 31
0
  0
LINE
  5
436
330
1A
100
AcDbEntity
  8
User.1
  6
CONTINUOUS
100
AcDbLine
 10
5.3130628740157482
 20
-3.275061968503937
 30
0
 11
5.3130628740157482
 21
-3.2748840551181102
 31
0
  0
LINE
  5
437
330
1A
100
AcDbEntity
  8
User.1
  6
CONTINUOUS
100
AcDbLine
 10
5.3130628740157482
 20
-3.2748840551181102
 30
0
 11
5.3138841338582674
 21
-3.2729014173228346
 31
0
  0
LINE
  5
438
330
1A
100
AcDbEntity
  8
User.1
  6
CONTINUOUS
100
AcDbLine
 10
5.3138841338582674
 20
-3.2729014173228346
 30
0
 11
5.3154015354330708
 21
-3.2713840157480316
 31
0
  0
LINE
  5
439
330
1A
100
AcDbEntity
  8
User.1
  6
CONTINUOUS
100
AcDbLine
 10
5.3154015354330708
 20
-3.2713840157480316
 30
0
 11
5.3160572440944884
 21
-3.2711123622047245
 31
0
  0
LINE
  5
43A
330
1A
100
AcDbEntity
  8
User.1
  6
CONTINUOUS
100
AcDbLine
 10
5.3160572440944884
 20
-3.2711123622047245
 30
0
 11
5.3082212598425196
 21
-3.1815466141732283
 31
0
  0
LINE
  5
43B
330
1A
100
AcDbEntity
  8
User.1
  6
CONTINUOUS
100
AcDbLine
 10
5.3082212598425196
 20
-3.1815466141732283
 30
0
 11
5.3066859448818899
 21
-3.1809106692913387
 31
0
  0
LINE
  5
43C
330
1A
100
AcDbEntity
  8
User.1
  6
CONTINUOUS
100
AcDbLine
 10
5.3066859448818899
 20
-3.1809106692913387
 30
0
 11
5.3051685039370078
 21
-3.1793932283464565
 31
0
  0
LINE
  5
43D
330
1A
100
AcDbEntity
  8
User.1
  6
CONTINUOUS
100
AcDbLine
 10
5.3051685039370078
 20
-3.1793932283464565
 30
0
 11
5.3043472440944877
 21
-3.1774105905511809
 31
0
  0
LINE
  5
43E
330
1A
100
AcDbEntity
  8
User.1
  6
CONTINUOUS
100
AcDbLine
 10
5.3043472440944877
 20
-3.1774105905511809
 30
0
 11
5.3043472440944877
 21
-3.1754424803149606
 31
0
  0
LINE
  5
43F
330
1A
100
AcDbEntity
  8
User.1
  6
CONTINUOUS
100
AcDbLine
 10
5.3043472440944877
 20
-3.1754424803149606
 30
0
 11
5.3043472440944877
 21
-3.1752646062992125
 31
0
  0
LINE
  5
440
330
1A
100
AcDbEntity
  8
User.1
  6
CONTINUOUS
100
AcDbLine
 10
5.3043472440944877
 20
-3.1752646062992125
 30
0
 11
5.3051685039370078
 21
-3.1732819685039368
 31
0
  0
LINE
  5
441
330
1A
100
AcDbEntity
  8
User.1
  6
CONTINUOUS
100
AcDbLine
 10
5.3051685039370078
 20
-3.1732819685039368
 30
0
 11
5.3066859448818899
 21
-3.1717645275590551
 31
0
  0
LINE
  5
442
330
1A
100
AcDbEntity
  8
User.1
  6
CONTINUOUS
100
AcDbLine
 10
5.3066859448818899
 20
-3.1717645275590551
 30
0
 11
5.3073416929133854
 21
-3.171492874015748
 31
0
  0
LINE
  5
443
330
1A
100
AcDbEntity
  8
User.1
  6
CONTINUOUS
100
AcDbLine
 10
5.3073416929133854
 20
-3.171492874015748
 30
0
 11
5.304294330708661
 21
-3.1366613779527559
 31
0
  0
LINE
  5
444
330
1A
100
AcDbEntity
  8
User.1
  6
CONTINUOUS
100
AcDbLine
 10
5.304294330708661
 20
-3.1366613779527559
 30
0
 11
5.3043051574803153
 21
-3.1365623622047245
 31
0
  0
LINE
  5
445
330
1A
100
AcDbEntity
  8
User.1
  6
CONTINUOUS
100
AcDbLine
 10
5.3043051574803153
 20
-3.1365623622047245
 30
0
 11
5.3042805905511807
 21
-3.1365044881889763
 31
0
  0
LINE
  5
446
330
1A
100
AcDbEntity
  8
User.1
  6
CONTINUOUS
100
AcDbLine
 10
5.3042805905511807
 20
-3.1365044881889763
 30
0
 11
5.3038633858267712
 21
-3.1317359448818896
 31
0
  0
LINE
  5
447
330
1A
100
AcDbEntity
  8
User.1
  6
CONTINUOUS
100
AcDbLine
 10
5.3038633858267712
 20
-3.1317359448818896
 30
0
 11
5.3017913385826771
 21
-3.1223894094488189
 31
0
  0
LINE
  5
448
330
1A
100
AcDbEntity
  8
User.1
  6
CONTINUOUS
100
AcDbLine
 10
5.3017913385826771
 20
-3.1223894094488189
 30
0
 11
5.2985170078740156
 21
-3.1133933070866142
 31
0
  0
LINE
  5
449
330
1A
100
AcDbEntity
  8
User.1
  6
CONTINUOUS
100
AcDbLine
 10
5.2985170078740156
 20
-3.1133933070866142
 30
0
 11
5.2940964960629922
 21
-3.1049015354330707
 31
0
  0
LINE
  5
44A
330
1A
100
AcDbEntity
  8
User.1
  6
CONTINUOUS
100
AcDbLine
 10
5.2940964960629922
 20
-3.1049015354330707
 30
0
 11
5.2886053543307083
 21
-3.0970593700787399
 31
0
  0
LINE
  5
44B
330
1A
100
AcDbEntity
  8
User.1
  6
CONTINUOUS
100
AcDbLine
 10
5.2886053543307083
 20
-3.0970593700787399
 30
0
 11
5.282137598425197
 21
-3.0900010629921257
 31
0
  0
LINE
  5
44C
330
1A
100
AcDbEntity
  8
User.1
  6
CONTINUOUS
100
AcDbLine
 10
5.282137598425197
 20
-3.0900010629921257
 30
0
 11
5.2748038976377956
 21
-3.0838473622047244
 31
0
  0
LINE
  5
44D
330
1A
100
AcDbEntity
  8
User.1
  6
CONTINUOUS
100
AcDbLine
 10
5.2748038976377956
 20
-3.0838473622047244
 30
0
 11
5.2667297244094486
 21
-3.0787035433070864
 31
0
  0
LINE
  5
44E
330
1A
100
AcDbEntity
  8
User.1
  6
CONTINUOUS
100
AcDbLine
 10
5.2667297244094486
 20
-3.0787035433070864
 30
0
 11
5.2580532283464567
 21
-3.0746576377952755
 31
0
  0
LINE
  5
44F
330
1A
100
AcDbEntity
  8
User.1
  6
CONTINUOUS
100
AcDbLine
 10
5.2580532283464567
 20
-3.0746576377952755
 30
0
 11
5.2489228346456693
 21
-3.0717788188976378
 31
0
  0
LINE
  5
450
330
1A
100
AcDbEntity
  8
User.1
  6
CONTINUOUS
100
AcDbLine
 10
5.2489228346456693
 20
-3.0717788188976378
 30
0
 11
5.239494803149606
 21
-3.0701164173228346
 31
0
  0
LINE
  5
451
330
1A
100
AcDbEntity
  8
User.1
  6
CONTINUOUS
100
AcDbLine
 10
5.239494803149606
 20
-3.0701164173228346
 30
0
 11
5.2299304330708658
 21
-3.0696988188976375
 31
0
  0
LINE
  5
452
330
1A
100
AcDbEntity
  8
User.1
  6
CONTINUOUS
100
AcDbLine
 10
5.2299304330708658
 20
-3.0696988188976375
 30
0
 11
5.2259199212598428
 21
-3.0700496850393701
 31
0
  0
LINE
  5
453
330
1A
100
AcDbEntity
  8
User.1
  6
CONTINUOUS
100
AcDbLine
 10
4.6495857086614176
 20
-3.6397350393700787
 30
0
 11
4.649816653543307
 21
-3.6396394094488187
 31
0
  0
LINE
  5
454
330
1A
100
AcDbEntity
  8
User.1
  6
CONTINUOUS
100
AcDbLine
 10
4.649816653543307
 20
-3.6396394094488187
 30
0
 11
4.6510825196850396
 21
-3.6383735433070865
 31
0
  0
LINE
  5
455
330
1A
100
AcDbEntity
  8
User.1
  6
CONTINUOUS
100
AcDbLine
 10
4.6510825196850396
 20
-3.6383735433070865
 30
0
 11
4.6517675984251969
 21
-3.6367196062992124
 31
0
  0
LINE
  5
456
330
1A
100
AcDbEntity
  8
User.1
  6
CONTINUOUS
100
AcDbLine
 10
4.6517675984251969
 20
-3.6367196062992124
 30
0
 11
4.6517675984251969
 21
-3.6349293700787402
 31
0
  0
LINE
  5
457
330
1A
100
AcDbEntity
  8
User.1
  6
CONTINUOUS
100
AcDbLine
 10
4.6517675984251969
 20
-3.6349293700787402
 30
0
 11
4.6510825196850396
 21
-3.6332754330708661
 31
0
  0
LINE
  5
458
330
1A
100
AcDbEntity
  8
User.1
  6
CONTINUOUS
100
AcDbLine
 10
4.6510825196850396
 20
-3.6332754330708661
 30
0
 11
4.649816653543307
 21
-3.6320095669291339
 31
0
  0
LINE
  5
459
330
1A
100
AcDbEntity
  8
User.1
  6
CONTINUOUS
100
AcDbLine
 10
4.649816653543307
 20
-3.6320095669291339
 30
0
 11
4.6488757480314957
 21
-3.6316198031496061
 31
0
  0
LINE
  5
45A
330
1A
100
AcDbEntity
  8
User.1
  6
CONTINUOUS
100
AcDbLine
 10
4.6488757480314957
 20
-3.6316198031496061
 30
0
 11
4.6495857086614176
 21
-3.6397350393700787
 31
0
  0
LINE
  5
45B
330
1A
100
AcDbEntity
  8
User.1
  6
CONTINUOUS
100
AcDbLine
 10
5.3469220078740154
 20
-3.5787260236220471
 30
0
 11
5.3471529133858269
 21
-3.5786303937007875
 31
0
  0
LINE
  5
45C
330
1A
100
AcDbEntity
  8
User.1
  6
CONTINUOUS
100
AcDbLine
 10
5.3471529133858269
 20
-3.5786303937007875
 30
0
 11
5.3484187795275586
 21
-3.5773645275590549
 31
0
  0
LINE
  5
45D
330
1A
100
AcDbEntity
  8
User.1
  6
CONTINUOUS
100
AcDbLine
 10
5.3484187795275586
 20
-3.5773645275590549
 30
0
 11
5.3491038582677168
 21
-3.5757105905511812
 31
0
  0
LINE
  5
45E
330
1A
100
AcDbEntity
  8
User.1
  6
CONTINUOUS
100
AcDbLine
 10
5.3491038582677168
 20
-3.5757105905511812
 30
0
 11
5.3491038582677168
 21
-3.5739203543307085
 31
0
  0
LINE
  5
45F
330
1A
100
AcDbEntity
  8
User.1
  6
CONTINUOUS
100
AcDbLine
 10
5.3491038582677168
 20
-3.5739203543307085
 30
0
 11
5.3484187795275586
 21
-3.5722664173228345
 31
0
  0
LINE
  5
460
330
1A
100
AcDbEntity
  8
User.1
  6
CONTINUOUS
100
AcDbLine
 10
5.3484187795275586
 20
-3.5722664173228345
 30
0
 11
5.3471529133858269
 21
-3.5710005511811023
 31
0
  0
LINE
  5
461
330
1A
100
AcDbEntity
  8
User.1
  6
CONTINUOUS
100
AcDbLine
 10
5.3471529133858269
 20
-3.5710005511811023
 30
0
 11
5.3462120472440944
 21
-3.5706108267716536
 31
0
  0
LINE
  5
462
330
1A
100
AcDbEntity
  8
User.1
  6
CONTINUOUS
100
AcDbLine
 10
5.3462120472440944
 20
-3.5706108267716536
 30
0
 11
5.3469220078740154
 21
-3.5787260236220471
 31
0
  0
LINE
  5
463
330
1A
100
AcDbEntity
  8
User.1
  6
CONTINUOUS
100
AcDbLine
 10
4.6408701574803146
 20
-3.540115590551181
 30
0
 11
4.6411010629921261
 21
-3.540019960629921
 31
0
  0
LINE
  5
464
330
1A
100
AcDbEntity
  8
User.1
  6
CONTINUOUS
100
AcDbLine
 10
4.6411010629921261
 20
-3.540019960629921
 30
0
 11
4.6423669291338578
 21
-3.5387540944881888
 31
0
  0
LINE
  5
465
330
1A
100
AcDbEntity
  8
User.1
  6
CONTINUOUS
100
AcDbLine
 10
4.6423669291338578
 20
-3.5387540944881888
 30
0
 11
4.6430520078740161
 21
-3.5371001574803147
 31
0
  0
LINE
  5
466
330
1A
100
AcDbEntity
  8
User.1
  6
CONTINUOUS
100
AcDbLine
 10
4.6430520078740161
 20
-3.5371001574803147
 30
0
 11
4.6430520078740161
 21
-3.5353099212598424
 31
0
  0
LINE
  5
467
330
1A
100
AcDbEntity
  8
User.1
  6
CONTINUOUS
100
AcDbLine
 10
4.6430520078740161
 20
-3.5353099212598424
 30
0
 11
4.6423669291338578
 21
-3.5336559842519684
 31
0
  0
LINE
  5
468
330
1A
100
AcDbEntity
  8
User.1
  6
CONTINUOUS
100
AcDbLine
 10
4.6423669291338578
 20
-3.5336559842519684
 30
0
 11
4.6411010629921261
 21
-3.5323901181102362
 31
0
  0
LINE
  5
469
330
1A
100
AcDbEntity
  8
User.1
  6
CONTINUOUS
100
AcDbLine
 10
4.6411010629921261
 20
-3.5323901181102362
 30
0
 11
4.6401601574803149
 21
-3.5320003937007871
 31
0
  0
LINE
  5
46A
330
1A
100
AcDbEntity
  8
User.1
  6
CONTINUOUS
100
AcDbLine
 10
4.6401601574803149
 20
-3.5320003937007871
 30
0
 11
4.6408701574803146
 21
-3.540115590551181
 31
0
  0
LINE
  5
46B
330
1A
100
AcDbEntity
  8
User.1
  6
CONTINUOUS
100
AcDbLine
 10
5.3382064566929133
 20
-3.4791064566929135
 30
0
 11
5.3384373228346451
 21
-3.4790108661417323
 31
0
  0
LINE
  5
46C
330
1A
100
AcDbEntity
  8
User.1
  6
CONTINUOUS
100
AcDbLine
 10
5.3384373228346451
 20
-3.4790108661417323
 30
0
 11
5.3397031889763777
 21
-3.4777450000000001
 31
0
  0
LINE
  5
46D
330
1A
100
AcDbEntity
  8
User.1
  6
CONTINUOUS
100
AcDbLine
 10
5.3397031889763777
 20
-3.4777450000000001
 30
0
 11
5.3403882677165351
 21
-3.476091062992126
 31
0
  0
LINE
  5
46E
330
1A
100
AcDbEntity
  8
User.1
  6
CONTINUOUS
100
AcDbLine
 10
5.3403882677165351
 20
-3.476091062992126
 30
0
 11
5.3403882677165351
 21
-3.4743009055118108
 31
0
  0
LINE
  5
46F
330
1A
100
AcDbEntity
  8
User.1
  6
CONTINUOUS
100
AcDbLine
 10
5.3403882677165351
 20
-3.4743009055118108
 30
0
 11
5.3397031889763777
 21
-3.4726469685039367
 31
0
  0
LINE
  5
470
330
1A
100
AcDbEntity
  8
User.1
  6
CONTINUOUS
100
AcDbLine
 10
5.3397031889763777
 20
-3.4726469685039367
 30
0
 11
5.3384373228346451
 21
-3.4713811023622045
 31
0
  0
LINE
  5
471
330
1A
100
AcDbEntity
  8
User.1
  6
CONTINUOUS
100
AcDbLine
 10
5.3384373228346451
 20
-3.4713811023622045
 30
0
 11
5.3374964566929135
 21
-3.4709913779527559
 31
0
  0
LINE
  5
472
330
1A
100
AcDbEntity
  8
User.1
  6
CONTINUOUS
100
AcDbLine
 10
5.3374964566929135
 20
-3.4709913779527559
 30
0
 11
5.3382064566929133
 21
-3.4791064566929135
 31
0
  0
LINE
  5
473
330
1A
100
AcDbEntity
  8
User.1
  6
CONTINUOUS
100
AcDbLine
 10
4.6321545669291337
 20
-3.4404961023622045
 30
0
 11
4.6323855118110231
 21
-3.4404004724409449
 31
0
  0
LINE
  5
474
330
1A
100
AcDbEntity
  8
User.1
  6
CONTINUOUS
100
AcDbLine
 10
4.6323855118110231
 20
-3.4404004724409449
 30
0
 11
4.6336513779527557
 21
-3.4391346062992123
 31
0
  0
LINE
  5
475
330
1A
100
AcDbEntity
  8
User.1
  6
CONTINUOUS
100
AcDbLine
 10
4.6336513779527557
 20
-3.4391346062992123
 30
0
 11
4.6343364566929131
 21
-3.4374806692913387
 31
0
  0
LINE
  5
476
330
1A
100
AcDbEntity
  8
User.1
  6
CONTINUOUS
100
AcDbLine
 10
4.6343364566929131
 20
-3.4374806692913387
 30
0
 11
4.6343364566929131
 21
-3.435690433070866
 31
0
  0
LINE
  5
477
330
1A
100
AcDbEntity
  8
User.1
  6
CONTINUOUS
100
AcDbLine
 10
4.6343364566929131
 20
-3.435690433070866
 30
0
 11
4.6336513779527557
 21
-3.4340364960629919
 31
0
  0
LINE
  5
478
330
1A
100
AcDbEntity
  8
User.1
  6
CONTINUOUS
100
AcDbLine
 10
4.6336513779527557
 20
-3.4340364960629919
 30
0
 11
4.6323855118110231
 21
-3.4327706299212597
 31
0
  0
LINE
  5
479
330
1A
100
AcDbEntity
  8
User.1
  6
CONTINUOUS
100
AcDbLine
 10
4.6323855118110231
 20
-3.4327706299212597
 30
0
 11
4.631444566929134
 21
-3.4323808661417323
 31
0
  0
LINE
  5
47A
330
1A
100
AcDbEntity
  8
User.1
  6
CONTINUOUS
100
AcDbLine
 10
4.631444566929134
 20
-3.4323808661417323
 30
0
 11
4.6321545669291337
 21
-3.4404961023622045
 31
0
  0
LINE
  5
47B
330
1A
100
AcDbEntity
  8
User.1
  6
CONTINUOUS
100
AcDbLine
 10
5.3294908661417324
 20
-3.3794870866141733
 30
0
 11
5.329721771653543
 21
-3.3793914566929133
 31
0
  0
LINE
  5
47C
330
1A
100
AcDbEntity
  8
User.1
  6
CONTINUOUS
100
AcDbLine
 10
5.329721771653543
 20
-3.3793914566929133
 30
0
 11
5.3309876377952756
 21
-3.3781255905511811
 31
0
  0
LINE
  5
47D
330
1A
100
AcDbEntity
  8
User.1
  6
CONTINUOUS
100
AcDbLine
 10
5.3309876377952756
 20
-3.3781255905511811
 30
0
 11
5.331672716535433
 21
-3.376471653543307
 31
0
  0
LINE
  5
47E
330
1A
100
AcDbEntity
  8
User.1
  6
CONTINUOUS
100
AcDbLine
 10
5.331672716535433
 20
-3.376471653543307
 30
0
 11
5.331672716535433
 21
-3.3746814173228348
 31
0
  0
LINE
  5
47F
330
1A
100
AcDbEntity
  8
User.1
  6
CONTINUOUS
100
AcDbLine
 10
5.331672716535433
 20
-3.3746814173228348
 30
0
 11
5.3309876377952756
 21
-3.3730274803149607
 31
0
  0
LINE
  5
480
330
1A
100
AcDbEntity
  8
User.1
  6
CONTINUOUS
100
AcDbLine
 10
5.3309876377952756
 20
-3.3730274803149607
 30
0
 11
5.329721771653543
 21
-3.3717616141732281
 31
0
  0
LINE
  5
481
330
1A
100
AcDbEntity
  8
User.1
  6
CONTINUOUS
100
AcDbLine
 10
5.329721771653543
 20
-3.3717616141732281
 30
0
 11
5.3287809055118105
 21
-3.3713718897637794
 31
0
  0
LINE
  5
482
330
1A
100
AcDbEntity
  8
User.1
  6
CONTINUOUS
100
AcDbLine
 10
5.3287809055118105
 20
-3.3713718897637794
 30
0
 11
5.3294908661417324
 21
-3.3794870866141733
 31
0
  0
LINE
  5
483
330
1A
100
AcDbEntity
  8
User.1
  6
CONTINUOUS
100
AcDbLine
 10
4.6234390157480316
 20
-3.3408765354330709
 30
0
 11
4.6236698818897635
 21
-3.3407809448818897
 31
0
  0
LINE
  5
484
330
1A
100
AcDbEntity
  8
User.1
  6
CONTINUOUS
100
AcDbLine
 10
4.6236698818897635
 20
-3.3407809448818897
 30
0
 11
4.6249357480314961
 21
-3.3395150787401575
 31
0
  0
LINE
  5
485
330
1A
100
AcDbEntity
  8
User.1
  6
CONTINUOUS
100
AcDbLine
 10
4.6249357480314961
 20
-3.3395150787401575
 30
0
 11
4.6256208267716534
 21
-3.3378611417322834
 31
0
  0
LINE
  5
486
330
1A
100
AcDbEntity
  8
User.1
  6
CONTINUOUS
100
AcDbLine
 10
4.6256208267716534
 20
-3.3378611417322834
 30
0
 11
4.6256208267716534
 21
-3.3360709842519682
 31
0
  0
LINE
  5
487
330
1A
100
AcDbEntity
  8
User.1
  6
CONTINUOUS
100
AcDbLine
 10
4.6256208267716534
 20
-3.3360709842519682
 30
0
 11
4.6249357480314961
 21
-3.3344170472440946
 31
0
  0
LINE
  5
488
330
1A
100
AcDbEntity
  8
User.1
  6
CONTINUOUS
100
AcDbLine
 10
4.6249357480314961
 20
-3.3344170472440946
 30
0
 11
4.6236698818897635
 21
-3.333151181102362
 31
0
  0
LINE
  5
489
330
1A
100
AcDbEntity
  8
User.1
  6
CONTINUOUS
100
AcDbLine
 10
4.6236698818897635
 20
-3.333151181102362
 30
0
 11
4.622729015748031
 21
-3.3327614566929133
 31
0
  0
LINE
  5
48A
330
1A
100
AcDbEntity
  8
User.1
  6
CONTINUOUS
100
AcDbLine
 10
4.622729015748031
 20
-3.3327614566929133
 30
0
 11
4.6234390157480316
 21
-3.3408765354330709
 31
0
  0
LINE
  5
48B
330
1A
100
AcDbEntity
  8
User.1
  6
CONTINUOUS
100
AcDbLine
 10
4.8032871653543303
 20
-3.1071833464566927
 30
0
 11
4.8195444488188972
 21
-3.2930050393700787
 31
0
  0
LINE
  5
48C
330
1A
100
AcDbEntity
  8
User.1
  6
CONTINUOUS
100
AcDbLine
 10
4.8195444488188972
 20
-3.2930050393700787
 30
0
 11
5.1154142913385829
 21
-3.2671197637795273
 31
0
  0
LINE
  5
48D
330
1A
100
AcDbEntity
  8
User.1
  6
CONTINUOUS
100
AcDbLine
 10
5.1154142913385829
 20
-3.2671197637795273
 30
0
 11
5.099157007874016
 21
-3.0812981102362205
 31
0
  0
LINE
  5
48E
330
1A
100
AcDbEntity
  8
User.1
  6
CONTINUOUS
100
AcDbLine
 10
5.099157007874016
 20
-3.0812981102362205
 30
0
 11
4.8032871653543303
 21
-3.1071833464566927
 31
0
  0
LINE
  5
48F
330
1A
100
AcDbEntity
  8
User.1
  6
CONTINUOUS
100
AcDbLine
 10
5.3207753149606294
 20
-3.2798675196850393
 30
0
 11
5.3210061811023621
 21
-3.2797719291338581
 31
0
  0
LINE
  5
490
330
1A
100
AcDbEntity
  8
User.1
  6
CONTINUOUS
100
AcDbLine
 10
5.3210061811023621
 20
-3.2797719291338581
 30
0
 11
5.3222720472440948
 21
-3.2785060629921259
 31
0
  0
LINE
  5
491
330
1A
100
AcDbEntity
  8
User.1
  6
CONTINUOUS
100
AcDbLine
 10
5.3222720472440948
 20
-3.2785060629921259
 30
0
 11
5.3229571259842521
 21
-3.2768521259842518
 31
0
  0
LINE
  5
492
330
1A
100
AcDbEntity
  8
User.1
  6
CONTINUOUS
100
AcDbLine
 10
5.3229571259842521
 20
-3.2768521259842518
 30
0
 11
5.3229571259842521
 21
-3.275061968503937
 31
0
  0
LINE
  5
493
330
1A
100
AcDbEntity
  8
User.1
  6
CONTINUOUS
100
AcDbLine
 10
5.3229571259842521
 20
-3.275061968503937
 30
0
 11
5.3222720472440948
 21
-3.273408031496063
 31
0
  0
LINE
  5
494
330
1A
100
AcDbEntity
  8
User.1
  6
CONTINUOUS
100
AcDbLine
 10
5.3222720472440948
 20
-3.273408031496063
 30
0
 11
5.3210061811023621
 21
-3.2721421653543308
 31
0
  0
LINE
  5
495
330
1A
100
AcDbEntity
  8
User.1
  6
CONTINUOUS
100
AcDbLine
 10
5.3210061811023621
 20
-3.2721421653543308
 30
0
 11
5.3200653149606296
 21
-3.2717524409448817
 31
0
  0
LINE
  5
496
330
1A
100
AcDbEntity
  8
User.1
  6
CONTINUOUS
100
AcDbLine
 10
5.3200653149606296
 20
-3.2717524409448817
 30
0
 11
5.3207753149606294
 21
-3.2798675196850393
 31
0
  0
LINE
  5
497
330
1A
100
AcDbEntity
  8
User.1
  6
CONTINUOUS
100
AcDbLine
 10
4.6147234251968499
 20
-3.2412571653543307
 30
0
 11
4.6149543307086613
 21
-3.2411615354330707
 31
0
  0
LINE
  5
498
330
1A
100
AcDbEntity
  8
User.1
  6
CONTINUOUS
100
AcDbLine
 10
4.6149543307086613
 20
-3.2411615354330707
 30
0
 11
4.616220196850394
 21
-3.2398956692913385
 31
0
  0
LINE
  5
499
330
1A
100
AcDbEntity
  8
User.1
  6
CONTINUOUS
100
AcDbLine
 10
4.616220196850394
 20
-3.2398956692913385
 30
0
 11
4.6169052755905513
 21
-3.2382417322834645
 31
0
  0
LINE
  5
49A
330
1A
100
AcDbEntity
  8
User.1
  6
CONTINUOUS
100
AcDbLine
 10
4.6169052755905513
 20
-3.2382417322834645
 30
0
 11
4.6169052755905513
 21
-3.2364514960629922
 31
0
  0
LINE
  5
49B
330
1A
100
AcDbEntity
  8
User.1
  6
CONTINUOUS
100
AcDbLine
 10
4.6169052755905513
 20
-3.2364514960629922
 30
0
 11
4.616220196850394
 21
-3.2347975590551181
 31
0
  0
LINE
  5
49C
330
1A
100
AcDbEntity
  8
User.1
  6
CONTINUOUS
100
AcDbLine
 10
4.616220196850394
 20
-3.2347975590551181
 30
0
 11
4.6149543307086613
 21
-3.2335316929133859
 31
0
  0
LINE
  5
49D
330
1A
100
AcDbEntity
  8
User.1
  6
CONTINUOUS
100
AcDbLine
 10
4.6149543307086613
 20
-3.2335316929133859
 30
0
 11
4.6140134251968501
 21
-3.2331419685039369
 31
0
  0
LINE
  5
49E
330
1A
100
AcDbEntity
  8
User.1
  6
CONTINUOUS
100
AcDbLine
 10
4.6140134251968501
 20
-3.2331419685039369
 30
0
 11
4.6147234251968499
 21
-3.2412571653543307
 31
0
  0
LINE
  5
49F
330
1A
100
AcDbEntity
  8
User.1
  6
CONTINUOUS
100
AcDbLine
 10
5.3120597244094485
 20
-3.1802481496062991
 30
0
 11
5.31229062992126
 21
-3.1801525196850391
 31
0
  0
LINE
  5
4A0
330
1A
100
AcDbEntity
  8
User.1
  6
CONTINUOUS
100
AcDbLine
 10
5.31229062992126
 20
-3.1801525196850391
 30
0
 11
5.3135564960629917
 21
-3.1788866535433069
 31
0
  0
LINE
  5
4A1
330
1A
100
AcDbEntity
  8
User.1
  6
CONTINUOUS
100
AcDbLine
 10
5.3135564960629917
 20
-3.1788866535433069
 30
0
 11
5.3142415748031491
 21
-3.1772327165354328
 31
0
  0
LINE
  5
4A2
330
1A
100
AcDbEntity
  8
User.1
  6
CONTINUOUS
100
AcDbLine
 10
5.3142415748031491
 20
-3.1772327165354328
 30
0
 11
5.3142415748031491
 21
-3.1754424803149606
 31
0
  0
LINE
  5
4A3
330
1A
100
AcDbEntity
  8
User.1
  6
CONTINUOUS
100
AcDbLine
 10
5.3142415748031491
 20
-3.1754424803149606
 30
0
 11
5.3135564960629917
 21
-3.1737885433070865
 31
0
  0
LINE
  5
4A4
330
1A
100
AcDbEntity
  8
User.1
  6
CONTINUOUS
100
AcDbLine
 10
5.3135564960629917
 20
-3.1737885433070865
 30
0
 11
5.31229062992126
 21
-3.1725226771653543
 31
0
  0
LINE
  5
4A5
330
1A
100
AcDbEntity
  8
User.1
  6
CONTINUOUS
100
AcDbLine
 10
5.31229062992126
 20
-3.1725226771653543
 30
0
 11
5.3113497244094487
 21
-3.1721329527559052
 31
0
  0
LINE
  5
4A6
330
1A
100
AcDbEntity
  8
User.1
  6
CONTINUOUS
100
AcDbLine
 10
5.3113497244094487
 20
-3.1721329527559052
 30
0
 11
5.3120597244094485
 21
-3.1802481496062991
 31
0
  0
LINE
  5
4A7
330
1A
100
AcDbEntity
  8
User.1
  6
CONTINUOUS
100
AcDbLine
 10
4.7890496850393696
 20
-3.0492865354330707
 30
0
 11
4.7890496850393696
 21
-3.0492865748031495
 31
0
  0
LINE
  5
4A8
330
1A
100
AcDbEntity
  8
User.1
  6
CONTINUOUS
100
AcDbLine
 10
4.7890496850393696
 20
-3.0492865748031495
 30
0
 11
4.7867959448818898
 21
-3.0494841732283464
 31
0
  0
LINE
  5
4A9
330
1A
100
AcDbEntity
  8
User.1
  6
CONTINUOUS
100
AcDbLine
 10
4.7867959448818898
 20
-3.0494841732283464
 30
0
 11
4.7825442125984248
 21
-3.0510323228346454
 31
0
  0
LINE
  5
4AA
330
1A
100
AcDbEntity
  8
User.1
  6
CONTINUOUS
100
AcDbLine
 10
4.7825442125984248
 20
-3.0510323228346454
 30
0
 11
4.7788379133858268
 21
-3.0536278740157479
 31
0
  0
LINE
  5
4AB
330
1A
100
AcDbEntity
  8
User.1
  6
CONTINUOUS
100
AcDbLine
 10
4.7788379133858268
 20
-3.0536278740157479
 30
0
 11
4.7759294094488185
 21
-3.0570940551181103
 31
0
  0
LINE
  5
4AC
330
1A
100
AcDbEntity
  8
User.1
  6
CONTINUOUS
100
AcDbLine
 10
4.7759294094488185
 20
-3.0570940551181103
 30
0
 11
4.7740168897637796
 21
-3.0611948031496063
 31
0
  0
LINE
  5
4AD
330
1A
100
AcDbEntity
  8
User.1
  6
CONTINUOUS
100
AcDbLine
 10
4.7740168897637796
 20
-3.0611948031496063
 30
0
 11
4.7732305511811024
 21
-3.0656507480314961
 31
0
  0
LINE
  5
4AE
330
1A
100
AcDbEntity
  8
User.1
  6
CONTINUOUS
100
AcDbLine
 10
4.7732305511811024
 20
-3.0656507480314961
 30
0
 11
4.7734272440944885
 21
-3.06790405511811
 31
0
  0
LINE
  5
4AF
330
1A
100
AcDbEntity
  8
User.1
  6
CONTINUOUS
100
AcDbLine
 10
4.7734272440944885
 20
-3.06790405511811
 30
0
 11
4.7734272834645672
 21
-3.0679040944881888
 31
0
  0
LINE
  5
4B0
330
1A
100
AcDbEntity
  8
User.1
  6
CONTINUOUS
100
AcDbLine
 10
4.7734272834645672
 20
-3.0679040944881888
 30
0
 11
4.7767213385826768
 21
-3.1055555118110236
 31
0
  0
LINE
  5
4B1
330
1A
100
AcDbEntity
  8
User.1
  6
CONTINUOUS
100
AcDbLine
 10
4.7767213385826768
 20
-3.1055555118110236
 30
0
 11
4.799955433070866
 21
-3.1035227952755906
 31
0
  0
LINE
  5
4B2
330
1A
100
AcDbEntity
  8
User.1
  6
CONTINUOUS
100
AcDbLine
 10
4.799955433070866
 20
-3.1035227952755906
 30
0
 11
4.7951635826771648
 21
-3.0487516535433072
 31
0
  0
LINE
  5
4B3
330
1A
100
AcDbEntity
  8
User.1
  6
CONTINUOUS
100
AcDbLine
 10
4.7951635826771648
 20
-3.0487516535433072
 30
0
 11
4.7890496850393696
 21
-3.0492865354330707
 31
0
  0
LINE
  5
4B4
330
1A
100
AcDbEntity
  8
User.1
  6
CONTINUOUS
100
AcDbLine
 10
4.7981521653543302
 20
-3.0484901968503935
 30
0
 11
4.8029440157480314
 21
-3.1032612992125985
 31
0
  0
LINE
  5
4B5
330
1A
100
AcDbEntity
  8
User.1
  6
CONTINUOUS
100
AcDbLine
 10
4.8029440157480314
 20
-3.1032612992125985
 30
0
 11
5.0988138582677163
 21
-3.0773760629921258
 31
0
  0
LINE
  5
4B6
330
1A
100
AcDbEntity
  8
User.1
  6
CONTINUOUS
100
AcDbLine
 10
5.0988138582677163
 20
-3.0773760629921258
 30
0
 11
5.0940220078740159
 21
-3.0226049212598425
 31
0
  0
LINE
  5
4B7
330
1A
100
AcDbEntity
  8
User.1
  6
CONTINUOUS
100
AcDbLine
 10
5.0940220078740159
 20
-3.0226049212598425
 30
0
 11
4.7981521653543302
 21
-3.0484901968503935
 31
0
  0
LINE
  5
4B8
330
1A
100
AcDbEntity
  8
User.1
  6
CONTINUOUS
100
AcDbLine
 10
5.1026261023622048
 20
-3.0218522047244094
 30
0
 11
5.1026259448818898
 21
-3.0218521653543307
 31
0
  0
LINE
  5
4B9
330
1A
100
AcDbEntity
  8
User.1
  6
CONTINUOUS
100
AcDbLine
 10
5.1026259448818898
 20
-3.0218521653543307
 30
0
 11
5.1026258267716535
 21
-3.0218522047244094
 31
0
  0
LINE
  5
4BA
330
1A
100
AcDbEntity
  8
User.1
  6
CONTINUOUS
100
AcDbLine
 10
5.1026258267716535
 20
-3.0218522047244094
 30
0
 11
5.0970105905511813
 21
-3.0223434645669291
 31
0
  0
LINE
  5
4BB
330
1A
100
AcDbEntity
  8
User.1
  6
CONTINUOUS
100
AcDbLine
 10
5.0970105905511813
 20
-3.0223434645669291
 30
0
 11
5.1018024409448817
 21
-3.0771145669291338
 31
0
  0
LINE
  5
4BC
330
1A
100
AcDbEntity
  8
User.1
  6
CONTINUOUS
100
AcDbLine
 10
5.1018024409448817
 20
-3.0771145669291338
 30
0
 11
5.1246762204724412
 21
-3.0751133858267714
 31
0
  0
LINE
  5
4BD
330
1A
100
AcDbEntity
  8
User.1
  6
CONTINUOUS
100
AcDbLine
 10
5.1246762204724412
 20
-3.0751133858267714
 30
0
 11
5.1212431496062987
 21
-3.0374726377952754
 31
0
  0
LINE
  5
4BE
330
1A
100
AcDbEntity
  8
User.1
  6
CONTINUOUS
100
AcDbLine
 10
5.1212431496062987
 20
-3.0374726377952754
 30
0
 11
5.1212436614173225
 21
-3.0374674803149606
 31
0
  0
LINE
  5
4BF
330
1A
100
AcDbEntity
  8
User.1
  6
CONTINUOUS
100
AcDbLine
 10
5.1212436614173225
 20
-3.0374674803149606
 30
0
 11
5.121242440944882
 21
-3.0374645669291338
 31
0
  0
LINE
  5
4C0
330
1A
100
AcDbEntity
  8
User.1
  6
CONTINUOUS
100
AcDbLine
 10
5.121242440944882
 20
-3.0374645669291338
 30
0
 11
5.1210443700787405
 21
-3.0352115354330707
 31
0
  0
LINE
  5
4C1
330
1A
100
AcDbEntity
  8
User.1
  6
CONTINUOUS
100
AcDbLine
 10
5.1210443700787405
 20
-3.0352115354330707
 30
0
 11
5.1194956299212597
 21
-3.0309615354330708
 31
0
  0
LINE
  5
4C2
330
1A
100
AcDbEntity
  8
User.1
  6
CONTINUOUS
100
AcDbLine
 10
5.1194956299212597
 20
-3.0309615354330708
 30
0
 11
5.116899881889764
 21
-3.0272570472440945
 31
0
  0
LINE
  5
4C3
330
1A
100
AcDbEntity
  8
User.1
  6
CONTINUOUS
100
AcDbLine
 10
5.116899881889764
 20
-3.0272570472440945
 30
0
 11
5.1134339763779524
 21
-3.0243503937007872
 31
0
  0
LINE
  5
4C4
330
1A
100
AcDbEntity
  8
User.1
  6
CONTINUOUS
100
AcDbLine
 10
5.1134339763779524
 20
-3.0243503937007872
 30
0
 11
5.1093339763779531
 21
-3.0224396062992125
 31
0
  0
LINE
  5
4C5
330
1A
100
AcDbEntity
  8
User.1
  6
CONTINUOUS
100
AcDbLine
 10
5.1093339763779531
 20
-3.0224396062992125
 30
0
 11
5.1048791732283467
 21
-3.0216548031496062
 31
0
  0
LINE
  5
4C6
330
1A
100
AcDbEntity
  8
User.1
  6
CONTINUOUS
100
AcDbLine
 10
5.1048791732283467
 20
-3.0216548031496062
 30
0
 11
5.1026261023622048
 21
-3.0218522047244094
 31
0
  0
LINE
  5
4C7
330
1A
100
AcDbEntity
  8
User.1
  6
CONTINUOUS
100
AcDbLine
 10
4.6601987401574805
 20
-3.8359585433070866
 30
0
 11
4.6608838188976378
 21
-3.8376124803149607
 31
0
  0
LINE
  5
4C8
330
1A
100
AcDbEntity
  8
User.1
  6
CONTINUOUS
100
AcDbLine
 10
4.6608838188976378
 20
-3.8376124803149607
 30
0
 11
4.6621496850393696
 21
-3.8388783464566929
 31
0
  0
LINE
  5
4C9
330
1A
100
AcDbEntity
  8
User.1
  6
CONTINUOUS
100
AcDbLine
 10
4.6621496850393696
 20
-3.8388783464566929
 30
0
 11
4.6630905118110233
 21
-3.8392680314960628
 31
0
  0
LINE
  5
4CA
330
1A
100
AcDbEntity
  8
User.1
  6
CONTINUOUS
100
AcDbLine
 10
4.6630905118110233
 20
-3.8392680314960628
 30
0
 11
4.6623805511811023
 21
-3.8311528346456694
 31
0
  0
LINE
  5
4CB
330
1A
100
AcDbEntity
  8
User.1
  6
CONTINUOUS
100
AcDbLine
 10
4.6623805511811023
 20
-3.8311528346456694
 30
0
 11
4.6621496850393696
 21
-3.8312485039370077
 31
0
  0
LINE
  5
4CC
330
1A
100
AcDbEntity
  8
User.1
  6
CONTINUOUS
100
AcDbLine
 10
4.6621496850393696
 20
-3.8312485039370077
 30
0
 11
4.6608838188976378
 21
-3.8325143700787399
 31
0
  0
LINE
  5
4CD
330
1A
100
AcDbEntity
  8
User.1
  6
CONTINUOUS
100
AcDbLine
 10
4.6608838188976378
 20
-3.8325143700787399
 30
0
 11
4.6601987401574805
 21
-3.8341683070866139
 31
0
  0
LINE
  5
4CE
330
1A
100
AcDbEntity
  8
User.1
  6
CONTINUOUS
100
AcDbLine
 10
4.6601987401574805
 20
-3.8341683070866139
 30
0
 11
4.6601987401574805
 21
-3.8359585433070866
 31
0
  0
LINE
  5
4CF
330
1A
100
AcDbEntity
  8
User.1
  6
CONTINUOUS
100
AcDbLine
 10
5.3575350393700782
 20
-3.774949527559055
 30
0
 11
5.3582201181102365
 21
-3.7766034645669291
 31
0
  0
LINE
  5
4D0
330
1A
100
AcDbEntity
  8
User.1
  6
CONTINUOUS
100
AcDbLine
 10
5.3582201181102365
 20
-3.7766034645669291
 30
0
 11
5.3594859842519682
 21
-3.7778693307086613
 31
0
  0
LINE
  5
4D1
330
1A
100
AcDbEntity
  8
User.1
  6
CONTINUOUS
100
AcDbLine
 10
5.3594859842519682
 20
-3.7778693307086613
 30
0
 11
5.360426811023622
 21
-3.7782590157480316
 31
0
  0
LINE
  5
4D2
330
1A
100
AcDbEntity
  8
User.1
  6
CONTINUOUS
100
AcDbLine
 10
5.360426811023622
 20
-3.7782590157480316
 30
0
 11
5.3597168503937009
 21
-3.7701438188976377
 31
0
  0
LINE
  5
4D3
330
1A
100
AcDbEntity
  8
User.1
  6
CONTINUOUS
100
AcDbLine
 10
5.3597168503937009
 20
-3.7701438188976377
 30
0
 11
5.3594859842519682
 21
-3.7702394881889765
 31
0
  0
LINE
  5
4D4
330
1A
100
AcDbEntity
  8
User.1
  6
CONTINUOUS
100
AcDbLine
 10
5.3594859842519682
 20
-3.7702394881889765
 30
0
 11
5.3582201181102365
 21
-3.7715053543307087
 31
0
  0
LINE
  5
4D5
330
1A
100
AcDbEntity
  8
User.1
  6
CONTINUOUS
100
AcDbLine
 10
5.3582201181102365
 20
-3.7715053543307087
 30
0
 11
5.3575350393700782
 21
-3.7731592913385827
 31
0
  0
LINE
  5
4D6
330
1A
100
AcDbEntity
  8
User.1
  6
CONTINUOUS
100
AcDbLine
 10
5.3575350393700782
 20
-3.7731592913385827
 30
0
 11
5.3575350393700782
 21
-3.774949527559055
 31
0
  0
LINE
  5
4D7
330
1A
100
AcDbEntity
  8
User.1
  6
CONTINUOUS
100
AcDbLine
 10
4.6514831496062987
 20
-3.7363390944881889
 30
0
 11
4.6521682283464569
 21
-3.737993031496063
 31
0
  0
LINE
  5
4D8
330
1A
100
AcDbEntity
  8
User.1
  6
CONTINUOUS
100
AcDbLine
 10
4.6521682283464569
 20
-3.737993031496063
 30
0
 11
4.6534340944881887
 21
-3.7392588976377952
 31
0
  0
LINE
  5
4D9
330
1A
100
AcDbEntity
  8
User.1
  6
CONTINUOUS
100
AcDbLine
 10
4.6534340944881887
 20
-3.7392588976377952
 30
0
 11
4.6543749606299212
 21
-3.7396485826771655
 31
0
  0
LINE
  5
4DA
330
1A
100
AcDbEntity
  8
User.1
  6
CONTINUOUS
100
AcDbLine
 10
4.6543749606299212
 20
-3.7396485826771655
 30
0
 11
4.6536649606299214
 21
-3.7315333858267716
 31
0
  0
LINE
  5
4DB
330
1A
100
AcDbEntity
  8
User.1
  6
CONTINUOUS
100
AcDbLine
 10
4.6536649606299214
 20
-3.7315333858267716
 30
0
 11
4.6534340944881887
 21
-3.7316290551181099
 31
0
  0
LINE
  5
4DC
330
1A
100
AcDbEntity
  8
User.1
  6
CONTINUOUS
100
AcDbLine
 10
4.6534340944881887
 20
-3.7316290551181099
 30
0
 11
4.6521682283464569
 21
-3.7328949212598426
 31
0
  0
LINE
  5
4DD
330
1A
100
AcDbEntity
  8
User.1
  6
CONTINUOUS
100
AcDbLine
 10
4.6521682283464569
 20
-3.7328949212598426
 30
0
 11
4.6514831496062987
 21
-3.7345488582677167
 31
0
  0
LINE
  5
4DE
330
1A
100
AcDbEntity
  8
User.1
  6
CONTINUOUS
100
AcDbLine
 10
4.6514831496062987
 20
-3.7345488582677167
 30
0
 11
4.6514831496062987
 21
-3.7363390944881889
 31
0
  0
LINE
  5
4DF
330
1A
100
AcDbEntity
  8
User.1
  6
CONTINUOUS
100
AcDbLine
 10
5.3488194488188974
 20
-3.6753300787401573
 30
0
 11
5.3495045275590547
 21
-3.6769840157480314
 31
0
  0
LINE
  5
4E0
330
1A
100
AcDbEntity
  8
User.1
  6
CONTINUOUS
100
AcDbLine
 10
5.3495045275590547
 20
-3.6769840157480314
 30
0
 11
5.3507703937007873
 21
-3.6782498818897635
 31
0
  0
LINE
  5
4E1
330
1A
100
AcDbEntity
  8
User.1
  6
CONTINUOUS
100
AcDbLine
 10
5.3507703937007873
 20
-3.6782498818897635
 30
0
 11
5.3517112598425198
 21
-3.6786395669291339
 31
0
  0
LINE
  5
4E2
330
1A
100
AcDbEntity
  8
User.1
  6
CONTINUOUS
100
AcDbLine
 10
5.3517112598425198
 20
-3.6786395669291339
 30
0
 11
5.3510012598425192
 21
-3.67052437007874
 31
0
  0
LINE
  5
4E3
330
1A
100
AcDbEntity
  8
User.1
  6
CONTINUOUS
100
AcDbLine
 10
5.3510012598425192
 20
-3.67052437007874
 30
0
 11
5.3507703937007873
 21
-3.6706200393700787
 31
0
  0
LINE
  5
4E4
330
1A
100
AcDbEntity
  8
User.1
  6
CONTINUOUS
100
AcDbLine
 10
5.3507703937007873
 20
-3.6706200393700787
 30
0
 11
5.3495045275590547
 21
-3.6718859055118109
 31
0
  0
LINE
  5
4E5
330
1A
100
AcDbEntity
  8
User.1
  6
CONTINUOUS
100
AcDbLine
 10
5.3495045275590547
 20
-3.6718859055118109
 30
0
 11
5.3488194488188974
 21
-3.673539842519685
 31
0
  0
LINE
  5
4E6
330
1A
100
AcDbEntity
  8
User.1
  6
CONTINUOUS
100
AcDbLine
 10
5.3488194488188974
 20
-3.673539842519685
 30
0
 11
5.3488194488188974
 21
-3.6753300787401573
 31
0
  0
LINE
  5
4E7
330
1A
100
AcDbEntity
  8
User.1
  6
CONTINUOUS
100
AcDbLine
 10
4.6427675984251966
 20
-3.6367196062992124
 30
0
 11
4.6434526771653539
 21
-3.6383735433070865
 31
0
  0
LINE
  5
4E8
330
1A
100
AcDbEntity
  8
User.1
  6
CONTINUOUS
100
AcDbLine
 10
4.6434526771653539
 20
-3.6383735433070865
 30
0
 11
4.6447185433070866
 21
-3.6396394094488187
 31
0
  0
LINE
  5
4E9
330
1A
100
AcDbEntity
  8
User.1
  6
CONTINUOUS
100
AcDbLine
 10
4.6447185433070866
 20
-3.6396394094488187
 30
0
 11
4.6456593700787403
 21
-3.640029094488189
 31
0
  0
LINE
  5
4EA
330
1A
100
AcDbEntity
  8
User.1
  6
CONTINUOUS
100
AcDbLine
 10
4.6456593700787403
 20
-3.640029094488189
 30
0
 11
4.6449494094488184
 21
-3.6319139370078739
 31
0
  0
LINE
  5
4EB
330
1A
100
AcDbEntity
  8
User.1
  6
CONTINUOUS
100
AcDbLine
 10
4.6449494094488184
 20
-3.6319139370078739
 30
0
 11
4.6447185433070866
 21
-3.6320095669291339
 31
0
  0
LINE
  5
4EC
330
1A
100
AcDbEntity
  8
User.1
  6
CONTINUOUS
100
AcDbLine
 10
4.6447185433070866
 20
-3.6320095669291339
 30
0
 11
4.6434526771653539
 21
-3.6332754330708661
 31
0
  0
LINE
  5
4ED
330
1A
100
AcDbEntity
  8
User.1
  6
CONTINUOUS
100
AcDbLine
 10
4.6434526771653539
 20
-3.6332754330708661
 30
0
 11
4.6427675984251966
 21
-3.6349293700787402
 31
0
  0
LINE
  5
4EE
330
1A
100
AcDbEntity
  8
User.1
  6
CONTINUOUS
100
AcDbLine
 10
4.6427675984251966
 20
-3.6349293700787402
 30
0
 11
4.6427675984251966
 21
-3.6367196062992124
 31
0
  0
LINE
  5
4EF
330
1A
100
AcDbEntity
  8
User.1
  6
CONTINUOUS
100
AcDbLine
 10
5.3401038582677165
 20
-3.5757105905511812
 30
0
 11
5.3407889370078738
 21
-3.5773645275590549
 31
0
  0
LINE
  5
4F0
330
1A
100
AcDbEntity
  8
User.1
  6
CONTINUOUS
100
AcDbLine
 10
5.3407889370078738
 20
-3.5773645275590549
 30
0
 11
5.3420548031496065
 21
-3.5786303937007875
 31
0
  0
LINE
  5
4F1
330
1A
100
AcDbEntity
  8
User.1
  6
CONTINUOUS
100
AcDbLine
 10
5.3420548031496065
 20
-3.5786303937007875
 30
0
 11
5.3429956692913381
 21
-3.5790201181102361
 31
0
  0
LINE
  5
4F2
330
1A
100
AcDbEntity
  8
User.1
  6
CONTINUOUS
100
AcDbLine
 10
5.3429956692913381
 20
-3.5790201181102361
 30
0
 11
5.3422857086614171
 21
-3.5709048818897635
 31
0
  0
LINE
  5
4F3
330
1A
100
AcDbEntity
  8
User.1
  6
CONTINUOUS
100
AcDbLine
 10
5.3422857086614171
 20
-3.5709048818897635
 30
0
 11
5.3420548031496065
 21
-3.5710005511811023
 31
0
  0
LINE
  5
4F4
330
1A
100
AcDbEntity
  8
User.1
  6
CONTINUOUS
100
AcDbLine
 10
5.3420548031496065
 20
-3.5710005511811023
 30
0
 11
5.3407889370078738
 21
-3.5722664173228345
 31
0
  0
LINE
  5
4F5
330
1A
100
AcDbEntity
  8
User.1
  6
CONTINUOUS
100
AcDbLine
 10
5.3407889370078738
 20
-3.5722664173228345
 30
0
 11
5.3401038582677165
 21
-3.5739203543307085
 31
0
  0
LINE
  5
4F6
330
1A
100
AcDbEntity
  8
User.1
  6
CONTINUOUS
100
AcDbLine
 10
5.3401038582677165
 20
-3.5739203543307085
 30
0
 11
5.3401038582677165
 21
-3.5757105905511812
 31
0
  0
LINE
  5
4F7
330
1A
100
AcDbEntity
  8
User.1
  6
CONTINUOUS
100
AcDbLine
 10
4.6340520078740157
 20
-3.5371001574803147
 30
0
 11
4.6347370866141731
 21
-3.5387540944881888
 31
0
  0
LINE
  5
4F8
330
1A
100
AcDbEntity
  8
User.1
  6
CONTINUOUS
100
AcDbLine
 10
4.6347370866141731
 20
-3.5387540944881888
 30
0
 11
4.6360029527559057
 21
-3.540019960629921
 31
0
  0
LINE
  5
4F9
330
1A
100
AcDbEntity
  8
User.1
  6
CONTINUOUS
100
AcDbLine
 10
4.6360029527559057
 20
-3.540019960629921
 30
0
 11
4.6369438188976373
 21
-3.5404096456692913
 31
0
  0
LINE
  5
4FA
330
1A
100
AcDbEntity
  8
User.1
  6
CONTINUOUS
100
AcDbLine
 10
4.6369438188976373
 20
-3.5404096456692913
 30
0
 11
4.6362338188976375
 21
-3.5322944488188974
 31
0
  0
LINE
  5
4FB
330
1A
100
AcDbEntity
  8
User.1
  6
CONTINUOUS
100
AcDbLine
 10
4.6362338188976375
 20
-3.5322944488188974
 30
0
 11
4.6360029527559057
 21
-3.5323901181102362
 31
0
  0
LINE
  5
4FC
330
1A
100
AcDbEntity
  8
User.1
  6
CONTINUOUS
100
AcDbLine
 10
4.6360029527559057
 20
-3.5323901181102362
 30
0
 11
4.6347370866141731
 21
-3.5336559842519684
 31
0
  0
LINE
  5
4FD
330
1A
100
AcDbEntity
  8
User.1
  6
CONTINUOUS
100
AcDbLine
 10
4.6347370866141731
 20
-3.5336559842519684
 30
0
 11
4.6340520078740157
 21
-3.5353099212598424
 31
0
  0
LINE
  5
4FE
330
1A
100
AcDbEntity
  8
User.1
  6
CONTINUOUS
100
AcDbLine
 10
4.6340520078740157
 20
-3.5353099212598424
 30
0
 11
4.6340520078740157
 21
-3.5371001574803147
 31
0
  0
LINE
  5
4FF
330
1A
100
AcDbEntity
  8
User.1
  6
CONTINUOUS
100
AcDbLine
 10
5.3313883464566931
 20
-3.476091062992126
 30
0
 11
5.3320734251968505
 21
-3.4777450000000001
 31
0
  0
LINE
  5
500
330
1A
100
AcDbEntity
  8
User.1
  6
CONTINUOUS
100
AcDbLine
 10
5.3320734251968505
 20
-3.4777450000000001
 30
0
 11
5.3333392913385822
 21
-3.4790108661417323
 31
0
  0
LINE
  5
501
330
1A
100
AcDbEntity
  8
User.1
  6
CONTINUOUS
100
AcDbLine
 10
5.3333392913385822
 20
-3.4790108661417323
 30
0
 11
5.3342801181102359
 21
-3.4794005511811021
 31
0
  0
LINE
  5
502
330
1A
100
AcDbEntity
  8
User.1
  6
CONTINUOUS
100
AcDbLine
 10
5.3342801181102359
 20
-3.4794005511811021
 30
0
 11
5.3335701181102362
 21
-3.471285472440945
 31
0
  0
LINE
  5
503
330
1A
100
AcDbEntity
  8
User.1
  6
CONTINUOUS
100
AcDbLine
 10
5.3335701181102362
 20
-3.471285472440945
 30
0
 11
5.3333392913385822
 21
-3.4713811023622045
 31
0
  0
LINE
  5
504
330
1A
100
AcDbEntity
  8
User.1
  6
CONTINUOUS
100
AcDbLine
 10
5.3333392913385822
 20
-3.4713811023622045
 30
0
 11
5.3320734251968505
 21
-3.4726469685039367
 31
0
  0
LINE
  5
505
330
1A
100
AcDbEntity
  8
User.1
  6
CONTINUOUS
100
AcDbLine
 10
5.3320734251968505
 20
-3.4726469685039367
 30
0
 11
5.3313883464566931
 21
-3.4743009055118108
 31
0
  0
LINE
  5
506
330
1A
100
AcDbEntity
  8
User.1
  6
CONTINUOUS
100
AcDbLine
 10
5.3313883464566931
 20
-3.4743009055118108
 30
0
 11
5.3313883464566931
 21
-3.476091062992126
 31
0
  0
LINE
  5
507
330
1A
100
AcDbEntity
  8
User.1
  6
CONTINUOUS
100
AcDbLine
 10
4.6253364566929136
 20
-3.4374806692913387
 30
0
 11
4.6260215354330709
 21
-3.4391346062992123
 31
0
  0
LINE
  5
508
330
1A
100
AcDbEntity
  8
User.1
  6
CONTINUOUS
100
AcDbLine
 10
4.6260215354330709
 20
-3.4391346062992123
 30
0
 11
4.6272874015748027
 21
-3.4404004724409449
 31
0
  0
LINE
  5
509
330
1A
100
AcDbEntity
  8
User.1
  6
CONTINUOUS
100
AcDbLine
 10
4.6272874015748027
 20
-3.4404004724409449
 30
0
 11
4.6282282283464564
 21
-3.4407901574803148
 31
0
  0
LINE
  5
50A
330
1A
100
AcDbEntity
  8
User.1
  6
CONTINUOUS
100
AcDbLine
 10
4.6282282283464564
 20
-3.4407901574803148
 30
0
 11
4.6275182677165354
 21
-3.4326750000000001
 31
0
  0
LINE
  5
50B
330
1A
100
AcDbEntity
  8
User.1
  6
CONTINUOUS
100
AcDbLine
 10
4.6275182677165354
 20
-3.4326750000000001
 30
0
 11
4.6272874015748027
 21
-3.4327706299212597
 31
0
  0
LINE
  5
50C
330
1A
100
AcDbEntity
  8
User.1
  6
CONTINUOUS
100
AcDbLine
 10
4.6272874015748027
 20
-3.4327706299212597
 30
0
 11
4.6260215354330709
 21
-3.4340364960629919
 31
0
  0
LINE
  5
50D
330
1A
100
AcDbEntity
  8
User.1
  6
CONTINUOUS
100
AcDbLine
 10
4.6260215354330709
 20
-3.4340364960629919
 30
0
 11
4.6253364566929136
 21
-3.435690433070866
 31
0
  0
LINE
  5
50E
330
1A
100
AcDbEntity
  8
User.1
  6
CONTINUOUS
100
AcDbLine
 10
4.6253364566929136
 20
-3.435690433070866
 30
0
 11
4.6253364566929136
 21
-3.4374806692913387
 31
0
  0
LINE
  5
50F
330
1A
100
AcDbEntity
  8
User.1
  6
CONTINUOUS
100
AcDbLine
 10
5.3226727165354326
 20
-3.376471653543307
 30
0
 11
5.3233577952755908
 21
-3.3781255905511811
 31
0
  0
LINE
  5
510
330
1A
100
AcDbEntity
  8
User.1
  6
CONTINUOUS
100
AcDbLine
 10
5.3233577952755908
 20
-3.3781255905511811
 30
0
 11
5.3246236614173226
 21
-3.3793914566929133
 31
0
  0
LINE
  5
511
330
1A
100
AcDbEntity
  8
User.1
  6
CONTINUOUS
100
AcDbLine
 10
5.3246236614173226
 20
-3.3793914566929133
 30
0
 11
5.3255645275590551
 21
-3.3797811811023619
 31
0
  0
LINE
  5
512
330
1A
100
AcDbEntity
  8
User.1
  6
CONTINUOUS
100
AcDbLine
 10
5.3255645275590551
 20
-3.3797811811023619
 30
0
 11
5.3248545275590553
 21
-3.3716659448818898
 31
0
  0
LINE
  5
513
330
1A
100
AcDbEntity
  8
User.1
  6
CONTINUOUS
100
AcDbLine
 10
5.3248545275590553
 20
-3.3716659448818898
 30
0
 11
5.3246236614173226
 21
-3.3717616141732281
 31
0
  0
LINE
  5
514
330
1A
100
AcDbEntity
  8
User.1
  6
CONTINUOUS
100
AcDbLine
 10
5.3246236614173226
 20
-3.3717616141732281
 30
0
 11
5.3233577952755908
 21
-3.3730274803149607
 31
0
  0
LINE
  5
515
330
1A
100
AcDbEntity
  8
User.1
  6
CONTINUOUS
100
AcDbLine
 10
5.3233577952755908
 20
-3.3730274803149607
 30
0
 11
5.3226727165354326
 21
-3.3746814173228348
 31
0
  0
LINE
  5
516
330
1A
100
AcDbEntity
  8
User.1
  6
CONTINUOUS
100
AcDbLine
 10
5.3226727165354326
 20
-3.3746814173228348
 30
0
 11
5.3226727165354326
 21
-3.376471653543307
 31
0
  0
LINE
  5
517
330
1A
100
AcDbEntity
  8
User.1
  6
CONTINUOUS
100
AcDbLine
 10
4.6166209055118106
 20
-3.3378611417322834
 30
0
 11
4.6173059842519688
 21
-3.3395150787401575
 31
0
  0
LINE
  5
518
330
1A
100
AcDbEntity
  8
User.1
  6
CONTINUOUS
100
AcDbLine
 10
4.6173059842519688
 20
-3.3395150787401575
 30
0
 11
4.6185718503937006
 21
-3.3407809448818897
 31
0
  0
LINE
  5
519
330
1A
100
AcDbEntity
  8
User.1
  6
CONTINUOUS
100
AcDbLine
 10
4.6185718503937006
 20
-3.3407809448818897
 30
0
 11
4.6195126377952755
 21
-3.3411706299212596
 31
0
  0
LINE
  5
51A
330
1A
100
AcDbEntity
  8
User.1
  6
CONTINUOUS
100
AcDbLine
 10
4.6195126377952755
 20
-3.3411706299212596
 30
0
 11
4.6188026771653545
 21
-3.3330555511811024
 31
0
  0
LINE
  5
51B
330
1A
100
AcDbEntity
  8
User.1
  6
CONTINUOUS
100
AcDbLine
 10
4.6188026771653545
 20
-3.3330555511811024
 30
0
 11
4.6185718503937006
 21
-3.333151181102362
 31
0
  0
LINE
  5
51C
330
1A
100
AcDbEntity
  8
User.1
  6
CONTINUOUS
100
AcDbLine
 10
4.6185718503937006
 20
-3.333151181102362
 30
0
 11
4.6173059842519688
 21
-3.3344170472440946
 31
0
  0
LINE
  5
51D
330
1A
100
AcDbEntity
  8
User.1
  6
CONTINUOUS
100
AcDbLine
 10
4.6173059842519688
 20
-3.3344170472440946
 30
0
 11
4.6166209055118106
 21
-3.3360709842519682
 31
0
  0
LINE
  5
51E
330
1A
100
AcDbEntity
  8
User.1
  6
CONTINUOUS
100
AcDbLine
 10
4.6166209055118106
 20
-3.3360709842519682
 30
0
 11
4.6166209055118106
 21
-3.3378611417322834
 31
0
  0
LINE
  5
51F
330
1A
100
AcDbEntity
  8
User.1
  6
CONTINUOUS
100
AcDbLine
 10
5.3139572047244092
 20
-3.2768521259842518
 30
0
 11
5.3146422834645666
 21
-3.2785060629921259
 31
0
  0
LINE
  5
520
330
1A
100
AcDbEntity
  8
User.1
  6
CONTINUOUS
100
AcDbLine
 10
5.3146422834645666
 20
-3.2785060629921259
 30
0
 11
5.3159081496062992
 21
-3.2797719291338581
 31
0
  0
LINE
  5
521
330
1A
100
AcDbEntity
  8
User.1
  6
CONTINUOUS
100
AcDbLine
 10
5.3159081496062992
 20
-3.2797719291338581
 30
0
 11
5.3168489370078742
 21
-3.2801616141732284
 31
0
  0
LINE
  5
522
330
1A
100
AcDbEntity
  8
User.1
  6
CONTINUOUS
100
AcDbLine
 10
5.3168489370078742
 20
-3.2801616141732284
 30
0
 11
5.3161389763779523
 21
-3.2720465354330708
 31
0
  0
LINE
  5
523
330
1A
100
AcDbEntity
  8
User.1
  6
CONTINUOUS
100
AcDbLine
 10
5.3161389763779523
 20
-3.2720465354330708
 30
0
 11
5.3159081496062992
 21
-3.2721421653543308
 31
0
  0
LINE
  5
524
330
1A
100
AcDbEntity
  8
User.1
  6
CONTINUOUS
100
AcDbLine
 10
5.3159081496062992
 20
-3.2721421653543308
 30
0
 11
5.3146422834645666
 21
-3.273408031496063
 31
0
  0
LINE
  5
525
330
1A
100
AcDbEntity
  8
User.1
  6
CONTINUOUS
100
AcDbLine
 10
5.3146422834645666
 20
-3.273408031496063
 30
0
 11
5.3139572047244092
 21
-3.275061968503937
 31
0
  0
LINE
  5
526
330
1A
100
AcDbEntity
  8
User.1
  6
CONTINUOUS
100
AcDbLine
 10
5.3139572047244092
 20
-3.275061968503937
 30
0
 11
5.3139572047244092
 21
-3.2768521259842518
 31
0
  0
LINE
  5
527
330
1A
100
AcDbEntity
  8
User.1
  6
CONTINUOUS
100
AcDbLine
 10
4.607905275590551
 20
-3.2382417322834645
 30
0
 11
4.6085903543307083
 21
-3.2398956692913385
 31
0
  0
LINE
  5
528
330
1A
100
AcDbEntity
  8
User.1
  6
CONTINUOUS
100
AcDbLine
 10
4.6085903543307083
 20
-3.2398956692913385
 30
0
 11
4.6098562204724409
 21
-3.2411615354330707
 31
0
  0
LINE
  5
529
330
1A
100
AcDbEntity
  8
User.1
  6
CONTINUOUS
100
AcDbLine
 10
4.6098562204724409
 20
-3.2411615354330707
 30
0
 11
4.6107970866141734
 21
-3.2415512598425198
 31
0
  0
LINE
  5
52A
330
1A
100
AcDbEntity
  8
User.1
  6
CONTINUOUS
100
AcDbLine
 10
4.6107970866141734
 20
-3.2415512598425198
 30
0
 11
4.6100870866141728
 21
-3.2334360236220472
 31
0
  0
LINE
  5
52B
330
1A
100
AcDbEntity
  8
User.1
  6
CONTINUOUS
100
AcDbLine
 10
4.6100870866141728
 20
-3.2334360236220472
 30
0
 11
4.6098562204724409
 21
-3.2335316929133859
 31
0
  0
LINE
  5
52C
330
1A
100
AcDbEntity
  8
User.1
  6
CONTINUOUS
100
AcDbLine
 10
4.6098562204724409
 20
-3.2335316929133859
 30
0
 11
4.6085903543307083
 21
-3.2347975590551181
 31
0
  0
LINE
  5
52D
330
1A
100
AcDbEntity
  8
User.1
  6
CONTINUOUS
100
AcDbLine
 10
4.6085903543307083
 20
-3.2347975590551181
 30
0
 11
4.607905275590551
 21
-3.2364514960629922
 31
0
  0
LINE
  5
52E
330
1A
100
AcDbEntity
  8
User.1
  6
CONTINUOUS
100
AcDbLine
 10
4.607905275590551
 20
-3.2364514960629922
 30
0
 11
4.607905275590551
 21
-3.2382417322834645
 31
0
  0
LINE
  5
52F
330
1A
100
AcDbEntity
  8
User.1
  6
CONTINUOUS
100
AcDbLine
 10
5.3052415748031496
 20
-3.1772327165354328
 30
0
 11
5.3059266535433069
 21
-3.1788866535433069
 31
0
  0
LINE
  5
530
330
1A
100
AcDbEntity
  8
User.1
  6
CONTINUOUS
100
AcDbLine
 10
5.3059266535433069
 20
-3.1788866535433069
 30
0
 11
5.3071925196850396
 21
-3.1801525196850391
 31
0
  0
LINE
  5
531
330
1A
100
AcDbEntity
  8
User.1
  6
CONTINUOUS
100
AcDbLine
 10
5.3071925196850396
 20
-3.1801525196850391
 30
0
 11
5.3081333858267712
 21
-3.1805422440944882
 31
0
  0
LINE
  5
532
330
1A
100
AcDbEntity
  8
User.1
  6
CONTINUOUS
100
AcDbLine
 10
5.3081333858267712
 20
-3.1805422440944882
 30
0
 11
5.3074233858267714
 21
-3.1724270078740155
 31
0
  0
LINE
  5
533
330
1A
100
AcDbEntity
  8
User.1
  6
CONTINUOUS
100
AcDbLine
 10
5.3074233858267714
 20
-3.1724270078740155
 30
0
 11
5.3071925196850396
 21
-3.1725226771653543
 31
0
  0
LINE
  5
534
330
1A
100
AcDbEntity
  8
User.1
  6
CONTINUOUS
100
AcDbLine
 10
5.3071925196850396
 20
-3.1725226771653543
 30
0
 11
5.3059266535433069
 21
-3.1737885433070865
 31
0
  0
LINE
  5
535
330
1A
100
AcDbEntity
  8
User.1
  6
CONTINUOUS
100
AcDbLine
 10
5.3059266535433069
 20
-3.1737885433070865
 30
0
 11
5.3052415748031496
 21
-3.1754424803149606
 31
0
  0
LINE
  5
536
330
1A
100
AcDbEntity
  8
User.1
  6
CONTINUOUS
100
AcDbLine
 10
5.3052415748031496
 20
-3.1754424803149606
 30
0
 11
5.3052415748031496
 21
-3.1772327165354328
 31
0
  0
LINE
  5
537
330
1A
100
AcDbEntity
  8
User.1
  6
CONTINUOUS
100
AcDbLine
 10
6.9402161417322832
 20
-2.9009078346456691
 30
0
 11
6.9412953149606293
 21
-2.9013113385826772
 31
0
  0
LINE
  5
538
330
1A
100
AcDbEntity
  8
User.1
  6
CONTINUOUS
100
AcDbLine
 10
6.9412953149606293
 20
-2.9013113385826772
 30
0
 11
6.9414180708661419
 21
-2.9014258267716535
 31
0
  0
LINE
  5
539
330
1A
100
AcDbEntity
  8
User.1
  6
CONTINUOUS
100
AcDbLine
 10
6.9414180708661419
 20
-2.9014258267716535
 30
0
 11
6.9421378740157476
 21
-2.9020970472440943
 31
0
  0
LINE
  5
53A
330
1A
100
AcDbEntity
  8
User.1
  6
CONTINUOUS
100
AcDbLine
 10
6.9421378740157476
 20
-2.9020970472440943
 30
0
 11
6.9426156692913388
 21
-2.9031454330708661
 31
0
  0
LINE
  5
53B
330
1A
100
AcDbEntity
  8
User.1
  6
CONTINUOUS
100
AcDbLine
 10
6.9426156692913388
 20
-2.9031454330708661
 30
0
 11
6.9426924409448816
 21
-2.9037191732283465
 31
0
  0
LINE
  5
53C
330
1A
100
AcDbEntity
  8
User.1
  6
CONTINUOUS
100
AcDbLine
 10
6.9426924409448816
 20
-2.9037191732283465
 30
0
 11
6.9687983070866144
 21
-3.6512945275590551
 31
0
  0
LINE
  5
53D
330
1A
100
AcDbEntity
  8
User.1
  6
CONTINUOUS
100
AcDbLine
 10
6.9687983070866144
 20
-3.6512945275590551
 30
0
 11
6.9687983858267719
 21
-3.651294960629921
 31
0
  0
LINE
  5
53E
330
1A
100
AcDbEntity
  8
User.1
  6
CONTINUOUS
100
AcDbLine
 10
6.9687983858267719
 20
-3.651294960629921
 30
0
 11
6.9949042913385826
 21
-4.3988707874015747
 31
0
  0
LINE
  5
53F
330
1A
100
AcDbEntity
  8
User.1
  6
CONTINUOUS
100
AcDbLine
 10
6.9949042913385826
 20
-4.3988707874015747
 30
0
 11
7.0210788976377954
 21
-5.1484138976377949
 31
0
  0
LINE
  5
540
330
1A
100
AcDbEntity
  8
User.1
  6
CONTINUOUS
100
AcDbLine
 10
7.0210788976377954
 20
-5.1484138976377949
 30
0
 11
7.0210423228346457
 21
-5.1489915748031496
 31
0
  0
LINE
  5
541
330
1A
100
AcDbEntity
  8
User.1
  6
CONTINUOUS
100
AcDbLine
 10
7.0210423228346457
 20
-5.1489915748031496
 30
0
 11
7.0206388188976376
 21
-5.1500707480314958
 31
0
  0
LINE
  5
542
330
1A
100
AcDbEntity
  8
User.1
  6
CONTINUOUS
100
AcDbLine
 10
7.0206388188976376
 20
-5.1500707480314958
 30
0
 11
7.0198531102362205
 21
-5.150913307086614
 31
0
  0
LINE
  5
543
330
1A
100
AcDbEntity
  8
User.1
  6
CONTINUOUS
100
AcDbLine
 10
7.0198531102362205
 20
-5.150913307086614
 30
0
 11
7.018804763779527
 21
-5.1513911023622043
 31
0
  0
LINE
  5
544
330
1A
100
AcDbEntity
  8
User.1
  6
CONTINUOUS
100
AcDbLine
 10
7.018804763779527
 20
-5.1513911023622043
 30
0
 11
7.0182310236220466
 21
-5.151467874015748
 31
0
  0
LINE
  5
545
330
1A
100
AcDbEntity
  8
User.1
  6
CONTINUOUS
100
AcDbLine
 10
7.0182310236220466
 20
-5.151467874015748
 30
0
 11
6.273606102362205
 21
-5.1774707086614171
 31
0
  0
LINE
  5
546
330
1A
100
AcDbEntity
  8
User.1
  6
CONTINUOUS
100
AcDbLine
 10
6.273606102362205
 20
-5.1774707086614171
 30
0
 11
6.2800295669291337
 21
-5.3614137795275587
 31
0
  0
LINE
  5
547
330
1A
100
AcDbEntity
  8
User.1
  6
CONTINUOUS
100
AcDbLine
 10
6.2800295669291337
 20
-5.3614137795275587
 30
0
 11
6.2799929921259841
 21
-5.3619914566929134
 31
0
  0
LINE
  5
548
330
1A
100
AcDbEntity
  8
User.1
  6
CONTINUOUS
100
AcDbLine
 10
6.2799929921259841
 20
-5.3619914566929134
 30
0
 11
6.279589488188976
 21
-5.3630706299212596
 31
0
  0
LINE
  5
549
330
1A
100
AcDbEntity
  8
User.1
  6
CONTINUOUS
100
AcDbLine
 10
6.279589488188976
 20
-5.3630706299212596
 30
0
 11
6.2788037795275589
 21
-5.3639131889763778
 31
0
  0
LINE
  5
54A
330
1A
100
AcDbEntity
  8
User.1
  6
CONTINUOUS
100
AcDbLine
 10
6.2788037795275589
 20
-5.3639131889763778
 30
0
 11
6.2777554330708663
 21
-5.3643909842519681
 31
0
  0
LINE
  5
54B
330
1A
100
AcDbEntity
  8
User.1
  6
CONTINUOUS
100
AcDbLine
 10
6.2777554330708663
 20
-5.3643909842519681
 30
0
 11
6.2771816929133859
 21
-5.3644677559055118
 31
0
  0
LINE
  5
54C
330
1A
100
AcDbEntity
  8
User.1
  6
CONTINUOUS
100
AcDbLine
 10
6.2771816929133859
 20
-5.3644677559055118
 30
0
 11
5.5276385433070869
 21
-5.3906423622047246
 31
0
  0
LINE
  5
54D
330
1A
100
AcDbEntity
  8
User.1
  6
CONTINUOUS
100
AcDbLine
 10
5.5276385433070869
 20
-5.3906423622047246
 30
0
 11
5.5270608661417322
 21
-5.3906057874015749
 31
0
  0
LINE
  5
54E
330
1A
100
AcDbEntity
  8
User.1
  6
CONTINUOUS
100
AcDbLine
 10
5.5270608661417322
 20
-5.3906057874015749
 30
0
 11
5.5259817322834648
 21
-5.3902022834645669
 31
0
  0
LINE
  5
54F
330
1A
100
AcDbEntity
  8
User.1
  6
CONTINUOUS
100
AcDbLine
 10
5.5259817322834648
 20
-5.3902022834645669
 30
0
 11
5.5251391338582678
 21
-5.3894165748031497
 31
0
  0
LINE
  5
550
330
1A
100
AcDbEntity
  8
User.1
  6
CONTINUOUS
100
AcDbLine
 10
5.5251391338582678
 20
-5.3894165748031497
 30
0
 11
5.5246613385826766
 21
-5.3883681889763775
 31
0
  0
LINE
  5
551
330
1A
100
AcDbEntity
  8
User.1
  6
CONTINUOUS
100
AcDbLine
 10
5.5246613385826766
 20
-5.3883681889763775
 30
0
 11
5.5245845669291338
 21
-5.3877944881889759
 31
0
  0
LINE
  5
552
330
1A
100
AcDbEntity
  8
User.1
  6
CONTINUOUS
100
AcDbLine
 10
5.5245845669291338
 20
-5.3877944881889759
 30
0
 11
5.498409960629921
 21
-4.6382513385826769
 31
0
  0
LINE
  5
553
330
1A
100
AcDbEntity
  8
User.1
  6
CONTINUOUS
100
AcDbLine
 10
5.498409960629921
 20
-4.6382513385826769
 30
0
 11
5.498409960629921
 21
-4.6382512992125982
 31
0
  0
LINE
  5
554
330
1A
100
AcDbEntity
  8
User.1
  6
CONTINUOUS
100
AcDbLine
 10
5.498409960629921
 20
-4.6382512992125982
 30
0
 11
5.4723727559055115
 21
-3.8926432283464565
 31
0
  0
LINE
  5
555
330
1A
100
AcDbEntity
  8
User.1
  6
CONTINUOUS
100
AcDbLine
 10
5.4723727559055115
 20
-3.8926432283464565
 30
0
 11
5.4723727165354328
 21
-3.8926428346456694
 31
0
  0
LINE
  5
556
330
1A
100
AcDbEntity
  8
User.1
  6
CONTINUOUS
100
AcDbLine
 10
5.4723727165354328
 20
-3.8926428346456694
 30
0
 11
5.44619811023622
 21
-3.14309968503937
 31
0
  0
LINE
  5
557
330
1A
100
AcDbEntity
  8
User.1
  6
CONTINUOUS
100
AcDbLine
 10
5.44619811023622
 20
-3.14309968503937
 30
0
 11
5.4462346850393697
 21
-3.1425220078740157
 31
0
  0
LINE
  5
558
330
1A
100
AcDbEntity
  8
User.1
  6
CONTINUOUS
100
AcDbLine
 10
5.4462346850393697
 20
-3.1425220078740157
 30
0
 11
5.4466381889763777
 21
-3.1414428740157478
 31
0
  0
LINE
  5
559
330
1A
100
AcDbEntity
  8
User.1
  6
CONTINUOUS
100
AcDbLine
 10
5.4466381889763777
 20
-3.1414428740157478
 30
0
 11
5.4474238976377949
 21
-3.1406002755905513
 31
0
  0
LINE
  5
55A
330
1A
100
AcDbEntity
  8
User.1
  6
CONTINUOUS
100
AcDbLine
 10
5.4474238976377949
 20
-3.1406002755905513
 30
0
 11
5.4484722834645671
 21
-3.1401224803149606
 31
0
  0
LINE
  5
55B
330
1A
100
AcDbEntity
  8
User.1
  6
CONTINUOUS
100
AcDbLine
 10
5.4484722834645671
 20
-3.1401224803149606
 30
0
 11
5.4490460236220475
 21
-3.1400457086614173
 31
0
  0
LINE
  5
55C
330
1A
100
AcDbEntity
  8
User.1
  6
CONTINUOUS
100
AcDbLine
 10
5.4490460236220475
 20
-3.1400457086614173
 30
0
 11
6.1936708661417326
 21
-3.114042834645669
 31
0
  0
LINE
  5
55D
330
1A
100
AcDbEntity
  8
User.1
  6
CONTINUOUS
100
AcDbLine
 10
6.1936708661417326
 20
-3.114042834645669
 30
0
 11
6.1872474409448817
 21
-2.9300998425196849
 31
0
  0
LINE
  5
55E
330
1A
100
AcDbEntity
  8
User.1
  6
CONTINUOUS
100
AcDbLine
 10
6.1872474409448817
 20
-2.9300998425196849
 30
0
 11
6.1872840157480313
 21
-2.9295221653543306
 31
0
  0
LINE
  5
55F
330
1A
100
AcDbEntity
  8
User.1
  6
CONTINUOUS
100
AcDbLine
 10
6.1872840157480313
 20
-2.9295221653543306
 30
0
 11
6.1876875196850394
 21
-2.9284430314960628
 31
0
  0
LINE
  5
560
330
1A
100
AcDbEntity
  8
User.1
  6
CONTINUOUS
100
AcDbLine
 10
6.1876875196850394
 20
-2.9284430314960628
 30
0
 11
6.1884732283464565
 21
-2.9276004330708663
 31
0
  0
LINE
  5
561
330
1A
100
AcDbEntity
  8
User.1
  6
CONTINUOUS
100
AcDbLine
 10
6.1884732283464565
 20
-2.9276004330708663
 30
0
 11
6.1895216141732279
 21
-2.9271226377952755
 31
0
  0
LINE
  5
562
330
1A
100
AcDbEntity
  8
User.1
  6
CONTINUOUS
100
AcDbLine
 10
6.1895216141732279
 20
-2.9271226377952755
 30
0
 11
6.1900953543307082
 21
-2.9270458661417322
 31
0
  0
LINE
  5
563
330
1A
100
AcDbEntity
  8
User.1
  6
CONTINUOUS
100
AcDbLine
 10
6.1900953543307082
 20
-2.9270458661417322
 30
0
 11
6.9396384645669293
 21
-2.9008712598425195
 31
0
  0
LINE
  5
564
330
1A
100
AcDbEntity
  8
User.1
  6
CONTINUOUS
100
AcDbLine
 10
6.9396384645669293
 20
-2.9008712598425195
 30
0
 11
6.9402161417322832
 21
-2.9009078346456691
 31
0
  0
LINE
  5
565
330
1A
100
AcDbEntity
  8
User.1
  6
CONTINUOUS
100
AcDbLine
 10
5.5044835826771656
 20
-4.6429634645669289
 30
0
 11
5.5303833858267719
 21
-5.3846374015748033
 31
0
  0
LINE
  5
566
330
1A
100
AcDbEntity
  8
User.1
  6
CONTINUOUS
100
AcDbLine
 10
5.5303833858267719
 20
-5.3846374015748033
 30
0
 11
6.2740246062992124
 21
-5.358668897637795
 31
0
  0
LINE
  5
567
330
1A
100
AcDbEntity
  8
User.1
  6
CONTINUOUS
100
AcDbLine
 10
6.2740246062992124
 20
-5.358668897637795
 30
0
 11
6.2676963385826774
 21
-5.1774511417322833
 31
0
  0
LINE
  5
568
330
1A
100
AcDbEntity
  8
User.1
  6
CONTINUOUS
100
AcDbLine
 10
6.2676963385826774
 20
-5.1774511417322833
 30
0
 11
6.2670310629921255
 21
-5.177202401574803
 31
0
  0
LINE
  5
569
330
1A
100
AcDbEntity
  8
User.1
  6
CONTINUOUS
100
AcDbLine
 10
6.2670310629921255
 20
-5.177202401574803
 30
0
 11
6.2661884645669286
 21
-5.1764166929133859
 31
0
  0
LINE
  5
56A
330
1A
100
AcDbEntity
  8
User.1
  6
CONTINUOUS
100
AcDbLine
 10
6.2661884645669286
 20
-5.1764166929133859
 30
0
 11
6.2659547244094487
 21
-5.1759038188976376
 31
0
  0
LINE
  5
56B
330
1A
100
AcDbEntity
  8
User.1
  6
CONTINUOUS
100
AcDbLine
 10
6.2659547244094487
 20
-5.1759038188976376
 30
0
 11
6.2657106692913382
 21
-5.1753683464566924
 31
0
  0
LINE
  5
56C
330
1A
100
AcDbEntity
  8
User.1
  6
CONTINUOUS
100
AcDbLine
 10
6.2657106692913382
 20
-5.1753683464566924
 30
0
 11
6.2656338976377954
 21
-5.1747946062992121
 31
0
  0
LINE
  5
56D
330
1A
100
AcDbEntity
  8
User.1
  6
CONTINUOUS
100
AcDbLine
 10
6.2656338976377954
 20
-5.1747946062992121
 30
0
 11
6.2461574803149604
 21
-4.6170636614173226
 31
0
  0
LINE
  5
56E
330
1A
100
AcDbEntity
  8
User.1
  6
CONTINUOUS
100
AcDbLine
 10
6.2461574803149604
 20
-4.6170636614173226
 30
0
 11
5.5044835826771656
 21
-4.6429634645669289
 31
0
  0
LINE
  5
56F
330
1A
100
AcDbEntity
  8
User.1
  6
CONTINUOUS
100
AcDbLine
 10
6.2475001968503934
 20
-4.4298948818897639
 30
0
 11
6.253854960629921
 21
-4.6118706692913385
 31
0
  0
LINE
  5
570
330
1A
100
AcDbEntity
  8
User.1
  6
CONTINUOUS
100
AcDbLine
 10
6.253854960629921
 20
-4.6118706692913385
 30
0
 11
6.2734000393700784
 21
-5.1715688188976374
 31
0
  0
LINE
  5
571
330
1A
100
AcDbEntity
  8
User.1
  6
CONTINUOUS
100
AcDbLine
 10
6.2734000393700784
 20
-5.1715688188976374
 30
0
 11
7.0150739370078741
 21
-5.1456690157480311
 31
0
  0
LINE
  5
572
330
1A
100
AcDbEntity
  8
User.1
  6
CONTINUOUS
100
AcDbLine
 10
7.0150739370078741
 20
-5.1456690157480311
 30
0
 11
6.9891741338582678
 21
-4.4039950787401576
 31
0
  0
LINE
  5
573
330
1A
100
AcDbEntity
  8
User.1
  6
CONTINUOUS
100
AcDbLine
 10
6.9891741338582678
 20
-4.4039950787401576
 30
0
 11
6.2475001968503934
 21
-4.4298948818897639
 31
0
  0
LINE
  5
574
330
1A
100
AcDbEntity
  8
User.1
  6
CONTINUOUS
100
AcDbLine
 10
5.4783776771653541
 20
-3.8953876377952756
 30
0
 11
5.5042087795275592
 21
-4.6350942913385822
 31
0
  0
LINE
  5
575
330
1A
100
AcDbEntity
  8
User.1
  6
CONTINUOUS
100
AcDbLine
 10
5.5042087795275592
 20
-4.6350942913385822
 30
0
 11
6.2458827165354327
 21
-4.6091944881889759
 31
0
  0
LINE
  5
576
330
1A
100
AcDbEntity
  8
User.1
  6
CONTINUOUS
100
AcDbLine
 10
6.2458827165354327
 20
-4.6091944881889759
 30
0
 11
6.2394592913385827
 21
-4.4252514566929131
 31
0
  0
LINE
  5
577
330
1A
100
AcDbEntity
  8
User.1
  6
CONTINUOUS
100
AcDbLine
 10
6.2394592913385827
 20
-4.4252514566929131
 30
0
 11
6.2394592913385827
 21
-4.4252514173228343
 31
0
  0
LINE
  5
578
330
1A
100
AcDbEntity
  8
User.1
  6
CONTINUOUS
100
AcDbLine
 10
6.2394592913385827
 20
-4.4252514173228343
 30
0
 11
6.2200515748031497
 21
-3.8694878346456694
 31
0
  0
LINE
  5
579
330
1A
100
AcDbEntity
  8
User.1
  6
CONTINUOUS
100
AcDbLine
 10
6.2200515748031497
 20
-3.8694878346456694
 30
0
 11
5.4783776771653541
 21
-3.8953876377952756
 31
0
  0
LINE
  5
57A
330
1A
100
AcDbEntity
  8
User.1
  6
CONTINUOUS
100
AcDbLine
 10
6.2213942519685039
 20
-3.6823190944881889
 30
0
 11
6.2277489763779528
 21
-3.8642944488188977
 31
0
  0
LINE
  5
57B
330
1A
100
AcDbEntity
  8
User.1
  6
CONTINUOUS
100
AcDbLine
 10
6.2277489763779528
 20
-3.8642944488188977
 30
0
 11
6.2277490551181103
 21
-3.8642948425196848
 31
0
  0
LINE
  5
57C
330
1A
100
AcDbEntity
  8
User.1
  6
CONTINUOUS
100
AcDbLine
 10
6.2277490551181103
 20
-3.8642948425196848
 30
0
 11
6.2472254330708656
 21
-4.4220257086614172
 31
0
  0
LINE
  5
57D
330
1A
100
AcDbEntity
  8
User.1
  6
CONTINUOUS
100
AcDbLine
 10
6.2472254330708656
 20
-4.4220257086614172
 30
0
 11
6.9888993307086613
 21
-4.3961259055118109
 31
0
  0
LINE
  5
57E
330
1A
100
AcDbEntity
  8
User.1
  6
CONTINUOUS
100
AcDbLine
 10
6.9888993307086613
 20
-4.3961259055118109
 30
0
 11
6.9630682283464562
 21
-3.6564192913385827
 31
0
  0
LINE
  5
57F
330
1A
100
AcDbEntity
  8
User.1
  6
CONTINUOUS
100
AcDbLine
 10
6.9630682283464562
 20
-3.6564192913385827
 30
0
 11
6.2213942519685039
 21
-3.6823190944881889
 31
0
  0
LINE
  5
580
330
1A
100
AcDbEntity
  8
User.1
  6
CONTINUOUS
100
AcDbLine
 10
5.4522030314960626
 20
-3.145844527559055
 30
0
 11
5.4781028346456688
 21
-3.887518464566929
 31
0
  0
LINE
  5
581
330
1A
100
AcDbEntity
  8
User.1
  6
CONTINUOUS
100
AcDbLine
 10
5.4781028346456688
 20
-3.887518464566929
 30
0
 11
6.219776811023622
 21
-3.8616186614173227
 31
0
  0
LINE
  5
582
330
1A
100
AcDbEntity
  8
User.1
  6
CONTINUOUS
100
AcDbLine
 10
6.219776811023622
 20
-3.8616186614173227
 30
0
 11
6.2134220866141732
 21
-3.6796433858267714
 31
0
  0
LINE
  5
583
330
1A
100
AcDbEntity
  8
User.1
  6
CONTINUOUS
100
AcDbLine
 10
6.2134220866141732
 20
-3.6796433858267714
 30
0
 11
6.2134220472440944
 21
-3.6796429921259843
 31
0
  0
LINE
  5
584
330
1A
100
AcDbEntity
  8
User.1
  6
CONTINUOUS
100
AcDbLine
 10
6.2134220472440944
 20
-3.6796429921259843
 30
0
 11
6.1938769291338582
 21
-3.1199447244094487
 31
0
  0
LINE
  5
585
330
1A
100
AcDbEntity
  8
User.1
  6
CONTINUOUS
100
AcDbLine
 10
6.1938769291338582
 20
-3.1199447244094487
 30
0
 11
5.4522030314960626
 21
-3.145844527559055
 31
0
  0
LINE
  5
586
330
1A
100
AcDbEntity
  8
User.1
  6
CONTINUOUS
100
AcDbLine
 10
6.1932523622047242
 20
-2.9328446850393699
 30
0
 11
6.1995806299212601
 21
-3.1140624015748033
 31
0
  0
LINE
  5
587
330
1A
100
AcDbEntity
  8
User.1
  6
CONTINUOUS
100
AcDbLine
 10
6.1995806299212601
 20
-3.1140624015748033
 30
0
 11
6.2002459842519686
 21
-3.1143111811023623
 31
0
  0
LINE
  5
588
330
1A
100
AcDbEntity
  8
User.1
  6
CONTINUOUS
100
AcDbLine
 10
6.2002459842519686
 20
-3.1143111811023623
 30
0
 11
6.2010885433070868
 21
-3.1150968897637794
 31
0
  0
LINE
  5
589
330
1A
100
AcDbEntity
  8
User.1
  6
CONTINUOUS
100
AcDbLine
 10
6.2010885433070868
 20
-3.1150968897637794
 30
0
 11
6.2015663385826771
 21
-3.1161452755905512
 31
0
  0
LINE
  5
58A
330
1A
100
AcDbEntity
  8
User.1
  6
CONTINUOUS
100
AcDbLine
 10
6.2015663385826771
 20
-3.1161452755905512
 30
0
 11
6.2016431102362199
 21
-3.1167190157480316
 31
0
  0
LINE
  5
58B
330
1A
100
AcDbEntity
  8
User.1
  6
CONTINUOUS
100
AcDbLine
 10
6.2016431102362199
 20
-3.1167190157480316
 30
0
 11
6.2211194881889762
 21
-3.6744498818897635
 31
0
  0
LINE
  5
58C
330
1A
100
AcDbEntity
  8
User.1
  6
CONTINUOUS
100
AcDbLine
 10
6.2211194881889762
 20
-3.6744498818897635
 30
0
 11
6.9627933858267719
 21
-3.6485500787401572
 31
0
  0
LINE
  5
58D
330
1A
100
AcDbEntity
  8
User.1
  6
CONTINUOUS
100
AcDbLine
 10
6.9627933858267719
 20
-3.6485500787401572
 30
0
 11
6.9368935826771656
 21
-2.906876181102362
 31
0
  0
LINE
  5
58E
330
1A
100
AcDbEntity
  8
User.1
  6
CONTINUOUS
100
AcDbLine
 10
6.9368935826771656
 20
-2.906876181102362
 30
0
 11
6.1932523622047242
 21
-2.9328446850393699
 31
0
  0
LINE
  5
58F
330
1A
100
AcDbEntity
  8
User.1
  6
CONTINUOUS
100
AcDbLine
 10
7.810709724409449
 20
-3.0797823622047242
 30
0
 11
7.8107099606299215
 21
-3.0797823622047242
 31
0
  0
LINE
  5
590
330
1A
100
AcDbEntity
  8
User.1
  6
CONTINUOUS
100
AcDbLine
 10
7.8107099606299215
 20
-3.0797823622047242
 30
0
 11
8.5586273228346457
 21
-3.0928373228346455
 31
0
  0
LINE
  5
591
330
1A
100
AcDbEntity
  8
User.1
  6
CONTINUOUS
100
AcDbLine
 10
8.5586273228346457
 20
-3.0928373228346455
 30
0
 11
8.5592022440944877
 21
-3.0929040944881887
 31
0
  0
LINE
  5
592
330
1A
100
AcDbEntity
  8
User.1
  6
CONTINUOUS
100
AcDbLine
 10
8.5592022440944877
 20
-3.0929040944881887
 30
0
 11
8.5592023228346452
 21
-3.0929041338582675
 31
0
  0
LINE
  5
593
330
1A
100
AcDbEntity
  8
User.1
  6
CONTINUOUS
100
AcDbLine
 10
8.5592023228346452
 20
-3.0929041338582675
 30
0
 11
8.5602588582677157
 21
-3.0933635433070865
 31
0
  0
LINE
  5
594
330
1A
100
AcDbEntity
  8
User.1
  6
CONTINUOUS
100
AcDbLine
 10
8.5602588582677157
 20
-3.0933635433070865
 30
0
 11
8.5610591732283456
 21
-3.094192283464567
 31
0
  0
LINE
  5
595
330
1A
100
AcDbEntity
  8
User.1
  6
CONTINUOUS
100
AcDbLine
 10
8.5610591732283456
 20
-3.094192283464567
 30
0
 11
8.5614814173228346
 21
-3.0952642125984253
 31
0
  0
LINE
  5
596
330
1A
100
AcDbEntity
  8
User.1
  6
CONTINUOUS
100
AcDbLine
 10
8.5614814173228346
 20
-3.0952642125984253
 30
0
 11
8.5615281102362211
 21
-3.0958411811023621
 31
0
  0
LINE
  5
597
330
1A
100
AcDbEntity
  8
User.1
  6
CONTINUOUS
100
AcDbLine
 10
8.5615281102362211
 20
-3.0958411811023621
 30
0
 11
8.5484388188976368
 21
-3.8457269291338583
 31
0
  0
LINE
  5
598
330
1A
100
AcDbEntity
  8
User.1
  6
CONTINUOUS
100
AcDbLine
 10
8.5484388188976368
 20
-3.8457269291338583
 30
0
 11
8.548438779527558
 21
-3.8457271653543308
 31
0
  0
LINE
  5
599
330
1A
100
AcDbEntity
  8
User.1
  6
CONTINUOUS
100
AcDbLine
 10
8.548438779527558
 20
-3.8457271653543308
 30
0
 11
8.535383858267716
 21
-4.5936444881889766
 31
0
  0
LINE
  5
59A
330
1A
100
AcDbEntity
  8
User.1
  6
CONTINUOUS
100
AcDbLine
 10
8.535383858267716
 20
-4.5936444881889766
 30
0
 11
8.5353838188976372
 21
-4.5936447244094492
 31
0
  0
LINE
  5
59B
330
1A
100
AcDbEntity
  8
User.1
  6
CONTINUOUS
100
AcDbLine
 10
8.5353838188976372
 20
-4.5936447244094492
 30
0
 11
8.5223288976377951
 21
-5.3415620472440946
 31
0
  0
LINE
  5
59C
330
1A
100
AcDbEntity
  8
User.1
  6
CONTINUOUS
100
AcDbLine
 10
8.5223288976377951
 20
-5.3415620472440946
 30
0
 11
8.5222620866141732
 21
-5.3421370472440941
 31
0
  0
LINE
  5
59D
330
1A
100
AcDbEntity
  8
User.1
  6
CONTINUOUS
100
AcDbLine
 10
8.5222620866141732
 20
-5.3421370472440941
 30
0
 11
8.5218026771653541
 21
-5.3431935826771655
 31
0
  0
LINE
  5
59E
330
1A
100
AcDbEntity
  8
User.1
  6
CONTINUOUS
100
AcDbLine
 10
8.5218026771653541
 20
-5.3431935826771655
 30
0
 11
8.5209739370078736
 21
-5.3439938976377954
 31
0
  0
LINE
  5
59F
330
1A
100
AcDbEntity
  8
User.1
  6
CONTINUOUS
100
AcDbLine
 10
8.5209739370078736
 20
-5.3439938976377954
 30
0
 11
8.5199020078740162
 21
-5.3444161417322835
 31
0
  0
LINE
  5
5A0
330
1A
100
AcDbEntity
  8
User.1
  6
CONTINUOUS
100
AcDbLine
 10
8.5199020078740162
 20
-5.3444161417322835
 30
0
 11
8.519325039370079
 21
-5.3444628346456691
 31
0
  0
LINE
  5
5A1
330
1A
100
AcDbEntity
  8
User.1
  6
CONTINUOUS
100
AcDbLine
 10
8.519325039370079
 20
-5.3444628346456691
 30
0
 11
7.7714075984251965
 21
-5.3314078740157482
 31
0
  0
LINE
  5
5A2
330
1A
100
AcDbEntity
  8
User.1
  6
CONTINUOUS
100
AcDbLine
 10
7.7714075984251965
 20
-5.3314078740157482
 30
0
 11
7.7714074803149602
 21
-5.331407913385827
 31
0
  0
LINE
  5
5A3
330
1A
100
AcDbEntity
  8
User.1
  6
CONTINUOUS
100
AcDbLine
 10
7.7714074803149602
 20
-5.331407913385827
 30
0
 11
7.021521732283464
 21
-5.3183186220472436
 31
0
  0
LINE
  5
5A4
330
1A
100
AcDbEntity
  8
User.1
  6
CONTINUOUS
100
AcDbLine
 10
7.021521732283464
 20
-5.3183186220472436
 30
0
 11
7.0209467322834644
 21
-5.3182518110236217
 31
0
  0
LINE
  5
5A5
330
1A
100
AcDbEntity
  8
User.1
  6
CONTINUOUS
100
AcDbLine
 10
7.0209467322834644
 20
-5.3182518110236217
 30
0
 11
7.0198901968503939
 21
-5.3177924015748026
 31
0
  0
LINE
  5
5A6
330
1A
100
AcDbEntity
  8
User.1
  6
CONTINUOUS
100
AcDbLine
 10
7.0198901968503939
 20
-5.3177924015748026
 30
0
 11
7.019089881889764
 21
-5.316963661417323
 31
0
  0
LINE
  5
5A7
330
1A
100
AcDbEntity
  8
User.1
  6
CONTINUOUS
100
AcDbLine
 10
7.019089881889764
 20
-5.316963661417323
 30
0
 11
7.018667637795275
 21
-5.3158917322834647
 31
0
  0
LINE
  5
5A8
330
1A
100
AcDbEntity
  8
User.1
  6
CONTINUOUS
100
AcDbLine
 10
7.018667637795275
 20
-5.3158917322834647
 30
0
 11
7.0186209448818895
 21
-5.3153147637795275
 31
0
  0
LINE
  5
5A9
330
1A
100
AcDbEntity
  8
User.1
  6
CONTINUOUS
100
AcDbLine
 10
7.0186209448818895
 20
-5.3153147637795275
 30
0
 11
7.031710236220472
 21
-4.5654290157480313
 31
0
  0
LINE
  5
5AA
330
1A
100
AcDbEntity
  8
User.1
  6
CONTINUOUS
100
AcDbLine
 10
7.031710236220472
 20
-4.5654290157480313
 30
0
 11
7.031710236220472
 21
-4.56542874015748
 31
0
  0
LINE
  5
5AB
330
1A
100
AcDbEntity
  8
User.1
  6
CONTINUOUS
100
AcDbLine
 10
7.031710236220472
 20
-4.56542874015748
 30
0
 11
7.0447593307086613
 21
-3.8178480708661415
 31
0
  0
LINE
  5
5AC
330
1A
100
AcDbEntity
  8
User.1
  6
CONTINUOUS
100
AcDbLine
 10
7.0447593307086613
 20
-3.8178480708661415
 30
0
 11
7.0578201181102358
 21
-3.0695938582677162
 31
0
  0
LINE
  5
5AD
330
1A
100
AcDbEntity
  8
User.1
  6
CONTINUOUS
100
AcDbLine
 10
7.0578201181102358
 20
-3.0695938582677162
 30
0
 11
7.0578869291338577
 21
-3.069018897637795
 31
0
  0
LINE
  5
5AE
330
1A
100
AcDbEntity
  8
User.1
  6
CONTINUOUS
100
AcDbLine
 10
7.0578869291338577
 20
-3.069018897637795
 30
0
 11
7.0579775984251967
 21
-3.0688103937007871
 31
0
  0
LINE
  5
5AF
330
1A
100
AcDbEntity
  8
User.1
  6
CONTINUOUS
100
AcDbLine
 10
7.0579775984251967
 20
-3.0688103937007871
 30
0
 11
7.0583463385826768
 21
-3.0679623228346458
 31
0
  0
LINE
  5
5B0
330
1A
100
AcDbEntity
  8
User.1
  6
CONTINUOUS
100
AcDbLine
 10
7.0583463385826768
 20
-3.0679623228346458
 30
0
 11
7.0591750787401573
 21
-3.0671620078740158
 31
0
  0
LINE
  5
5B1
330
1A
100
AcDbEntity
  8
User.1
  6
CONTINUOUS
100
AcDbLine
 10
7.0591750787401573
 20
-3.0671620078740158
 30
0
 11
7.0602470078740156
 21
-3.0667397637795273
 31
0
  0
LINE
  5
5B2
330
1A
100
AcDbEntity
  8
User.1
  6
CONTINUOUS
100
AcDbLine
 10
7.0602470078740156
 20
-3.0667397637795273
 30
0
 11
7.0608239763779528
 21
-3.0666930708661417
 31
0
  0
LINE
  5
5B3
330
1A
100
AcDbEntity
  8
User.1
  6
CONTINUOUS
100
AcDbLine
 10
7.0608239763779528
 20
-3.0666930708661417
 30
0
 11
7.810709724409449
 21
-3.0797823622047242
 31
0
  0
LINE
  5
5B4
330
1A
100
AcDbEntity
  8
User.1
  6
CONTINUOUS
100
AcDbLine
 10
7.7744628346456688
 20
-5.3255547637795271
 30
0
 11
8.5164757480314961
 21
-5.3385066535433072
 31
0
  0
LINE
  5
5B5
330
1A
100
AcDbEntity
  8
User.1
  6
CONTINUOUS
100
AcDbLine
 10
8.5164757480314961
 20
-5.3385066535433072
 30
0
 11
8.5294276377952762
 21
-4.5964937401574799
 31
0
  0
LINE
  5
5B6
330
1A
100
AcDbEntity
  8
User.1
  6
CONTINUOUS
100
AcDbLine
 10
8.5294276377952762
 20
-4.5964937401574799
 30
0
 11
7.7874147244094489
 21
-4.5835418503937007
 31
0
  0
LINE
  5
5B7
330
1A
100
AcDbEntity
  8
User.1
  6
CONTINUOUS
100
AcDbLine
 10
7.7874147244094489
 20
-4.5835418503937007
 30
0
 11
7.7744628346456688
 21
-5.3255547637795271
 31
0
  0
LINE
  5
5B8
330
1A
100
AcDbEntity
  8
User.1
  6
CONTINUOUS
100
AcDbLine
 10
7.0245770866141735
 20
-5.3124654724409446
 30
0
 11
7.7665899999999999
 21
-5.3254173622047247
 31
0
  0
LINE
  5
5B9
330
1A
100
AcDbEntity
  8
User.1
  6
CONTINUOUS
100
AcDbLine
 10
7.7665899999999999
 20
-5.3254173622047247
 30
0
 11
7.7795418897637791
 21
-4.5834044488188974
 31
0
  0
LINE
  5
5BA
330
1A
100
AcDbEntity
  8
User.1
  6
CONTINUOUS
100
AcDbLine
 10
7.7795418897637791
 20
-4.5834044488188974
 30
0
 11
7.0375289763779527
 21
-4.5704525590551182
 31
0
  0
LINE
  5
5BB
330
1A
100
AcDbEntity
  8
User.1
  6
CONTINUOUS
100
AcDbLine
 10
7.0375289763779527
 20
-4.5704525590551182
 30
0
 11
7.0245770866141735
 21
-5.3124654724409446
 31
0
  0
LINE
  5
5BC
330
1A
100
AcDbEntity
  8
User.1
  6
CONTINUOUS
100
AcDbLine
 10
7.7875521653543309
 20
-4.5756690157480318
 30
0
 11
8.5295650787401573
 21
-4.588620905511811
 31
0
  0
LINE
  5
5BD
330
1A
100
AcDbEntity
  8
User.1
  6
CONTINUOUS
100
AcDbLine
 10
8.5295650787401573
 20
-4.588620905511811
 30
0
 11
8.5424825984251971
 21
-3.848576181102362
 31
0
  0
LINE
  5
5BE
330
1A
100
AcDbEntity
  8
User.1
  6
CONTINUOUS
100
AcDbLine
 10
8.5424825984251971
 20
-3.848576181102362
 30
0
 11
7.8004696850393698
 21
-3.8356242913385827
 31
0
  0
LINE
  5
5BF
330
1A
100
AcDbEntity
  8
User.1
  6
CONTINUOUS
100
AcDbLine
 10
7.8004696850393698
 20
-3.8356242913385827
 30
0
 11
7.7875521653543309
 21
-4.5756690157480318
 31
0
  0
LINE
  5
5C0
330
1A
100
AcDbEntity
  8
User.1
  6
CONTINUOUS
100
AcDbLine
 10
7.0376664173228347
 20
-4.5625797244094484
 30
0
 11
7.7796793307086611
 21
-4.5755316141732285
 31
0
  0
LINE
  5
5C1
330
1A
100
AcDbEntity
  8
User.1
  6
CONTINUOUS
100
AcDbLine
 10
7.7796793307086611
 20
-4.5755316141732285
 30
0
 11
7.7925968503937009
 21
-3.8354868503937007
 31
0
  0
LINE
  5
5C2
330
1A
100
AcDbEntity
  8
User.1
  6
CONTINUOUS
100
AcDbLine
 10
7.7925968503937009
 20
-3.8354868503937007
 30
0
 11
7.0505839370078736
 21
-3.822534960629921
 31
0
  0
LINE
  5
5C3
330
1A
100
AcDbEntity
  8
User.1
  6
CONTINUOUS
100
AcDbLine
 10
7.0505839370078736
 20
-3.822534960629921
 30
0
 11
7.0376664173228347
 21
-4.5625797244094484
 31
0
  0
LINE
  5
5C4
330
1A
100
AcDbEntity
  8
User.1
  6
CONTINUOUS
100
AcDbLine
 10
7.800607086614173
 20
-3.8277514566929134
 30
0
 11
8.5426200393700782
 21
-3.8407033464566926
 31
0
  0
LINE
  5
5C5
330
1A
100
AcDbEntity
  8
User.1
  6
CONTINUOUS
100
AcDbLine
 10
8.5426200393700782
 20
-3.8407033464566926
 30
0
 11
8.5555719291338583
 21
-3.0986904330708662
 31
0
  0
LINE
  5
5C6
330
1A
100
AcDbEntity
  8
User.1
  6
CONTINUOUS
100
AcDbLine
 10
8.5555719291338583
 20
-3.0986904330708662
 30
0
 11
7.8135589763779523
 21
-3.0857385433070865
 31
0
  0
LINE
  5
5C7
330
1A
100
AcDbEntity
  8
User.1
  6
CONTINUOUS
100
AcDbLine
 10
7.8135589763779523
 20
-3.0857385433070865
 30
0
 11
7.800607086614173
 21
-3.8277514566929134
 31
0
  0
LINE
  5
5C8
330
1A
100
AcDbEntity
  8
User.1
  6
CONTINUOUS
100
AcDbLine
 10
7.0507213385826768
 20
-3.8146621653543304
 30
0
 11
7.7927342913385829
 21
-3.8276140551181101
 31
0
  0
LINE
  5
5C9
330
1A
100
AcDbEntity
  8
User.1
  6
CONTINUOUS
100
AcDbLine
 10
7.7927342913385829
 20
-3.8276140551181101
 30
0
 11
7.8056861811023621
 21
-3.0856011023622045
 31
0
  0
LINE
  5
5CA
330
1A
100
AcDbEntity
  8
User.1
  6
CONTINUOUS
100
AcDbLine
 10
7.8056861811023621
 20
-3.0856011023622045
 30
0
 11
7.0636732283464569
 21
-3.0726492125984253
 31
0
  0
LINE
  5
5CB
330
1A
100
AcDbEntity
  8
User.1
  6
CONTINUOUS
100
AcDbLine
 10
7.0636732283464569
 20
-3.0726492125984253
 30
0
 11
7.0507213385826768
 21
-3.8146621653543304
 31
0
  0
LINE
  5
5CC
330
1A
100
AcDbEntity
  8
User.1
  6
CONTINUOUS
100
AcDbLine
 10
5.3169757480314956
 20
-3.0590381496062991
 30
0
 11
5.3214617322834643
 21
-3.0616281102362204
 31
0
  0
LINE
  5
5CD
330
1A
100
AcDbEntity
  8
User.1
  6
CONTINUOUS
100
AcDbLine
 10
5.3214617322834643
 20
-3.0616281102362204
 30
0
 11
5.3251244881889761
 21
-3.0652908661417322
 31
0
  0
LINE
  5
5CE
330
1A
100
AcDbEntity
  8
User.1
  6
CONTINUOUS
100
AcDbLine
 10
5.3251244881889761
 20
-3.0652908661417322
 30
0
 11
5.3277144488188979
 21
-3.0697768503937009
 31
0
  0
LINE
  5
5CF
330
1A
100
AcDbEntity
  8
User.1
  6
CONTINUOUS
100
AcDbLine
 10
5.3277144488188979
 20
-3.0697768503937009
 30
0
 11
5.3290551181102357
 21
-3.0747802755905509
 31
0
  0
LINE
  5
5D0
330
1A
100
AcDbEntity
  8
User.1
  6
CONTINUOUS
100
AcDbLine
 10
5.3290551181102357
 20
-3.0747802755905509
 30
0
 11
5.3290551181102357
 21
-3.0799601968503936
 31
0
  0
LINE
  5
5D1
330
1A
100
AcDbEntity
  8
User.1
  6
CONTINUOUS
100
AcDbLine
 10
5.3290551181102357
 20
-3.0799601968503936
 30
0
 11
5.3277144488188979
 21
-3.0849636220472441
 31
0
  0
LINE
  5
5D2
330
1A
100
AcDbEntity
  8
User.1
  6
CONTINUOUS
100
AcDbLine
 10
5.3277144488188979
 20
-3.0849636220472441
 30
0
 11
5.3251244881889761
 21
-3.0894496062992127
 31
0
  0
LINE
  5
5D3
330
1A
100
AcDbEntity
  8
User.1
  6
CONTINUOUS
100
AcDbLine
 10
5.3251244881889761
 20
-3.0894496062992127
 30
0
 11
5.3214617322834643
 21
-3.0931123622047245
 31
0
  0
LINE
  5
5D4
330
1A
100
AcDbEntity
  8
User.1
  6
CONTINUOUS
100
AcDbLine
 10
5.3214617322834643
 20
-3.0931123622047245
 30
0
 11
5.3169757480314956
 21
-3.0957023228346454
 31
0
  0
LINE
  5
5D5
330
1A
100
AcDbEntity
  8
User.1
  6
CONTINUOUS
100
AcDbLine
 10
5.3169757480314956
 20
-3.0957023228346454
 30
0
 11
5.3119723228346452
 21
-3.0970429921259841
 31
0
  0
LINE
  5
5D6
330
1A
100
AcDbEntity
  8
User.1
  6
CONTINUOUS
100
AcDbLine
 10
5.3119723228346452
 20
-3.0970429921259841
 30
0
 11
5.3067924015748034
 21
-3.0970429921259841
 31
0
  0
LINE
  5
5D7
330
1A
100
AcDbEntity
  8
User.1
  6
CONTINUOUS
100
AcDbLine
 10
5.3067924015748034
 20
-3.0970429921259841
 30
0
 11
5.3017889763779529
 21
-3.0957023228346454
 31
0
  0
LINE
  5
5D8
330
1A
100
AcDbEntity
  8
User.1
  6
CONTINUOUS
100
AcDbLine
 10
5.3017889763779529
 20
-3.0957023228346454
 30
0
 11
5.2973029921259842
 21
-3.0931123622047245
 31
0
  0
LINE
  5
5D9
330
1A
100
AcDbEntity
  8
User.1
  6
CONTINUOUS
100
AcDbLine
 10
5.2973029921259842
 20
-3.0931123622047245
 30
0
 11
5.2936402362204724
 21
-3.0894496062992127
 31
0
  0
LINE
  5
5DA
330
1A
100
AcDbEntity
  8
User.1
  6
CONTINUOUS
100
AcDbLine
 10
5.2936402362204724
 20
-3.0894496062992127
 30
0
 11
5.2910502755905506
 21
-3.0849636220472441
 31
0
  0
LINE
  5
5DB
330
1A
100
AcDbEntity
  8
User.1
  6
CONTINUOUS
100
AcDbLine
 10
5.2910502755905506
 20
-3.0849636220472441
 30
0
 11
5.2897096062992128
 21
-3.0799601968503936
 31
0
  0
LINE
  5
5DC
330
1A
100
AcDbEntity
  8
User.1
  6
CONTINUOUS
100
AcDbLine
 10
5.2897096062992128
 20
-3.0799601968503936
 30
0
 11
5.2897096062992128
 21
-3.0747802755905509
 31
0
  0
LINE
  5
5DD
330
1A
100
AcDbEntity
  8
User.1
  6
CONTINUOUS
100
AcDbLine
 10
5.2897096062992128
 20
-3.0747802755905509
 30
0
 11
5.2910502755905506
 21
-3.0697768503937009
 31
0
  0
LINE
  5
5DE
330
1A
100
AcDbEntity
  8
User.1
  6
CONTINUOUS
100
AcDbLine
 10
5.2910502755905506
 20
-3.0697768503937009
 30
0
 11
5.2936402362204724
 21
-3.0652908661417322
 31
0
  0
LINE
  5
5DF
330
1A
100
AcDbEntity
  8
User.1
  6
CONTINUOUS
100
AcDbLine
 10
5.2936402362204724
 20
-3.0652908661417322
 30
0
 11
5.2973029921259842
 21
-3.0616281102362204
 31
0
  0
LINE
  5
5E0
330
1A
100
AcDbEntity
  8
User.1
  6
CONTINUOUS
100
AcDbLine
 10
5.2973029921259842
 20
-3.0616281102362204
 30
0
 11
5.3017889763779529
 21
-3.0590381496062991
 31
0
  0
LINE
  5
5E1
330
1A
100
AcDbEntity
  8
User.1
  6
CONTINUOUS
100
AcDbLine
 10
5.3017889763779529
 20
-3.0590381496062991
 30
0
 11
5.3067924015748034
 21
-3.0576974803149604
 31
0
  0
LINE
  5
5E2
330
1A
100
AcDbEntity
  8
User.1
  6
CONTINUOUS
100
AcDbLine
 10
5.3067924015748034
 20
-3.0576974803149604
 30
0
 11
5.3119723228346452
 21
-3.0576974803149604
 31
0
  0
LINE
  5
5E3
330
1A
100
AcDbEntity
  8
User.1
  6
CONTINUOUS
100
AcDbLine
 10
5.3119723228346452
 20
-3.0576974803149604
 30
0
 11
5.3169757480314956
 21
-3.0590381496062991
 31
0
  0
ENDSEC
  0
SECTION
  2
OBJECTS
  0
DICTIONARY
  5
20
330
0
100
AcDbDictionary
281
1
  3
ACAD_GROUP
350
5E4
  3
ACAD_LAYOUT
350
21
  3
ACAD_PLOTSTYLENAME
350
11
  0
DICTIONARY
  5
5E4
330
20
100
AcDbDictionary
281
1
  0
ACDBDICTIONARYWDFLT
  5
11
330
20
100
AcDbDictionary
281
1
  3
Normal
350
10
100
AcDbDictionaryWithDefault
340
10
  0
ACDBPLACEHOLDER
  5
10
330
11
  0
DICTIONARY
  5
21
330
20
100
AcDbDictionary
281
1
  3
Model
350
1D
  3
Layout1
350
1E
  3
Layout2
350
1F
  0
LAYOUT
  5
1D
330
21
100
AcDbPlotSettings
  1

  2
none_device
  4
A3
  6

 40
0.0
 41
0.0
 42
0.0
 43
0.0
 44
420.0
 45
297.0
 46
0.0
 47
0.0
 48
0.0
 49
0.0
140
0.0
141
0.0
142
1.0
143
1.0
 70
1024
 72
1
 73
0
 74
5
  7

 75
16
 76
0
 77
2
 78
300
147
1.0
148
0.0
149
0.0
100
AcDbLayout
  1
Model
 70
1
 71
0
 10
0.0
 20
0.0
 11
420.0
 21
297.0
 12
0.0
 22
0.0
 32
0.0
 14
1e+20
 24
1e+20
 34
1e+20
 15
-1e+20
 25
-1e+20
 35
-1e+20
146
0.0
 13
0.0
 23
0.0
 33
0.0
 16
1.0
 26
0.0
 36
0.0
 17
0.0
 27
1.0
 37
0.0
 76
0
330
1A
  0
LAYOUT
  5
1E
330
21
100
AcDbPlotSettings
  1

  2
none_device
  4
A3
  6

 40
0.0
 41
0.0
 42
0.0
 43
0.0
 44
420.0
 45
297.0
 46
0.0
 47
0.0
 48
0.0
 49
0.0
140
0.0
141
0.0
142
1.0
143
1.0
 70
0
 72
1
 73
0
 74
5
  7

 75
16
 76
0
 77
2
 78
300
147
1.0
148
0.0
149
0.0
100
AcDbLayout
  1
Layout1
 70
1
 71
1
 10
0.0
 20
0.0
 11
420.0
 21
297.0
 12
0.0
 22
0.0
 32
0.0
 14
1e+20
 24
1e+20
 34
1e+20
 15
-1e+20
 25
-1e+20
 35
-1e+20
146
0.0
 13
0.0
 23
0.0
 33
0.0
 16
1.0
 26
0.0
 36
0.0
 17
0.0
 27
1.0
 37
0.0
 76
0
330
1B
  0
LAYOUT
  5
1F
330
21
100
AcDbPlotSettings
  1

  2
none_device
  4
A3
  6

 40
0.0
 41
0.0
 42
0.0
 43
0.0
 44
420.0
 45
297.0
 46
0.0
 47
0.0
 48
0.0
 49
0.0
140
0.0
141
0.0
142
1.0
143
1.0
 70
0
 72
1
 73
0
 74
5
  7

 75
16
 76
0
 77
2
 78
300
147
1.0
148
0.0
149
0.0
100
AcDbLayout
  1
Layout2
 70
1
 71
2
 10
0.0
 20
0.0
 11
420.0
 21
297.0
 12
0.0
 22
0.0
 32
0.0
 14
1e+20
 24
1e+20
 34
1e+20
 15
-1e+20
 25
-1e+20
 35
-1e+20
146
0.0
 13
0.0
 23
0.0
 33
0.0
 16
1.0
 26
0.0
 36
0.0
 17
0.0
 27
1.0
 37
0.0
 76
0
330
1C
  0
ENDSEC
  0
EOF
